Unnamed: 0,Unnamed: 1,Unnamed: 2,Unnamed: 3,Shares,Unnamed: 5,Exercise Price,Exercise Price.1,Unnamed: 8,Amount,Amount.1,Unnamed: 11
"Balances, March 31, 1997","Balances, March 31, 1997","Balances, March 31, 1997",,1206118,,$,4.10-10.00,,$,8438319,
,Warrants issued in a private placement expiring June 2002,Warrants issued in a private placement expiring June 2002,,295698,,,2.50-3.55,,,1044476,
,Warrants issued in a private placement expiring September 2002,Warrants issued in a private placement expiring September 2002,,90000,,,4.25-5.50,,,450000,
,Warrants issued in a private placement expiring October 2002,Warrants issued in a private placement expiring October 2002,,350000,,,12.50,,,4375000,
,Warrants issued for services expiring September 2002,Warrants issued for services expiring September 2002,,26049,,,5.50,,,143267,
,Warrants canceled or expired,Warrants canceled or expired,,"(115,151",),,10.00,,,"(1,151,505",)
,,,,,,,,,,,
"Balances, March 31, 1998","Balances, March 31, 1998","Balances, March 31, 1998",,1852714,,,2.50-12.50,,,13299557,
,Warrants issued in 10% reload expiring March 2003,Warrants issued in 10% reload expiring March 2003,,29570,,,6.75,,,199302,
,Warrants exercised,Warrants exercised,,"(618,012",),,2.50-5.00,,,"(2,642,221",)
,,,,,,,,,,,
"Balances, March 31, 1999","Balances, March 31, 1999","Balances, March 31, 1999",,1264272,,,2.50-12.50,,,10856638,
,"Warrants issued in connection with the Modification of the Elan Agreement, expiring June 2006","Warrants issued in connection with the Modification of the Elan Agreement, expiring June 2006",,774000,,,3.13-7.50,,,5735000,
,Warrants issued in connection with equity transactions,Warrants issued in connection with equity transactions,,12000,,,2.80-8.36,,,75926,
,Warrants exercised,Warrants exercised,,"(371,298",),,2.80-12.50,,,"(3,172,820",)
,,,,,,,,,,,
"Balances, March 31, 2000","Balances, March 31, 2000","Balances, March 31, 2000",,1678974,,$,2.50-8.36,,$,13494744,
,,,,,,,,,,,
