0,1,2,3
Property Sold,Sales Price,Book Value & Sales Costs,Gain
,,,
Fiscal 2000,,,
"Superpumper - - Grand Forks, ND","$485,000","$398,521","$86,479"
"Superpumper - - Crookston, MN",428000,338097,89903
"Superpumper - - Langdon, ND",239000,174648,64352
"Superpumper - - Sydney, MT",120000,102839,17161
"Mandan Apartments - Mandan, ND",325000,249388,75612
"Sweetwater Apartments - Devils Lake, ND",480000,144697,335303
"Hutchinson Technology - Hutchinson, MN",5200000,4090997,1109003
"Jenner 18-Plex - Devils Lake, ND",340000,354009,-14009
"Virginia Apartments - Minot, ND",165000,175308,-10308
Installment Sales,,,1000
Total Fiscal 2000 Gain,,,"$1,754,496"
