0,1,2,3,4,5,6,7,8,9,10
ITEM 6. SELECTED FINANCIAL DATA,ITEM 6. SELECTED FINANCIAL DATA,ITEM 6. SELECTED FINANCIAL DATA,ITEM 6. SELECTED FINANCIAL DATA,ITEM 6. SELECTED FINANCIAL DATA,ITEM 6. SELECTED FINANCIAL DATA,ITEM 6. SELECTED FINANCIAL DATA,ITEM 6. SELECTED FINANCIAL DATA,ITEM 6. SELECTED FINANCIAL DATA,ITEM 6. SELECTED FINANCIAL DATA,ITEM 6. SELECTED FINANCIAL DATA
"(In thousands, except per share amounts)",,Years Ended,Years Ended,Years Ended,Years Ended,Years Ended,Years Ended,Years Ended,Years Ended,Years Ended
,,"June 30,",,"July 2,",,"July 3,",,"June 27,",,"June 28,"
Consolidated results of operations data (1),,2000,,1999,,1998 (3),,1997,,1996
,,,,,,,,,,
Net sales,,"$644,488",,"$660,248",,"$657,169",,"$670,545",,"$675,417"
Gross profit,,195774,,199494,,205538,,222739,,225788
"Marketing, selling and administrative",,,,,,,,,,
expenses,,144895,,147027,,155998,,162504,,172847
Research and development expenses,,18914,,21075,,17919,,17483,,16265
Amortization of goodwill and other intangibles,,9424,,8589,,8440,,8273,,8686
Re-engineering expenses and merger costs,,-,,-,,29016,,-,,65152
Operating income (loss),,22541,,22803,,"(5,835)",,34479,,"(37,162)"
Interest expense,,16094,,16486,,15222,,14774,,16687
Income (loss) before taxes,,8472,,8269,,"(11,802)",,23477,,"(51,749)"
Net income (loss),,"$ 4,127",,"$ 4,498",,"$(12,010)",,"$ 12,114",,"$(40,378)"
,,,,,,,,,,
Basic earnings (loss) per share,,$ 0.19,,$ 0.20,,$( 0.55),,$ 0.56,,$( 1.89)
,,,,,,,,,,
Weighted average shares outstanding,,22239,,22195,,22001,,21656,,21391
,,,,,,,,,,
Diluted earnings (loss) per share,,$ 0.18,,$ 0.20,,$( 0.55),,$ 0.56,,$( 1.89)
,,,,,,,,,,
Weighted average number of shares assuming dilution,,22439,,22253,,22001,,21933,,21391
,,,,,,,,,,
Consolidated balance sheet data (1),,,,,,,,,,
,,,,,,,,,,
Working capital,,"$108,464",,"$120,087",,"$107,579",,"$103,087",,"$107,193"
Total assets,,543789,,607190,,616305,,615731,,624578
"Long-term debt, including current installments",,149121,,205838,,191782,,193812,,213517
Stockholders' equity (2),,"$265,018",,"$266,998",,"$272,660",,"$283,692",,"$263,281"
"(1) All financial data has been restated  to reflect the 1998 acquisition of Sentient Systems, Inc., accounted for  as pooling of interests.  (2) We did not declare cash dividends for the years 1996  through 2000.  (3) Fiscal year 1998 contained 53 weeks.","(1) All financial data has been restated  to reflect the 1998 acquisition of Sentient Systems, Inc., accounted for  as pooling of interests.  (2) We did not declare cash dividends for the years 1996  through 2000.  (3) Fiscal year 1998 contained 53 weeks.","(1) All financial data has been restated  to reflect the 1998 acquisition of Sentient Systems, Inc., accounted for  as pooling of interests.  (2) We did not declare cash dividends for the years 1996  through 2000.  (3) Fiscal year 1998 contained 53 weeks.","(1) All financial data has been restated  to reflect the 1998 acquisition of Sentient Systems, Inc., accounted for  as pooling of interests.  (2) We did not declare cash dividends for the years 1996  through 2000.  (3) Fiscal year 1998 contained 53 weeks.","(1) All financial data has been restated  to reflect the 1998 acquisition of Sentient Systems, Inc., accounted for  as pooling of interests.  (2) We did not declare cash dividends for the years 1996  through 2000.  (3) Fiscal year 1998 contained 53 weeks.","(1) All financial data has been restated  to reflect the 1998 acquisition of Sentient Systems, Inc., accounted for  as pooling of interests.  (2) We did not declare cash dividends for the years 1996  through 2000.  (3) Fiscal year 1998 contained 53 weeks.","(1) All financial data has been restated  to reflect the 1998 acquisition of Sentient Systems, Inc., accounted for  as pooling of interests.  (2) We did not declare cash dividends for the years 1996  through 2000.  (3) Fiscal year 1998 contained 53 weeks.","(1) All financial data has been restated  to reflect the 1998 acquisition of Sentient Systems, Inc., accounted for  as pooling of interests.  (2) We did not declare cash dividends for the years 1996  through 2000.  (3) Fiscal year 1998 contained 53 weeks.","(1) All financial data has been restated  to reflect the 1998 acquisition of Sentient Systems, Inc., accounted for  as pooling of interests.  (2) We did not declare cash dividends for the years 1996  through 2000.  (3) Fiscal year 1998 contained 53 weeks.","(1) All financial data has been restated  to reflect the 1998 acquisition of Sentient Systems, Inc., accounted for  as pooling of interests.  (2) We did not declare cash dividends for the years 1996  through 2000.  (3) Fiscal year 1998 contained 53 weeks.","(1) All financial data has been restated  to reflect the 1998 acquisition of Sentient Systems, Inc., accounted for  as pooling of interests.  (2) We did not declare cash dividends for the years 1996  through 2000.  (3) Fiscal year 1998 contained 53 weeks."
