0,1,2,3,4,5
KEY OPERATING RATIOS:,"At or For the Year Ended June 30,","At or For the Year Ended June 30,","At or For the Year Ended June 30,","At or For the Year Ended June 30,","At or For the Year Ended June 30,"
,(In thousands),(In thousands),(In thousands),(In thousands),(In thousands)
,2000,1999,1998,1997,1996
Return on assets (net income divided by  average assets),.77%,1.02%,.67%,.65%,.93%
Return on average equity (net income  divided by average equity),5.98,7.30,4.06,4.09,5.48
Average equity to average assets,12.84,14.01,16.40,16.01,17.05
Interest rate spread (spread between  weighted average rate on all interest-  earning assets and all interest-  bearing liabilities),2.69,2.76,2.67,2.51,2.29
Net interest margin (net interest  income as a percentage of average  interest-earning assets),3.22,3.32,3.39,3.25,3.09
Noninterest expense to average  assets,2.16,2.29,2.29,2.46,2.01
Average interest-earning assets to  interest-bearing liabilities,112.78,114.15,117.76,118.32,119.42
Allowance for loan losses to total  loans at end of period,.91,.99,1.07,.64,.63
Allowance for loan losses to  nonperforming loans,237.79,658.09,243.01,51.19,114.94
Net charge offs to average out-  standing loans during the period,.10,.29,.17,.16,.01
Ratio of nonperforming assets  to total assets,.59,.64,.98,.89,.38
Dividend payout ratio,48.53,39.95,72.29,73.06,52.17
