0,1,2,3,4,5,6,7
,Common Stock,Additional Paid-inCapital,Retained Earnings,Treasury Stock,Unearned EmployeeBenefits,Accumulated Other Comprehensive Income,Total Stockholders' Equity
"Balance at June 30, 1997","$ 18,032",17579778,12476753,"(2,680,183)","(993,528)",(609),26400243
,,,,,,,
Net income,,,1064463,,,,1064463
Change in unrealized  gain (loss) on available for sale securities,,,,,,"(30,770)","(30,770)"
Minimum pension liability  adjustment,,,,,,3575,3575
Total comprehensive income,,,,,,,1037268
,,,,,,,
Purchase of treasury stock,,,,"(3,314,645)",,,"(3,314,645)"
Dividends paid ($.50 per share),,,"(769,485)",,,,"(769,485)"
Release of ESOP awards,,195480,,,204046,,399526
"MRP expense, net",,52000,,,123658,,175658
Exercise of stock options,,"(198,500)",,381820,,,183320
"Balance at June 30, 1998",18032,17628758,12771731,"(5,613,008)","(665,824)","(27,804)",24111885
,,,,,,,
Net income,,,1644764,,,,1644764
Change in unrealized gain (loss) on available for sale securities,,,,,,"(355,788)","(355,788)"
"Cumulative effect of  change in accounting principle, net of tax (Note 1)",,,,,,132713,132713
Total comprehensive income,,,,,,,1421689
,,,,,,,
Purchase of treasury stock,,,,"(2,803,903)",,,"(2,803,903)"
Dividends paid ($.50 per share),,,"(657,007)",,,,"(657,007)"
Release of ESOP awards,,52250,,,83261,,135511
"MRP expense, net",,16800,,,66309,,83109
MRP shares awarded,,14814,,,"(14,814)",,-
Exercise of stock options,,"(167,078)",,505256,,,338178
"Balance at June 30, 1999",18032,17545544,13759488,"7,911,655)","(531,068)","(250,879)",22629462
,,,,,,,
Net income,,,1320169,,,,1320169
,,,,,,,
Change in unrealized  gain (loss) on available for sale securities,,,,,,"(379,077)","(379,077)"
Total comprehensive income,,,,,,,941092
Purchase of treasury stock,,,,,"(1,762,530)",,"(1,762,530)"
Dividends paid ($.50 per share),,,,"(640,700)",,,"(640,700)"
Release of ESOP awards,,,23023,,,84021,107044
"MRP expense, net",,,,,,20210,20210
MRP shares awarded,,,9750,,,"(9,750)",-
Exercise of stock options,,"(60,483)",,222492,,,162009
"Balance at June 30, 2000","$ 18,032 ========","17,517,834 ========","14,438,957 ========","(9,451,693) ========","(436,587) ========","(629,956) ========","21,456,587 ========"
