0,1,2,3,4,5,6,7,8,9,10
,,,,,,,,,,
,,,,,,Year First,Year First,Year First,,
,,,,,,Elected a,Elected a,Elected a,,Principal Occupations During Last Five Years; Other
Name,,Age,Age,Age,,Director,Director,Director,,Current Public Company Directorships and Activities
,,,,,,,,,,
Lawrence W. Clarkson,,,62,,,,1998,,,"Retired Senior Vice President of The Boeing Company (April 	1994  February 1999) and President, Boeing 	Enterprises (January 1997  February 1999), a 	manufacturer of aerospace, aviation and defense products. 	Director of Atlas Air, Inc., NV Interturbine and the National 	Association of Manufacturers. Chairman of the U.S. Pacific 	Basin Economic Council and Vice Chairman of The National Bureau 	of Asian Research."
,,,,,,,,,,
,,,,,,,,,,
,,,,,,,,,,
,,,,,,,,,,
,,,,,,,,,,
Ehud Houminer,,,60,,,,1993,,,"Professor and Executive-in-Residence at Columbia Business School,  Columbia University, New York, NY and (since January 1996) a 	principal of Lear, Yavitz and Associates, a management consulting  firm; also a Director of various Dreyfus mutual funds, Tescom 	(USA) Testing Services, Inc. and Supersol Ltd."
,,,,,,,,,,
,,,,,,,,,,
,,,,,,,,,,
,,,,,,,,,,
,,,,,,,,,,
James A. Lawrence,,,47,,,,1999,,,"Executive Vice President and Chief Financial Officer of General 	Mills since October 1998, a consumer foods company; prior 	thereto, Executive Vice President and Chief Financial Officer of 	Northwest Airlines (1996-1998); Chief Executive Officer of 	Pepsi-Cola Asia Middle East Africa Group (1992-1996); Director of  Trans Technology Corporation, Intuitive Surgical, Inc. and Fair 	Air.com, Inc."
,,,,,,,,,,
,,,,,,,,,,
,,,,,,,,,,
,,,,,,,,,,
,,,,,,,,,,
Salvatore J. Nuzzo,,,69,,,,1982,,,"Chairman and CEO (since May 1996) of Datron Inc., a manufacturer 	of aerospace and defense products; also Chairman of the Board 	(since March 1994) of Marine Mechanical Corp., a manufacturer of 	defense products. Chairman of the Board of SL Industries, Inc., a  manufacturer of industrial/communications products (March 1988 	to May 1998)."
,,,,,,,,,,
,,,,,,,,,,
,,,,,,,,,,
,,,,,,,,,,
,,,,,,,,,,
Ray M. Robinson,,,52,,,,2000,,,"President of AT&T Southern Region of the Consumer Long 	Distance Division; Former President and Chief Executive Officer 	of AT&T Tridom (1993-1995), a leading manufacturer of very 	small aperture terminals used in satellite data transmission; and  Director of National Services Industries and Citizens Trust 	Bank."
