0,1,2,3,4,5,6,7,8,9,10,11
,,,,,,,,,,,
,,,,,,,,,,,
,,,,,June 30,June 30,June 30,June 30,June 30,June 30,June 30
,,,,,,,,,,,
,,,,,1999,1999,1999,,2000,2000,2000
,,,,,,,,,,,
Assets,Assets,Assets,Assets,,,,,,,,
,,,,,,,,,,,
,,,,,,,,,,,
,,,,,,,,,,,
,,,,,,,,,,,
Current Assets:,Current Assets:,Current Assets:,Current Assets:,,,,,,,,
,,,,,,,,,,,
,,,,,,,,,,,
,,,,,,,,,,,
,,,,,,,,,,,
,Cash and cash equivalents,Cash and cash equivalents,Cash and cash equivalents,,$,7684525,,,$,4018745,
,,,,,,,,,,,
,,,,,,,,,,,
,,,,,,,,,,,
,,,,,,,,,,,
,Accounts receivable,Accounts receivable,Accounts receivable,,,182728,,,,71022,
,,,,,,,,,,,
,,,,,,,,,,,
,,,,,,,,,,,
,,,,,,,,,,,
,Interest receivable,Interest receivable,Interest receivable,,,49753,,,,2342,
,,,,,,,,,,,
,,,,,,,,,,,
,,,,,,,,,,,
,,,,,,,,,,,
,Inventory,Inventory,Inventory,,,375497,,,,1295416,
,,,,,,,,,,,
,,,,,,,,,,,
,,,,,,,,,,,
,,,,,,,,,,,
,Prepaid expenses,Prepaid expenses,Prepaid expenses,,,4720,,,,12933,
,,,,,,,,,,,
,,,Total Current Assets,,,8297223,,,,5400458,
,,,,,,,,,,,
,,,,,,,,,,,
,,,,,,,,,,,
,,,,,,,,,,,
Property and Equipment:,Property and Equipment:,Property and Equipment:,Property and Equipment:,,,,,,,,
,,,,,,,,,,,
,,,,,,,,,,,
,,,,,,,,,,,
,,,,,,,,,,,
,Leasehold improvements,Leasehold improvements,Leasehold improvements,,,17202,,,,17202,
,,,,,,,,,,,
,,,,,,,,,,,
,,,,,,,,,,,
,,,,,,,,,,,
,Furniture and equipment,Furniture and equipment,Furniture and equipment,,,458999,,,,536175,
,,,,,,,,,,,
,,,,,,,,,,,
,,,,,,,,,,,
,,,,,,,,,,,
,Less accumulated depreciation,Less accumulated depreciation,Less accumulated depreciation,,,"(92,119",),,,"(191,469",)
,,,,,,,,,,,
,,,,,,384082,,,,361908,
,,,,,,,,,,,
,,,,,,,,,,,
,,,,,,,,,,,
,,,,,,,,,,,
"Patents, net of accumulated amortization of $21,605 and $28,405 	at June 30, 1999 and 2000, respectively","Patents, net of accumulated amortization of $21,605 and $28,405 	at June 30, 1999 and 2000, respectively","Patents, net of accumulated amortization of $21,605 and $28,405 	at June 30, 1999 and 2000, respectively","Patents, net of accumulated amortization of $21,605 and $28,405 	at June 30, 1999 and 2000, respectively",,,23800,,,,17000,
,,,,,,,,,,,
,,,,,,,,,,,
,,,,,,,,,,,
,,,,,,,,,,,
Other Assets,Other Assets,Other Assets,Other Assets,,,6730,,,,6730,
,,,,,,,,,,,
,,,Total Assets,,$,8711835,,,$,5786096,
,,,,,,,,,,,
Liabilities and Shareholders Equity,Liabilities and Shareholders Equity,Liabilities and Shareholders Equity,Liabilities and Shareholders Equity,,,,,,,,
,,,,,,,,,,,
,,,,,,,,,,,
,,,,,,,,,,,
,,,,,,,,,,,
Current Liabilities:,Current Liabilities:,Current Liabilities:,Current Liabilities:,,,,,,,,
,,,,,,,,,,,
,,,,,,,,,,,
,,,,,,,,,,,
,,,,,,,,,,,
,Accounts payable,Accounts payable,Accounts payable,,$,113397,,,$,167779,
,,,,,,,,,,,
,,,,,,,,,,,
,,,,,,,,,,,
,,,,,,,,,,,
,Accrued payroll and payroll taxes,Accrued payroll and payroll taxes,Accrued payroll and payroll taxes,,,98356,,,,250277,
,,,,,,,,,,,
,,,,,,,,,,,
,,,,,,,,,,,
,,,,,,,,,,,
,Other accrued expenses,Other accrued expenses,Other accrued expenses,,,10856,,,,2857,
,,,,,,,,,,,
,,,Total Current Liabilities,,,222609,,,,420913,
,,,,,,,,,,,
,,,,,,,,,,,
,,,,,,,,,,,
,,,,,,,,,,,
Shareholders Equity:,Shareholders Equity:,Shareholders Equity:,Shareholders Equity:,,,,,,,,
,,,,,,,,,,,
,,,,,,,,,,,
,,,,,,,,,,,
,,,,,,,,,,,
,"Preferred Stock, $.01 par value:","Preferred Stock, $.01 par value:","Preferred Stock, $.01 par value:",,,,,,,,
,,"Authorized shares  5,000,000","Authorized shares  5,000,000",,,,,,,,
,,,,,,,,,,,
,,,,,,,,,,,
,,,,,,,,,,,
,,,,,,,,,,,
,,Issued and outstanding shares  none,Issued and outstanding shares  none,,,,,,,,
,,,,,,,,,,,
,,,,,,,,,,,
,,,,,,,,,,,
,,,,,,,,,,,
,"Common Stock, $.01 par value:","Common Stock, $.01 par value:","Common Stock, $.01 par value:",,,,,,,,
,,"Authorized shares  25,000,000","Authorized shares  25,000,000",,,,,,,,
,,,,,,,,,,,
,,,,,,,,,,,
,,,,,,,,,,,
,,,,,,,,,,,
,,"Issued and outstanding shares  5,109,235 and 5,173,697 at 	June 30, 1999 and 2000, respectively","Issued and outstanding shares  5,109,235 and 5,173,697 at 	June 30, 1999 and 2000, respectively",,,51092,,,,51737,
,,,,,,,,,,,
,,,,,,,,,,,
,,,,,,,,,,,
,,,,,,,,,,,
,Additional paid-in capital,Additional paid-in capital,Additional paid-in capital,,,14083028,,,,14211307,
,,,,,,,,,,,
,,,,,,,,,,,
,,,,,,,,,,,
,,,,,,,,,,,
,Deferred compensation,Deferred compensation,Deferred compensation,,,"(154,550",),,,"(83,210",)
,,,,,,,,,,,
,,,,,,,,,,,
,,,,,,,,,,,
,,,,,,,,,,,
,Deficit accumulated during the development stage,Deficit accumulated during the development stage,Deficit accumulated during the development stage,,,"(5,490,344",),,,"(8,814,651",)
,,,,,,,,,,,
,,,Total Shareholders Equity,,,8489226,,,,5365183,
,,,,,,,,,,,
,,,Total Liabilities and Shareholders Equity,,$,8711835,,,$,5786096,
,,,,,,,,,,,
