0,1,2,3,4,5,6,7,8,9
,,,,,,,,,
(In Millions),(In Millions),,2000,2000,2000,,1999,1999,1999
,,,,,,,,,
Deferred tax assets:,Deferred tax assets:,,,,,,,,
,,,,,,,,,
,,,,,,,,,
,,,,,,,,,
,,,,,,,,,
,Foreign net operating loss carryforwards,,$,.8,,,$,1.1,
,,,,,,,,,
,,,,,,,,,
,,,,,,,,,
,,,,,,,,,
,Book over tax loss on sale of fixed assets,,,6.1,,,,6.8,
,,,,,,,,,
,,,,,,,,,
,,,,,,,,,
,,,,,,,,,
,Compensation-related accruals,,,11.6,,,,16.7,
,,,,,,,,,
,,,,,,,,,
,,,,,,,,,
,,,,,,,,,
,Accrued pension and postretirement benefit obligations,,,18.6,,,,19.1,
,,,,,,,,,
,,,,,,,,,
,,,,,,,,,
,,,,,,,,,
,Reserves for inventory,,,5.0,,,,4.0,
,,,,,,,,,
,,,,,,,,,
,,,,,,,,,
,,,,,,,,,
,Reserves for uncollectible accounts and notes receivable,,,3.4,,,,4.5,
,,,,,,,,,
,,,,,,,,,
,,,,,,,,,
,,,,,,,,,
,Other,,,29.2,,,,30.7,
,,,,,,,,,
,,,,,,,,,
,,,,,,,,,
,,,,,,,,,
,Valuation allowance,,,(.8,),,,(1.1,)
,,,,,,,,,
,,,$,73.9,,,$,81.8,
,,,,,,,,,
Deferred tax liabilities:,Deferred tax liabilities:,,,,,,,,
,,,,,,,,,
,,,,,,,,,
,,,,,,,,,
,,,,,,,,,
,Book basis in property in excess of tax basis,,$,(13.7,),,$,(19.1,)
,,,,,,,,,
,,,,,,,,,
,,,,,,,,,
,,,,,,,,,
,Capitalized software costs,,,(22.1,),,,(15.6,)
,,,,,,,,,
,,,,,,,,,
,,,,,,,,,
,,,,,,,,,
,Prepaid employee benefits,,,(2.9,),,,(3.1,)
,,,,,,,,,
,,,,,,,,,
,,,,,,,,,
,,,,,,,,,
,Other,,,(8.7,),,,(15.9,)
,,,,,,,,,
,,,$,(47.4,),,$,(53.7,)
,,,,,,,,,
