Unnamed: 0_level_0,Unnamed: 1_level_0,Options Outstanding,Options Outstanding,Options Outstanding,Options Outstanding,Options Outstanding,Options Outstanding,Unnamed: 8_level_0,Unnamed: 9_level_0,Unnamed: 10_level_0,Unnamed: 11_level_0,Unnamed: 12_level_0
Unnamed: 0_level_1,Unnamed: 1_level_1,Options Outstanding,Options Outstanding,Options Outstanding,Options Outstanding,Options Outstanding,Options Outstanding,Unnamed: 8_level_1,Options Exercisable,Options Exercisable,Options Exercisable,Options Exercisable
Unnamed: 0_level_2,Unnamed: 1_level_2,Unnamed: 2_level_2,Unnamed: 3_level_2,Weighted Average Remaining Contractual Life,Unnamed: 5_level_2,Unnamed: 6_level_2,Unnamed: 7_level_2,Unnamed: 8_level_2,Options Exercisable,Options Exercisable,Options Exercisable,Options Exercisable
Range of Exercise Prices,Unnamed: 1_level_3,Number Outstanding at 6/30/2000,Unnamed: 3_level_3,Weighted Average Remaining Contractual Life,Unnamed: 5_level_3,Weighted Average Exercise Price,Weighted Average Exercise Price,Unnamed: 8_level_3,Number Exercisable at 6/30/2000,Unnamed: 10_level_3,Weighted Average Exercise Price,Weighted Average Exercise Price
Employee Plan,,,,,,,,,,,,
$ .30 to $ .50,,460000.0,,2.5 years,,$,0.48,,305750.0,,$,0.47
$ .51 to $ .63,,671000.0,,4.9 years,,$,0.59,,71500.0,,$,0.58
$1.28 to $2.31,,14000.0,,5.8 years,,$,1.7,,,,,
Directors' Plan,,,,,,,,,,,,
$ .50,,200000.0,,2.5 years,,$,0.5,,200000.0,,$,0.5
