0,1,2,3
,"June 30, 2000",,"July 2,  1999"
Assets,,,
Current assets:,,,
Cash and cash equivalents,"$ 19,863",,"$ 1,485"
"Trade receivables, net of allowance for doubtful",,,
"accounts of $3,873 and $4,971, respectively",122406,,127374
"Installment receivables, net",4845,,23068
Income tax refunds receivable,357,,523
Inventories,67413,,87941
Deferred income taxes,10847,,15435
Other current assets,3799,,6745
Total current assets,229530,,262571
"Property and equipment, net of accumulated depreciation  amortization of $95,756 and $90,511, respectively",67259,,83560
"Goodwill and other intangible assets, net of accumulated  amortization of $68,704 and $59,280, respectively",237333,,250650
"Other assets, net",9667,,10409
Total assets,"$543,789",,"$607,190"
,,,
Liabilities and Stockholders' Equity,,,
Current liabilities:,,,
Current installments of long-term debt,$ 859,,"$ 14,890"
Trade accounts payable,54841,,57879
Accrued compensation and other liabilities,63266,,68913
Accrued income taxes,2100,,802
Total current liabilities,121066,,142484
,,,
"Long-term debt, less current installments",148262,,190948
Other long-term liabilities,6502,,-
Deferred income taxes,2941,,6760
Stockholders' equity:,,,
"Preferred stock, $1 par. Authorized 5,000 shares; none issued",-,,-
"Common stock, $1 par. Authorized 40,000 shares; 22,248 and",,,
"22,204 shares, respectively, issued and outstanding",22248,,22204
Additional paid-in capital,203664,,203548
Retained earnings,55619,,51492
Accumulative other comprehensive loss,"(16,513)",,"(10,246)"
Total stockholders' equity,265018,,266998
Total liabilities and stockholders' equity,"$543,789",,"$607,190"
