Unnamed: 0_level_0,Unnamed: 1_level_0,"Year Ended June 30,","Year Ended June 30,","Year Ended June 30,","Year Ended June 30,","Year Ended June 30,"
(in thousands of dollars),Unnamed: 1_level_1,2000,Unnamed: 3_level_1,1999,Unnamed: 5_level_1,1998
Income realized from customer warrants (1),,"$11,830",,"$ 1,740",,$ 696
Medical receivables fees,,5388,,4661,,3752
Consulting and advisory fees,,4188,,3774,,172
Late fees,,3296,,1917,,1561
Net service fee income,,2102,,3135,,2317
Contract fees and penalties,,1118,,1234,,434
Preferred stock dividends received on investments,,725,,134,,225
Commitment and referral fees,,595,,524,,105
Gains from asset disposals,,584,,201,,350
Contract placement fees,,350,,174,,352
Miscellaneous,,280,,2513,,1059
,,,,,,
Total other income,,"$30,456",,"$20,007",,"$11,023"
,,,,,,
