Unnamed: 0,Unnamed: 1,Unnamed: 2,Unnamed: 3,"April 30, 2000","April 30, 2000.1",Unnamed: 6,"December 31, 1999","December 31, 1999.1",Unnamed: 9,"December 31, 1998","December 31, 1998.1",Unnamed: 12
Assets:,Assets:,Assets:,,,,,,,,,,
,Allowance for doubtful accounts,Allowance for doubtful accounts,,$,20000,,$,15108,,$,,
,Accrued vacation,Accrued vacation,,,18000,,,13716,,,,
,Capital leases,Capital leases,,,47000,,,40100,,,,
,Goodwill,Goodwill,,,119000,,,121296,,,127924,
,,,,,,,,,,,,
,,,,,204000,,,190220,,,127924,
Liabilities:,Liabilities:,Liabilities:,,,,,,,,,,
,Depreciation,Depreciation,,,"(149,000",),,"(174,946",),,"(261,602",)
,,,,,,,,,,,,
Net deferred tax asset (liability),Net deferred tax asset (liability),Net deferred tax asset (liability),,$,55000,,$,15274,,$,"(133,678",)
,,,,,,,,,,,,
