Unnamed: 0_level_0,Unnamed: 1_level_0,Unnamed: 2_level_0,Unnamed: 3_level_0,Years ended,Years ended,Years ended,Years ended,Years ended,Years ended,Years ended,Years ended,Unnamed: 12_level_0
Unnamed: 0_level_1,Unnamed: 1_level_1,Unnamed: 2_level_1,Unnamed: 3_level_1,"July 1, 2000","July 1, 2000.1",Unnamed: 6_level_1,"July 3, 1999","July 3, 1999.1",Unnamed: 9_level_1,"June 27, 1998","June 27, 1998.1",Unnamed: 12_level_1
Net sales,Net sales,Net sales,,$,17511,,$,17270,,$,17426,
,,,,,,,,,,,,
Cost of sales,Cost of sales,Cost of sales,,,10100,,,9879,,,10128,
"Selling, general and administrative expenses","Selling, general and administrative expenses","Selling, general and administrative expenses",,,5668,,,5741,,,5615,
Interest expense,Interest expense,Interest expense,,,252,,,237,,,224,
Interest income,Interest income,Interest income,,,(76,),,(96,),,(48,)
Unusual items,Unusual items,Unusual items,,,,,,,,,,
,Product recall,Product recall,,,,,,76,,,,
,Gain on sale of business,Gain on sale of business,,,,,,(137,),,,
,Restructuring charge,Restructuring charge,,,,,,,,,2038,
,,,,,,,,,,,,
,,,,,15944,,,15700,,,17957,
,,,,,,,,,,,,
Income (loss) from continuing operations before income taxes,Income (loss) from continuing operations before income taxes,Income (loss) from continuing operations before income taxes,,,1567,,,1570,,,(531,)
Income taxes,Income taxes,Income taxes,,,409,,,439,,,44,
,,,,,,,,,,,,
Income (loss) from continuing operations,Income (loss) from continuing operations,Income (loss) from continuing operations,,,1158,,,1131,,,(575,)
"Income from discontinued operations, net of income taxes","Income from discontinued operations, net of income taxes","Income from discontinued operations, net of income taxes",,,64,,,60,,,52,
,,,,,,,,,,,,
Net income (loss),Net income (loss),Net income (loss),,$,1222,,$,1191,,$,(523,)
,,,,,,,,,,,,
Income (loss) from continuing operations per share of common stock,Income (loss) from continuing operations per share of common stock,Income (loss) from continuing operations per share of common stock,,,,,,,,,,
,Basic,Basic,,$,1.31,,$,1.24,,$,(.63,)
,,,,,,,,,,,,
,Diluted,Diluted,,$,1.27,,$,1.19,,$,(.63,)
,,,,,,,,,,,,
Net income (loss) per share of common stock,Net income (loss) per share of common stock,Net income (loss) per share of common stock,,,,,,,,,,
,Basic,Basic,,$,1.38,,$,1.31,,$,(.57,)
,,,,,,,,,,,,
,Diluted,Diluted,,$,1.34,,$,1.26,,$,(.57,)
,,,,,,,,,,,,
