0,1,2,3,4,5,6,7,8,9,10
,,,,,,,,,,
,,,,2000,2000,2000,,1999.0,1999,1999
,,,,,,,,,,
Deferred tax assets:,Deferred tax assets:,Deferred tax assets:,,,,,,,,
,,,,,,,,,,
,,,,,,,,,,
,,,,,,,,,,
,,,,,,,,,,
,Financial valuation accounts,Financial valuation accounts,,$,13781,,,,18655,
,,,,,,,,,,
,,,,,,,,,,
,,,,,,,,,,
,,,,,,,,,,
,Expenses not currently deductible,Expenses not currently deductible,,,3683,,,,2017,
,,,,,,,,,,
,,,,,,,,,,
,,,,,,,,,,
,,,,,,,,,,
,"Merger, integration, and restructuring accruals","Merger, integration, and restructuring accruals",,,3680,,,,21421,
,,,,,,,,,,
,,,,,,,,,,
,,,,,,,,,,
,,,,,,,,,,
,Net operating loss carryforwards and tax credits,Net operating loss carryforwards and tax credits,,,75003,,,,55096,
,,,,,,,,,,
,,,,,,,,,,
,,,,,,,,,,
,,,,,,,,,,
,Other,Other,,,366,,,,906,
,,,,,,,,,,
,,,,,96513,,,,98095,
,,,,,,,,,,
,,,,,,,,,,
,,,,,,,,,,
,,,,,,,,,,
,Valuation allowance,Valuation allowance,,,"(95,856",),,,"(91,564",)
,,,,,,,,,,
,,,,,657,,,,6531,
,,,,,,,,,,
,,,,,,,,,,
,,,,,,,,,,
,,,,,,,,,,
Deferred tax liabilities:,Deferred tax liabilities:,Deferred tax liabilities:,,,,,,,,
,,,,,,,,,,
,,,,,,,,,,
,,,,,,,,,,
,,,,,,,,,,
,Depreciation and amortization differences,Depreciation and amortization differences,,,(668,),,,"(6,542",)
,,,,,,,,,,
,,Net deferred tax liability,,$,(11,),,,(11,)
,,,,,,,,,,
