Unnamed: 0_level_0,Unnamed: 1_level_0,Unnamed: 2_level_0,Unnamed: 3_level_0,Common Stock,Common Stock,Common Stock,Common Stock,Unnamed: 8_level_0,Unnamed: 9_level_0,Unnamed: 10_level_0,Unnamed: 11_level_0,Unnamed: 12_level_0,Unnamed: 13_level_0,Unnamed: 14_level_0
Unnamed: 0_level_1,Unnamed: 1_level_1,Unnamed: 2_level_1,Unnamed: 3_level_1,Shares Issued,Unnamed: 5_level_1,Amount,Amount.1,Unnamed: 8_level_1,Additional Paid-In Capital,Additional Paid-In Capital,Unnamed: 11_level_1,Accumulated Deficit,Accumulated Deficit,Unnamed: 14_level_1
"Balances at July 1, 1997","Balances at July 1, 1997","Balances at July 1, 1997",,12222722,,$,122000,,$,84115000,,$,"(32,141,000",)
,"Exercise of stock options and employee stock purchase savings plan, net of 1,419 shares surrendered in payment","Exercise of stock options and employee stock purchase savings plan, net of 1,419 shares surrendered in payment",,98987,,,1000,,,969000,,,,
,"Net loss for the year ended June 30, 1998","Net loss for the year ended June 30, 1998",,,,,,,,,,,233000,
,,,,,,,,,,,,,,
"Balances at June 30, 1998","Balances at June 30, 1998","Balances at June 30, 1998",,12321709,,,123000,,,85084000,,,"(31,908,000",)
,Exercise of stock options and employee stock purchase savings plan,Exercise of stock options and employee stock purchase savings plan,,66607,,,1000,,,345000,,,,
,Issuance of common stock issued as payment of debt,Issuance of common stock issued as payment of debt,,28413,,,,,,250000,,,,
,"Net income for the year ended June 30, 1999","Net income for the year ended June 30, 1999",,,,,,,,,,,1576000,
,,,,,,,,,,,,,,
"Balances at June 30, 1999","Balances at June 30, 1999","Balances at June 30, 1999",,12416729,,,124000,,,85679000,,,"(30,332,000",)
,"Exercise of stock options and employee stock purchase savings plan, net of 4,000 shares surrendered in payment","Exercise of stock options and employee stock purchase savings plan, net of 4,000 shares surrendered in payment",,71157,,,1000,,,462000,,,,
,Issuance of common stock issued as payment of debt,Issuance of common stock issued as payment of debt,,118238,,,1000,,,1085000,,,,
,"Net income for the year ended June 30, 2000","Net income for the year ended June 30, 2000",,,,,,,,,,,"(1,599,000",)
,,,,,,,,,,,,,,
"Balances at June 30, 2000","Balances at June 30, 2000","Balances at June 30, 2000",,12606124,,$,126000,,$,87226000,,$,"(31,931,000",)
,,,,,,,,,,,,,,
