0,1,2
,,
(a),,Officers Supplemental Retirement Income Plan is incorporated by reference to Exhibit 10(f) of the Registrants 1986 Form 10-K Annual Report. *
,,
,,
,,
,,
(b),,Officers Salary Continuation Plan is incorporated by reference to Exhibit 10(g) of the Registrants 1982 Form 10-K Annual Report. *
,,
,,
,,
,,
(c),,"Herman Miller, Inc., Plan for Severance Compensation after Hostile Takeover is incorporated by reference to Exhibit 10(f) of the Registrants 1986 Form l0-K Annual Report. *"
,,
,,
,,
,,
(d),,"Amended Herman Miller, Inc., Plan for Severance Compensation after Hostile Takeover, dated January 17, 1990, is incorporated by reference to Exhibit 10(n) of the Registrants 1990 Form 10-K Annual Report. *"
,,
,,
,,
,,
(e),,"Herman Miller, Inc., 1994 Key Executive Stock Purchase Assistant Plan, dated October 6, 1994, is incorporated by reference to Appendix C of the Registrants 1994 Proxy Statement. *"
,,
,,
,,
,,
(f),,"First Amendment to the Herman Miller, Inc., 1994 Key Executive Stock Purchase Assistant Plan, dated April 28, 1998, is incorporated by reference to Exhibit 10(g) of the Registrants 1998 Form l0-K Annual Report. *"
,,
,,
,,
,,
(g),,"Incentive Share Grant Agreement, dated October 4, 1995, between the company and Michael A. Volkema is incorporated by reference to Exhibit 10(g) of the Registrants 1996 Form 10-K Annual Report. *"
,,
,,
,,
,,
(h),,"Incentive Share Grant Agreement, dated May 15, 1996, between the company and Michael A. Volkema is incorporated by reference to Exhibit 10(h) of the Registrants 1996 Form 10-K Annual Report. *"
,,
,,
,,
,,
(i),,"Herman Miller, Inc., Long-Term Incentive Plan, dated October 6, 1994, is incorporated by reference to Exhibit 4 of the Registrants May 22, 1996, Form S-8 Registration NO. 33-04369.*"
,,
,,
,,
,,
(j),,"Herman Miller, Inc., 1994 Nonemployee Officer and Director Stock Option Plan, dated October 6, 1994, is incorporated by reference to Exhibit 4 of the Registrants May 22, 1996, Form S-8 Registration NO. 33-04367.*"
