Assets,Unnamed: 1_level_0,Unnamed: 2_level_0,Unnamed: 3_level_0,Unnamed: 4_level_0,Unnamed: 5_level_0,Unnamed: 6_level_0
(in thousands of dollars except share data),Unnamed: 1_level_1,"June 30, 2000","June 30, 2000",Unnamed: 4_level_1,"June 30, 1999","June 30, 1999"
Cash and cash equivalents,,"$ 6,353",,,"$ 5,695",
Restricted cash and cash equivalents,,73691,,,36744,
Accounts receivable,,36818,,,29867,
Investments,,10116,,,10814,
Contract receivables:,,,,,,
Investment in direct financing leases and notes secured by equipment or medical  receivables:,,,,,,
Receivables in installments,,898063,,,776705,
Receivables and notesrelated parties,,5782,,,2550,
Recourse credit enhancements,,43222,,,62106,
Net notes collateralized by medical receivables,,252974,,,187327,
Residual valuation,,40271,,,27761,
Unearned income,,"(112,167",),,"(84,443",)
,,,,,,
Net investment in direct financing leases and notes secured by equipment or  medical receivables,,1128145,,,972006,
Less: Allowance for losses on receivables,,"(14,307",),,"(12,279",)
,,,,,,
Net contract receivables,,1113838,,,959727,
"Equipment on operating leases (net of accumulated depreciation of $9,155 and  $6,464, respectively)",,29385,,,16570,
Repossessed assets,,18624,,,1680,
"Furniture and fixtures (net of accumulated depreciation of $5,261 and $3,900,  respectively)",,4670,,,4970,
"Goodwill, net",,9649,,,10359,
Other assets,,30640,,,19846,
,,,,,,
Total assets,,"$1,333,784",,,"$1,096,272",
,,,,,,
