0,1,2,3,4,5,6
,,,,,,
Exhibit No.,Exhibit No.,Exhibit No.,,,,Description
,,,,,,
,2.1,,,,,"Agreement of Merger by and between Medicis Pharmaceutical 	Corporation, a Delaware corporation, Medicis Acquisition 	Corporation, a Delaware corporation, and GenDerm Corporation, a 	Delaware corporation, dated November 28, 1997(13)"
,3.1,,,,,"Certificate of Incorporation of the Company, as amended(6)"
,3.3(a),,,,,Amended and Restated By-Laws of the Company(15)
,4.1,,,,,"Rights Agreement, dated August 17, 1995, between the Company  and American Stock Transfer & Trust Company, as Rights 	Agent(6)"
,4.1(b),,,,,"Amendment No. 2 to Rights Agreement, dated March 17, 	1997, between the Company and Norwest Bank Minnesota, N.A.(11)"
,4.3,,,,,Form of specimen certificate representing Class A Common 	Stock(1)
,10.8,,,,,"Medicis Pharmaceutical Corporation 1995 Stock Option Plan 	(incorporated by reference to Exhibit C to the definitive 	Proxy Statement for the 1995 Annual Meeting of Shareholders 	previously filed with the SEC, File No. 0-18443)"
,10.9,,,,,"Employment Agreement between the Company and Jonah Shacknai, 	dated July 24, 1996(10)"
,10.10,,,,,"Medicis Pharmaceutical Corporation 1988 Stock Option Plan, as 	amended(2)"
,10.18,,,,,"Medicis Pharmaceutical Corporation 1990 Stock Option Plan, as 	amended(2)"
,10.58,,,,,Medicis Pharmaceutical Corporation 1992 Stock Option Plan(4)
,10.59,,,,,"Supply Agreement, dated October 21, 1992, between Schein and  the Company(3)"
,10.70,,,,,"Amendment to Manufacturing and Supply Agreement, dated 	March 2, 1993, between Schein and the Company(5)"
,10.72(a),,,,,"Credit and Security Agreement, dated August 3, 1995, between  the Company and Norwest Business Credit, Inc.(7)"
,10.72(b),,,,,"First Amendment to Credit and Security Agreement, dated May 29, 1996, between the Company and Norwest Bank Arizona, N.A.(10)"
,10.72(c),,,,,"Second Amendment to Credit and Security Agreement, dated 	November 22, 1996, by and between the Company and Norwest 	Bank Arizona, N.A. as successor-in-interest to Norwest Business 	Credit, Inc.(12)"
,10.72(d),,,,,"Third Amendment to Credit and Security Agreement, dated 	November 22, 1998 by and between the Company and Norwest 	Bank Arizona, N.A., as successor-in-interest to Norwest Business 	Credit, Inc.(14)"
,10.73(a),,,,,"Patent Collateral Assignment and Security Agreement, dated 	August 3, 1995 by the Company to Norwest Business Credit, 	Inc.(8)"
,10.73(b),,,,,"First Amendment to Patent Collateral Assignment and Security 	Agreement, dated May 29, 1996, by the Company to Norwest 	Bank Arizona, N.A.(10)"
,10.73(c),,,,,"Amended and Restated Patent Collateral Assignment and Security 	Agreement, dated November 22, 1998, by the Company to 	Norwest Bank Arizona, N.A.(14)"
,10.74(a),,,,,"Trademark Collateral Assignment and Security Agreement, dated 	August 3, 1995, by the Company to Norwest Business Credit, 	Inc.(9)"
,10.74(b),,,,,"First Amendment to Trademark Collateral Assignment and Security 	Agreement, dated May 29, 1996, by the Company to Norwest 	Bank Arizona, N.A.(10)"
,10.74(c),,,,,"Amended and Restated Trademark, Tradename, and Service Mark 	Collateral Assignment and Security Agreement, dated 	November 22, 1998, by the Company to Norwest Bank Arizona, 	N.A.(14)"
