0,1
,
,"The AvantGaard 676 features four independent heads, allowing 	simultaneous polishing of four wafers and offers one of the 	industrys smallest footprints. This system is capable of 	polishing either oxide or metal layers. The AvantGaard 676 was 	initially designed solely to planarize metal layers and has been 	adopted for this purpose in volume production by a majority of 	the customers that have purchased the system."
,
,"The AvantGaard 776 is based on the same four-head orbital 	polishing technology as the AvantGaard 676. The AvantGaard 776 	integrates CMP, metrology and wafer cleaning in a single unit 	that requires less clean room space than separate CMP and 	post-CMP cleaning equipment."
,
,"The MomentumTM product, announced in July 2000, 	is a highly flexible, universal tool that processes copper, 	shallow-trench isolation (STI), tungsten, oxide and other 	advanced applications. MomentumTM was developed to 	address the industrys growing need for an advanced level of  process capability for geometry shrinks to 0.13 micron. The  tool features a new polishing system that combines 	SpeedFam-IPECs industry proven rotational and orbital 	technologies. The system integrates tunable, adaptable carrier 	technology and edge control (APT), a stable, highly 	flexible new polishing technique (Next), and a newly 	designed cleaner. The system also integrates Intelligent In-line 	Inspection technology (I3TM) with closed-loop control 	metrology for maximum effective throughput and reduced cost of 	ownership. The system and processes for the MomentumTM  product are scalable to 300mm."
