Unnamed: 0_level_0,Unnamed: 1_level_0,May 31,May 31,May 31,May 31
Unnamed: 0_level_1,Unnamed: 1_level_1,2000,2000.1,1999,1999.1
,,,,,
,,,,,
ASSETS,,,,,
Current assets:,,,,,
Cash,,"$ 632,970",,"$ 173,668",
"Trade receivables, net of allowance for doubtful accounts",,,,,
"of $111,837 in 2000 and $73,221 in 1999",,2336758,,2181222,
Inventories,,1247903,,1409887,
Deferred income taxes,,89028,,103232,
Income taxes receivable,,74899,,352120,
Prepaid expenses and other assets,,156314,,83913,
,,,,,
Total current assets,,4537872,,4304042,
"Property and equipment, net",,801553,,755400,
"Goodwill, net of accumulated amortization of $716,157 in 2000",,,,,
"and $650,242 in 1999",,1925795,,1991709,
Other assets,,63332,,59008,
,,,,,
Total assets,,"$ 7,328,552",,"$ 7,110,159",
,,,,,
,,,,,
LIABILITIES AND SHAREHOLDERS EQUITY,,,,,
Current liabilities:,,,,,
Accounts payable-trade,,"$ 1,281,474",,"$ 927,953",
Accrued expenses,,308374,,343863,
,,,,,
Total current liabilities,,1589848,,1271816,
"Deferred income taxes, net",,38191,,37626,
Shareholders equity:,,,,,
"Common shares, $.01 par value:",,,,,
"Authorized shares - 10,000,000",,,,,
"Issued and outstanding shares  4,604,088 in 2000 and 4,354,088 in 1999",,46041,,43541,
Additional paid-in capital,,3367046,,3299546,
Retained earnings,,2326806,,2497010,
,,,,,
,,5739893,,5840097,
"Less: Common stock in treasury -at cost, 100,000 shares",,"(39,380",),"(39,380",)
,,,,,
Total shareholders equity,,5700513,,5800717,
,,,,,
Total liabilities and shareholders equity,,"$ 7,328,552",,"$ 7,110,159",
,,,,,
