0,1,2,3,4
,,,,
Exhibit,Exhibit,Exhibit,,
Number,Number,Number,,Description
,,,,
,10.16,,,"Lease Agreement between PictureTel Corporation and 50 Minuteman 	Limited Partnership dated August 26, 1996 (incorporated by 	reference to Exhibit 10.1 to Registrants Quarterly 	Report on Form 10-Q for the quarter ended September 28,  1996)."
,10.16.1,,,"Amendment No. 1 to 50 Minuteman Lease dated March 19, 	1997 (incorporated by reference to Exhibit 10.16.2 on 	Form S-4 dated October 5, 1998)."
,10.16.2,,,"Sublease Agreement between PictureTel Corporation and Cabletron 	Systems, Inc. dated June 4, 1998 (incorporated by reference 	to Exhibit 10.16.3 on Form S-4 dated October 5, 	1998)."
,10.17,,,"Lease Agreement between PictureTel Corporation and 200 Minuteman 	Limited Partnership dated March 19, 1997 (incorporated by 	reference to Exhibit 10.1 to Registrants Quarterly 	Report on Form 10-K for the quarter ended June 29, 	1997)."
,10.17.1,,,"Amendment No. 1 to 200 Minuteman Lease dated June 4, 	1998 (incorporated by reference to Exhibit 10.17.2 on 	Form S-4 dated October 5, 1998)."
,10.18*,,,"Employment Agreement by and between PictureTel Corporation and 	Bruce R. Bond dated March 1, 1998 (incorporated by 	Reference to Exhibit 10.1 to the Registrants Quarterly  Report on Form 10-Q for the quarter ended March 29, 	1998)."
,10.18.1*,,,"Change in Control Agreement by and between PictureTel Corporation  and Bruce R. Bond dated February 25, 1998 	(incorporated by Reference to Exhibit 10.2 to the 	Registrants Quarterly Report on Form 10-Q for the 	quarter ended March 29, 1998)."
,10.18.2*,,,"Options to Bruce R. Bond effective January 31, 1998 	(incorporated by reference to Exhibit 10.3 to the 	Registrants Quarterly Report on Form 10-Q for the 	quarter ended March 29, 1998)."
,10.18.3*,,,"Separation Agreement Letter by and between Bruce R. Bond and  PictureTel Corporation dated August 31, 1999 (incorporated 	by reference to Exhibit 10.18.3 to Registrants 	Quarterly Report on Form 10-Q for the quarter ended 	October 3, 1999)."
,10.19,,,"Secured Second Amended and Restated Revolving Credit Agreement by  and between PictureTel Corporation and BankBoston, N.A., as 	agent, dated August 12, 1998 (incorporated by reference to 	Exhibit 10.19 to the Registrants Form S-4 dated 	October 5, 1998)."
,10.19.1,,,"$35,000,000 Credit Agreement among PictureTel Corporation and the  Chase Manhattan Bank as Agent and Congress Financial Corporation  (New England) as Documentation Agent, and other Financial 	Institutions party thereto dated June 15, 1999 (incorporated  by reference to Exhibit 10.19.1 to Registrants Quarterly 	Report on Form 10-Q for the quarter ended July 4, 	1999)."
,10.20*,,,"Employment agreement between PictureTel Corporation and 	Gary L. Bond dated September 1, 1998 (incorporated by 	reference to Exhibit 10.2 to the Registrants Quarterly  Report on Form 10-Q for the quarter ended 	September 27, 1998)."
,10.20.1*,,,"Amendment to employment agreement between PictureTel Corporation 	and Gary L. Bond dated January 20, 1999 (incorporated 	by reference to Exhibit 10.10.1 to Registrants Annual 	Report on Form 10-K for the year ended December 31, 	1998)."
,10.20.2*,,,"Separation Agreement Letter by and between Gary L. Bond and 	PictureTel Corporation dated September 10, 1999 	(incorporated by reference to Exhibit 10.20.2 to 	Registrants Quarterly Report on Form 10-Q for the 	quarter ended October 3, 1999)."
,10.21*,,,"Employment agreement between PictureTel Corporation and 	Arthur L. Fatum dated October 14, 1998 (incorporated by  reference to Exhibit 10.10.1 to Registrants Annual 	Report on Form 10-K for the year ended December 31, 	1998)."
,10.21.1*,,,"Amendment to employment agreement between PictureTel Corporation 	and Arthur L. Fatum dated January 20, 1999 	(incorporated by reference to Exhibit 10.10.1 to 	Registrants Annual Report on Form 10-K for the year 	ended December 31, 1998)."
