Unnamed: 0_level_0,Unnamed: 1_level_0,Unnamed: 2_level_0,Unnamed: 3_level_0,"Years Ended April 30,","Years Ended April 30,","Years Ended April 30,","Years Ended April 30,","Years Ended April 30,","Years Ended April 30,","Years Ended April 30,","Years Ended April 30,"
Unnamed: 0_level_1,Unnamed: 1_level_1,Unnamed: 2_level_1,Unnamed: 3_level_1,2000,2000.1,Unnamed: 6_level_1,1999,1999.1,Unnamed: 9_level_1,1998,1998.1
Net income (loss),Net income (loss),Net income (loss),,$,"(68,949",),$,5890,,$,3855.0
,,,,,,,,,,,
Weighted average common shares outstandingBasic,Weighted average common shares outstandingBasic,Weighted average common shares outstandingBasic,,,10818,,,10473,,,9719.0
Effect of dilutive securities:,Effect of dilutive securities:,Effect of dilutive securities:,,,,,,,,,
,Stock option plans,Stock option plans,,,,,,64,,,196.0
,Employee stock purchase plan,Employee stock purchase plan,,,,,,,,,2.0
,,,,,,,,,,,
Weighted average common shares outstandingDiluted,Weighted average common shares outstandingDiluted,Weighted average common shares outstandingDiluted,,,10818,,,10537,,,9917.0
,,,,,,,,,,,
Net income (loss) per share:,Net income (loss) per share:,Net income (loss) per share:,,,,,,,,,
,,Basic,,$,(6.37,),$,0.56,,$,0.4
,,,,,,,,,,,
,,Diluted,,$,(6.37,),$,0.56,,$,0.39
,,,,,,,,,,,
