0,1,2,3,4,5,6,7,8,9
,,,,,,,,,
(dollars in thousands),(dollars in thousands),,,2000,,,,1999,
,,,,,,,,,
,,,,,,,,,
,,,,,,,,,
Deferred tax assets,Deferred tax assets,Deferred tax assets,Deferred tax assets,Deferred tax assets,Deferred tax assets,Deferred tax assets,Deferred tax assets,Deferred tax assets,Deferred tax assets
,Accrued vacation and other expenses,,$,3494,,,$,5333,
,Appreciation of options,,,1606,,,,1606,
,Accrued post-retirement obligations,,,421,,,,1415,
,Deferred rent,,,552,,,,427,
,Other long-term obligations,,,367,,,,355,
,Foreign transactions,,,109,,,,61,
,Pension,,,31,,,,7,
,Depreciation,,,413,,,,188,
,Other,,,11,,,,20,
,,,,,,,,,
,Total deferred tax assets,,,7004,,,,9412,
,,,,,,,,,
,,,,,,,,,
,,,,,,,,,
Deferred tax liabilities,Deferred tax liabilities,Deferred tax liabilities,Deferred tax liabilities,Deferred tax liabilities,Deferred tax liabilities,Deferred tax liabilities,Deferred tax liabilities,Deferred tax liabilities,Deferred tax liabilities
,Unbilled revenues,,,"(4,746",),,,"(6,512",)
,401(k),,,"(2,614",),,,-,
,Capitalized software,,,"(1,348",),,,(335,)
,Goodwill,,,(368,),,,(255,)
,Other,,,(51,),,,(425,)
,,,,,,,,,
,Total deferred tax liabilities,,,"(9,127",),,,"(7,527",)
,,,,,,,,,
,,,,,,,,,
,,,,,,,,,
Net deferred tax asset (liability),Net deferred tax asset (liability),,$,"(2,123",),,$,1885,
,,,,,,,,,
