0,1,2,3,4,5,6,7,8,9,10,11,12
,,,,,,,,,,,,
,,,,,,,,,,,,
,,Fiscal Years Ended,Fiscal Years Ended,Fiscal Years Ended,Fiscal Years Ended,Fiscal Years Ended,Fiscal Years Ended,Fiscal Years Ended,Fiscal Years Ended,Fiscal Years Ended,Fiscal Years Ended,Fiscal Years Ended
,,,,,,,,,,,,
,,"June 30,","June 30,","June 30,",,"July 2,","July 2,","July 2,",,"June 26,","June 26,","June 26,"
,,2000,2000,2000,,1999,1999,1999,,1998,1998,1998
,,,,,,,,,,,,
,,,,,,,,,,,,
,,(Millions),(Millions),(Millions),(Millions),(Millions),(Millions),(Millions),(Millions),(Millions),(Millions),(Millions)
,,,,,,,,,,,,
,,,,,,,,,,,,
,,,,,,,,,,,,
,,,,,,,,,,,,
Semiconductors,,$,5827.8,,,$,3573.1,,,$,3223.0,
,,,,,,,,,,,,
,,,,,,,,,,,,
,,,,,,,,,,,,
,,,,,,,,,,,,
Computer products,,,2102.9,,,,1731.0,,,,1589.1,
,,,,,,,,,,,,
,,,,,,,,,,,,
,,,,,,,,,,,,
,,,,,,,,,,,,
Connectors,,,632.3,,,,437.9,,,,506.2,
,,,,,,,,,,,,
,,,,,,,,,,,,
,,,,,,,,,,,,
,,,,,,,,,,,,
Other (primarily passives and electromechanical devices),,,609.2,,,,608.0,,,,559.6,
,,,,,,,,,,,,
,,$,9172.2,,,$,6350.0,,,$,5877.9,
,,,,,,,,,,,,
