Unnamed: 0,Unnamed: 1,"March 31, 2000","March 31, 2000.1",Unnamed: 4,"March 31, 1999","March 31, 1999.1",Unnamed: 7
Net current deferred tax assets/(deferred tax liabilities):,,,,,,,
Inventory,,$,86238,,$,81928,
Accruals and reserves,,,376395,,,399112,
Net operating loss-current portion,,,206115,,,,
Valuation allowance,,,,,,"(356,956",)
,,,,,,,
,,$,668748,,$,124084,
,,,,,,,
Net long term deferred tax assets/(deferred tax liabilities):,,,,,,,
Credit carryforwards,,$,87918,,$,54400,
"Property, plant and equipment",,,"(363,755",),,"(29,107",)
Consulting costs,,,,,,"(7,506",)
Net operating loss,,,1509802,,,1507894,
Valuation allowance,,,,,,"(1,649,765",)
,,,,,,,
,,$,1233965,,$,"(124,084",)
,,,,,,,
