0,1,2
,,
,,"Semiconductors: Sales of semiconductors in 2000 were 	approximately $5.83 billion, or 64% of consolidated sales. The 	Companys major suppliers of semiconductors are Advanced 	Micro Devices, Analog Devices, Harris, Hewlett-Packard, Hitachi, 	Integrated Device Technology, Intel, LSI Logic, Micron 	Semiconductors, Motorola, National Semiconductor, Philips, Texas 	Instruments and Xilinx."
,,
,,"Computer Products: Sales of computer products in 2000 from  all of the Companys business units were approximately 	$2.10 billion, or 23% of consolidated sales. The Companys 	major suppliers of computer products are Cabletron, Compaq 	Computer Corporation, Computer Associates, Hewlett-Packard, IBM, 	Intel, Oracle, and Wyse Technology."
,,
,,"Connectors: Sales of connector products in 2000 were 	approximately $0.63 billion, or 7% of consolidated sales. The 	Companys major suppliers of connectors are AMP, Amphenol, 	AVX, ITT Cannon, Molex, T&B and 3M."
,,
,,"Passives, Electromechanical and Other: Sales of passives, 	electromechanical and other products in 2000 were approximately 	$0.61 billion, or 6% of consolidated sales. The Companys 	major suppliers of these products are AVX, Bourns, Cherry, Leach,  Murata, Philips, Teledyne, Pulse and Vishay."
