0,1,2,3,4,5,6,7,8,9
,,,,,,,,,
,,,2000,2000,2000,,1999.0,1999,1999
,,,,,,,,,
"Property, plant, and equipment","Property, plant, and equipment",,$,1071,,,,(97,)
,,,,,,,,,
,,,,,,,,,
,,,,,,,,,
,,,,,,,,,
Inventory,Inventory,,,2122,,,,885,
,,,,,,,,,
,,,,,,,,,
,,,,,,,,,
,,,,,,,,,
Allowance for doubtful accounts,Allowance for doubtful accounts,,,5,,,,(24,)
,,,,,,,,,
,,,,,,,,,
,,,,,,,,,
,,,,,,,,,
Accrued employee benefits,Accrued employee benefits,,,2382,,,,2356,
,,,,,,,,,
,,,,,,,,,
,,,,,,,,,
,,,,,,,,,
Accrued vacation,Accrued vacation,,,124,,,,142,
,,,,,,,,,
,,,,,,,,,
,,,,,,,,,
,,,,,,,,,
Business tax,Business tax,,,,,,,(142,)
,,,,,,,,,
,,,,,,,,,
,,,,,,,,,
,,,,,,,,,
Long-term prepaid expenses,Long-term prepaid expenses,,,791,,,,136,
,,,,,,,,,
,,,,,,,,,
,,,,,,,,,
,,,,,,,,,
Net operating loss carryforwards,Net operating loss carryforwards,,,3961,,,,1487,
,,,,,,,,,
,,,,,,,,,
,,,,,,,,,
,,,,,,,,,
Valuation allowance,Valuation allowance,,,"(2,601",),,,"(1,404",)
,,,,,,,,,
,,,,,,,,,
,,,,,,,,,
,,,,,,,,,
Foreign tax credit,Foreign tax credit,,,963,,,,,
,,,,,,,,,
,,,,,,,,,
,,,,,,,,,
,,,,,,,,,
Warranty reserve,Warranty reserve,,,829,,,,,
,,,,,,,,,
,,,,,,,,,
,,,,,,,,,
,,,,,,,,,
Other,Other,,,111,,,,181,
,,,,,,,,,
,Net deferred tax asset,,$,9758,,,,3520,
,,,,,,,,,
