0,1,2,3,4,5,6
BALANCE SHEETS,,,,,,
BAYFIELD LOW INCOME HOUSING LIMITED PARTNERSHIP,BAYFIELD LOW INCOME HOUSING LIMITED PARTNERSHIP,BAYFIELD LOW INCOME HOUSING LIMITED PARTNERSHIP,,,,
,ASSETS,ASSETS,ASSETS,ASSETS,ASSETS,ASSETS
,"December 31,","September 30,","June 30,","December 31,","September 30,","June 30,"
,1993,1993,1993,1992,1992,1992
Investments in Operating Limited Partnerships,"$10,803,398","$11,839,051","$12,938,188","$14,686,869","$15,904,053","$9,614,313"
Other Assets:,,,,,,
Cash,2042405,810414,2207876,1677961,686258,1606499
Lockbox & other restricted deposits,779891,1580362,1552122,565558,1274967,438700
Receivables,213022,211022,-0-,-0-,-0-,-0-
Receivable - sale of auction interest,-0-,15000,15000,-0-,-0-,30000
Organization costs,215537,50887,56373,77242,94175,7488905
Other,-0-,214667,20600,2921,(2),-0-
,"$14,054,253","$14,721,403","$16,790,159","$17,010,551","$17,959,451","$19,178,417"
,,,,,,
,LIABILITIES & EQUITY,LIABILITIES & EQUITY,LIABILITIES & EQUITY,LIABILITIES & EQUITY,LIABILITIES & EQUITY,LIABILITIES & EQUITY
,"December 31,","September 30,","June 30,","December 31,","September 30,","June 30,"
,1993,1993,1993,1992,1992,1992
Accounts payable & accrued exp,"$326,760","$407,814","$767,722","$799,011","$891,682","$920,309"
Notes payable to secured lenders,1995000,3105000,3489035,4412728,5299700,5675577
Contributions payable to operating Partnerships,4028742,4028249,6908658,8589761,9188119,10589735
,"$6,350,502","$7,541,063","$11,165,415","$13,801,500","$15,379,501","$17,185,621"
Partners' capital (deficit),,,,,,
Limited partners,"$16,436,342","$18,230,269","$18,921,195","$21,089,182","$23,389,845","$24,851,429"
General partner,78,78,78,"(402,402)","(402,502)","(402,502)"
Subscriptions receivable,"(8,732,668)","(11,050,007)","(13,296,529)","(17,477,729)","(20,407,393)","(22,456,131)"
,"$7,703,752","$7,180,340","$5,624,744","$3,209,051","$2,579,950","$1,992,796"
,"$14,054,253","$14,721,403","$16,790,159","$17,010,551","$17,959,451","$19,178,417"
