0,1,2,3,4,5,6,7,8,9
,,,,,,,,,
,,,2000,2000.0,2000.0,,1999.0,1999.0,1999.0
,,,,,,,,,
Accrued warranty and installation costs,Accrued warranty and installation costs,,$,8665.0,,,,13245.0,
,,,,,,,,,
,,,,,,,,,
,,,,,,,,,
,,,,,,,,,
Accrued payroll and benefits,Accrued payroll and benefits,,,4588.0,,,,6217.0,
,,,,,,,,,
,,,,,,,,,
,,,,,,,,,
,,,,,,,,,
"Accrued merger, integration, and restructuring costs","Accrued merger, integration, and restructuring costs",,,1952.0,,,,9429.0,
,,,,,,,,,
,,,,,,,,,
,,,,,,,,,
,,,,,,,,,
Other accrued liabilities,Other accrued liabilities,,,8059.0,,,,15363.0,
,,,,,,,,,
,Total accrued liabilities,,$,23264.0,,,,44254.0,
,,,,,,,,,
