Unnamed: 0_level_0,Unnamed: 1_level_0,Unnamed: 2_level_0,Unnamed: 3_level_0,"May 31,","May 31,","May 31,","May 31,","May 31,",Unnamed: 9_level_0
Unnamed: 0_level_1,Unnamed: 1_level_1,Unnamed: 2_level_1,Unnamed: 3_level_1,2000,2000.1,Unnamed: 6_level_1,1999,1999.1,Unnamed: 9_level_1
ASSETS,ASSETS,ASSETS,ASSETS,ASSETS,ASSETS,ASSETS,ASSETS,ASSETS,
Current assets:,Current assets:,Current assets:,,,,,,,
,Cash and cash equivalents,Cash and cash equivalents,,$,61615,,$,5874,
,Short-term investments,Short-term investments,,,,,,7507,
,"Accounts receivable, net of allowance of $337 and $237, respectively","Accounts receivable, net of allowance of $337 and $237, respectively",,,19446,,,15784,
,Accounts receivableaffiliates,Accounts receivableaffiliates,,,650,,,1724,
,Inventories,Inventories,,,9440,,,6537,
,Deferred tax asset,Deferred tax asset,,,10046,,,713,
,Other current assets,Other current assets,,,487,,,941,
,,,,,,,,,
,Total current assets,Total current assets,,,101684,,,39080,
"Property, plant and equipment, net","Property, plant and equipment, net","Property, plant and equipment, net",,,57011,,,60892,
Deferred tax asset,Deferred tax asset,Deferred tax asset,,,,,,9093,
Other assets,Other assets,Other assets,,,611,,,318,
,,,,,,,,,
Total assets,Total assets,Total assets,,$,159306,,$,109383,
,,,,,,,,,
LIABILITIES AND SHAREHOLDERS' EQUITY,LIABILITIES AND SHAREHOLDERS' EQUITY,LIABILITIES AND SHAREHOLDERS' EQUITY,LIABILITIES AND SHAREHOLDERS' EQUITY,LIABILITIES AND SHAREHOLDERS' EQUITY,LIABILITIES AND SHAREHOLDERS' EQUITY,LIABILITIES AND SHAREHOLDERS' EQUITY,LIABILITIES AND SHAREHOLDERS' EQUITY,LIABILITIES AND SHAREHOLDERS' EQUITY,
Current liabilities:,Current liabilities:,Current liabilities:,,,,,,,
,Accounts payable,Accounts payable,,$,12371,,$,12104,
,Accrued compensation,Accrued compensation,,,3819,,,2512,
,Current portion of long-term debt,Current portion of long-term debt,,,9149,,,8000,
,Income taxes payable,Income taxes payable,,,227,,,,
,Other accrued liabilities,Other accrued liabilities,,,2578,,,2142,
,,,,,,,,,
,Total current liabilities,Total current liabilities,,,28144,,,24758,
Long-term debt,Long-term debt,Long-term debt,,,25150,,,34299,
Deferred tax liability,Deferred tax liability,Deferred tax liability,,,4281,,,,
,,,,,,,,,
,Total liabilities,Total liabilities,,,57575,,,59057,
,,,,,,,,,
Commitments and contingencies,Commitments and contingencies,Commitments and contingencies,,,,,,,
Shareholders' equity:,Shareholders' equity:,Shareholders' equity:,,,,,,,
,"Preferred stock, no par value; authorized 10,000 shares; none issued","Preferred stock, no par value; authorized 10,000 shares; none issued",,,,,,,
,"Common stock, no par value; authorized 50,000 shares; issued and outstanding 2000: 8,875 shares, 1999: 6,370 shares","Common stock, no par value; authorized 50,000 shares; issued and outstanding 2000: 8,875 shares, 1999: 6,370 shares",,,89138,,,45194,
,Unearned compensation,Unearned compensation,,,,,,(3,)
,Retained earnings,Retained earnings,,,12593,,,5135,
,,,,,,,,,
,Total shareholders' equity,Total shareholders' equity,,,101731,,,50326,
,,,,,,,,,
Total liabilities and shareholders' equity,Total liabilities and shareholders' equity,Total liabilities and shareholders' equity,,$,159306,,$,109383,
,,,,,,,,,
