0,1,2,3,4,5,6,7,8,9
,,,,,,,,,
"June 30,","June 30,","June 30,",2000,2000,,,1999,1999,
,,,,,,,,,
,,,,,,,,,
,,,,,,,,,
ASSETS,ASSETS,ASSETS,ASSETS,ASSETS,ASSETS,ASSETS,ASSETS,ASSETS,
Current assets,Current assets,Current assets,Current assets,Current assets,Current assets,Current assets,Current assets,Current assets,
Cash and equivalents,Cash and equivalents,Cash and equivalents,$,4931,,,$,2403,
,Accounts receivable,Accounts receivable,,,,,,,
,,Billed,,103504,,,,99681,
,,Unbilled,,14400,,,,12264,
,,,,,,,,,
,,Total accounts receivable,,117904,,,,111945,
,,,,,,,,,
,,,,,,,,,
,Income taxes receivable,Income taxes receivable,,-,,,,948,
,Deferred income taxes,Deferred income taxes,,235,,,,198,
,Deferred contract costs,Deferred contract costs,,1488,,,,1543,
,Prepaid expenses and other,Prepaid expenses and other,,7372,,,,5437,
,,,,,,,,,
Total current assets,Total current assets,Total current assets,,131930,,,,122474,
,,,,,,,,,
,,,,,,,,,
"Property and equipment, net","Property and equipment, net","Property and equipment, net",,15039,,,,13762,
"Accounts receivable, long-term","Accounts receivable, long-term","Accounts receivable, long-term",,3814,,,,7036,
Goodwill,Goodwill,Goodwill,,75402,,,,67767,
Other assets,Other assets,Other assets,,7024,,,,6266,
"Deferred contract costs, long-term","Deferred contract costs, long-term","Deferred contract costs, long-term",,-,,,,989,
Deferred income taxes,Deferred income taxes,Deferred income taxes,,2788,,,,3418,
,,,,,,,,,
,,,,,,,,,
,,,,,,,,,
Total assets,Total assets,Total assets,$,235997,,,$,221712,
,,,,,,,,,
,,,,,,,,,
,,,,,,,,,
LIABILITIES AND SHAREHOLDERS' EQUITY,LIABILITIES AND SHAREHOLDERS' EQUITY,LIABILITIES AND SHAREHOLDERS' EQUITY,LIABILITIES AND SHAREHOLDERS' EQUITY,LIABILITIES AND SHAREHOLDERS' EQUITY,LIABILITIES AND SHAREHOLDERS' EQUITY,LIABILITIES AND SHAREHOLDERS' EQUITY,LIABILITIES AND SHAREHOLDERS' EQUITY,LIABILITIES AND SHAREHOLDERS' EQUITY,LIABILITIES AND SHAREHOLDERS' EQUITY
Current liabilities,Current liabilities,Current liabilities,Current liabilities,Current liabilities,Current liabilities,Current liabilities,Current liabilities,Current liabilities,Current liabilities
,Accounts payable,Accounts payable,$,7087,,,$,5353,
,Other accrued expenses,Other accrued expenses,,28258,,,,27498,
,Accrued compensation and benefits,Accrued compensation and benefits,,20043,,,,21304,
,Income taxes payable,Income taxes payable,,1707,,,,-,
,Deferred income taxes,Deferred income taxes,,5021,,,,1593,
,,,,,,,,,
Total current liabilities,Total current liabilities,Total current liabilities,,62116,,,,55748,
,,,,,,,,,
,,,,,,,,,
"Note payable, long-term","Note payable, long-term","Note payable, long-term",,28263,,,,62069,
Deferred rent expenses,Deferred rent expenses,Deferred rent expenses,,1025,,,,720,
Deferred income taxes,Deferred income taxes,Deferred income taxes,,125,,,,138,
Other long-term obligations,Other long-term obligations,Other long-term obligations,,2500,,,,4100,
Shareholders' equity,Shareholders' equity,Shareholders' equity,Shareholders' equity,Shareholders' equity,Shareholders' equity,Shareholders' equity,Shareholders' equity,Shareholders' equity,Shareholders' equity
Common stock,Common stock,Common stock,Common stock,Common stock,Common stock,Common stock,Common stock,Common stock,Common stock
,,"$.10 par value, 40,000,000 shares authorized, 15,007,000 and 14,499,000 shares issued",,1501,,,,1450,
,Capital in excess of par,Capital in excess of par,,19716,,,,13932,
,Retained earnings,Retained earnings,,136997,,,,98585,
,Cumulative currency translation adjustments,Cumulative currency translation adjustments,,"(2,584",),,,"(1,368",)
,"Treasury stock, at cost (3,526,000 shares)","Treasury stock, at cost (3,526,000 shares)",,"(13,662",),,,"(13,662",)
,,,,,,,,,
Total shareholders' equity,Total shareholders' equity,Total shareholders' equity,,141968,,,,98937,
,,,,,,,,,
,,,,,,,,,
,,,,,,,,,
Total liabilities and shareholders' equity,Total liabilities and shareholders' equity,Total liabilities and shareholders' equity,$,235997,,,$,221712,
,,,,,,,,,
