0,1,2,3,4,5,6,7,8,9,10,11,12,13,14
,,,,,,,,,,,,,,
,,,,2000,2000,2000,,1999.0,1999,1999,,1998.0,1998,1998
,,,,,,,,,,,,,,
General corporate expense,General corporate expense,General corporate expense,,,"(10,233",),,,"(27,065",),,,"(24,339",)
,,,,,,,,,,,,,,
,,,,,,,,,,,,,,
,,,,,,,,,,,,,,
,,,,,,,,,,,,,,
Interest income (expense),Interest income (expense),Interest income (expense),,,"(1,200",),,,1214,,,,3281,
,,,,,,,,,,,,,,
,,Earnings (loss) from consolidated companies before income taxes,,$,"(10,900",),,,"(144,621",),,,6348,
,,,,,,,,,,,,,,
Identifiable assets:,Identifiable assets:,Identifiable assets:,,,,,,,,,,,,
,,,,,,,,,,,,,,
,,,,,,,,,,,,,,
,,,,,,,,,,,,,,
,,,,,,,,,,,,,,
,CMP Group,CMP Group,,$,214913,,,,209066,,,,,
,,,,,,,,,,,,,,
,,,,,,,,,,,,,,
,,,,,,,,,,,,,,
,,,,,,,,,,,,,,
,Surface Technology Group,Surface Technology Group,,,25799,,,,23982,,,,,
,,,,,,,,,,,,,,
,,,,,,,,,,,,,,
,,,,,,,,,,,,,,
,,,,,,,,,,,,,,
,Industrial Applications Group,Industrial Applications Group,,,7550,,,,10168,,,,,
,,,,,,,,,,,,,,
,,,,,,,,,,,,,,
,,,,,,,,,,,,,,
,,,,,,,,,,,,,,
,Investments in affiliates,Investments in affiliates,,,19810,,,,25360,,,,,
,,,,,,,,,,,,,,
,,,,,,,,,,,,,,
,,,,,,,,,,,,,,
,,,,,,,,,,,,,,
,Corporate assets,Corporate assets,,,167008,,,,175202,,,,,
,,,,,,,,,,,,,,
,,Total identifiable assets,,$,435080,,,,443778,,,,,
,,,,,,,,,,,,,,
Capital expenditures:,Capital expenditures:,Capital expenditures:,,,,,,,,,,,,
,,,,,,,,,,,,,,
,,,,,,,,,,,,,,
,,,,,,,,,,,,,,
,,,,,,,,,,,,,,
,CMP Group,CMP Group,,$,9790,,,,29825,,,,46675,
,,,,,,,,,,,,,,
,,,,,,,,,,,,,,
,,,,,,,,,,,,,,
,,,,,,,,,,,,,,
,Surface Technology Group,Surface Technology Group,,,225,,,,469,,,,295,
,,,,,,,,,,,,,,
,,,,,,,,,,,,,,
,,,,,,,,,,,,,,
,,,,,,,,,,,,,,
,Industrial Applications Group,Industrial Applications Group,,,,,,,45,,,,800,
,,,,,,,,,,,,,,
,,,,,,,,,,,,,,
,,,,,,,,,,,,,,
,,,,,,,,,,,,,,
,Corporate,Corporate,,,5045,,,,1022,,,,1295,
,,,,,,,,,,,,,,
,,Total capital expenditures,,$,15060,,,,31361,,,,49065,
,,,,,,,,,,,,,,
Depreciation expense:,Depreciation expense:,Depreciation expense:,,,,,,,,,,,,
,,,,,,,,,,,,,,
,,,,,,,,,,,,,,
,,,,,,,,,,,,,,
,,,,,,,,,,,,,,
,CMP Group,CMP Group,,$,11101,,,,16226,,,,8709,
,,,,,,,,,,,,,,
,,,,,,,,,,,,,,
,,,,,,,,,,,,,,
,,,,,,,,,,,,,,
,Surface Technology Group,Surface Technology Group,,,808,,,,1250,,,,1912,
,,,,,,,,,,,,,,
,,,,,,,,,,,,,,
,,,,,,,,,,,,,,
,,,,,,,,,,,,,,
,Industrial Applications Group,Industrial Applications Group,,,176,,,,321,,,,321,
,,,,,,,,,,,,,,
,,,,,,,,,,,,,,
,,,,,,,,,,,,,,
,,,,,,,,,,,,,,
,Corporate,Corporate,,,3283,,,,1305,,,,1494,
,,,,,,,,,,,,,,
,,Total depreciation expense,,$,15368,,,,19102,,,,12436,
,,,,,,,,,,,,,,
