0,1
,
(1),"Includes other charges totaling $9,752, $10,564 and $42,664 	before income tax benefit in 1999, 1998 and 1997, respectively. 	Also includes an $8,495 gain on the sale of RealNetworks stock in  1999, a $4,442 charge in 1998 for in-process technology acquired  in connection with the 1998 Starlight Networks purchase, and tax  expense of $35,141 in 1998 to record a full valuation allowance 	against deferred tax assets. See Notes 3, 10, and 15 of  Notes to Consolidated Financial Statements."
,
(2),"Includes preferred stock accretion of $5,612 in 1999 related to 	issuance of convertible preferred stock to Intel Corporation. See  Note 9 of Notes to Consolidated Financial 	Statements."
,
(3),All common and per share amounts in 1995 have been retroactively 	restated to reflect the two-for-one common stock split effected 	by a 100% common stock dividend paid during the fourth quarter of  1995. The effect of the MultiLink acquisition accounted for as a  pooling-of-interests is included in all numbers presented. See 	Note 2 of Notes to Consolidated Financial 	Statements.
,
(4),The Company has not paid dividends on its common stock since its 	inception. The Board of Directors does not anticipate declaring 	any cash dividends in the foreseeable future.
