Unnamed: 0,Unnamed: 1,Unnamed: 2,Unnamed: 3,Unnamed: 4,Unnamed: 5,2000,2000.1,Unnamed: 8,1999,1999.1,Unnamed: 11
CASH FLOWS FROM OPERATING ACTIVITIES,CASH FLOWS FROM OPERATING ACTIVITIES,CASH FLOWS FROM OPERATING ACTIVITIES,CASH FLOWS FROM OPERATING ACTIVITIES,CASH FLOWS FROM OPERATING ACTIVITIES,,,,,,,
,Net Income (Loss),Net Income (Loss),Net Income (Loss),Net Income (Loss),,,"(105,132",),,80633,
,Adjustments to Reconcile Net Income (Loss) to Net Cash Provided by Operating Activities:,Adjustments to Reconcile Net Income (Loss) to Net Cash Provided by Operating Activities:,Adjustments to Reconcile Net Income (Loss) to Net Cash Provided by Operating Activities:,Adjustments to Reconcile Net Income (Loss) to Net Cash Provided by Operating Activities:,,,,,,,
,,Depreciation,Depreciation,Depreciation,,,99632,,,109933,
,,Deferred Tax Benefit,Deferred Tax Benefit,Deferred Tax Benefit,,,,,,20800,
,,(Increase) Decrease in Current Assets:,(Increase) Decrease in Current Assets:,(Increase) Decrease in Current Assets:,,,,,,,
,,,Accounts Receivable,Accounts Receivable,,,559730,,,"(174,677",)
,,,Inventories,Inventories,,,291434,,,490621,
,,,Prepaid Expenses and Other,Prepaid Expenses and Other,,,"(4,187",),,"(8,767",)
,,,Income Taxes Receivable,Income Taxes Receivable,,,"(65,657",),,43629,
,,Increase (Decrease) in Current Liabilities:,Increase (Decrease) in Current Liabilities:,Increase (Decrease) in Current Liabilities:,,,,,,,
,,,Accounts Payable,Accounts Payable,,,"(37,034",),,40031,
,,,Accrued Expenses,Accrued Expenses,,,"(59,873",),,73783,
,,,Income Taxes Payable,Income Taxes Payable,,,"(80,642",),,80642,
,,,,,,,,,,,
,,,,Net Cash Provided by Operating Activities,,$,598271,,$,756628,
,,,,,,,,,,,
CASH FLOWS FROM INVESTING ACTIVITIES,CASH FLOWS FROM INVESTING ACTIVITIES,CASH FLOWS FROM INVESTING ACTIVITIES,CASH FLOWS FROM INVESTING ACTIVITIES,CASH FLOWS FROM INVESTING ACTIVITIES,,,,,,,
,Property and Equipment Additions,Property and Equipment Additions,Property and Equipment Additions,Property and Equipment Additions,,$,"(34,883",),$,"(18,150",)
,,,,,,,,,,,
CASH FLOWS FROM FINANCING ACTIVITIES,CASH FLOWS FROM FINANCING ACTIVITIES,CASH FLOWS FROM FINANCING ACTIVITIES,CASH FLOWS FROM FINANCING ACTIVITIES,CASH FLOWS FROM FINANCING ACTIVITIES,,,,,,,
,Borrowings on Line of Credit,Borrowings on Line of Credit,Borrowings on Line of Credit,Borrowings on Line of Credit,,$,225000,,$,1735000,
,Repayments on Line of Credit,Repayments on Line of Credit,Repayments on Line of Credit,Repayments on Line of Credit,,,"(225,000",),,"(2,045,000",)
,Repayments on Long-Term Debt,Repayments on Long-Term Debt,Repayments on Long-Term Debt,Repayments on Long-Term Debt,,,"(379,547",),,"(253,419",)
,,,,,,,,,,,
,,,,Net Cash Used for Financing Activities,,$,"(379,547",),$,"(563,419",)
,,,,,,,,,,,
NET INCREASE IN CASH AND CASH EQUIVALENTS,NET INCREASE IN CASH AND CASH EQUIVALENTS,NET INCREASE IN CASH AND CASH EQUIVALENTS,NET INCREASE IN CASH AND CASH EQUIVALENTS,NET INCREASE IN CASH AND CASH EQUIVALENTS,,$,183841,,$,175059,
Cash and Cash EquivalentsBeginning of Year,Cash and Cash EquivalentsBeginning of Year,Cash and Cash EquivalentsBeginning of Year,Cash and Cash EquivalentsBeginning of Year,Cash and Cash EquivalentsBeginning of Year,,,232636,,,57577,
,,,,,,,,,,,
CASH AND CASH EQUIVALENTSEND OF YEAR,CASH AND CASH EQUIVALENTSEND OF YEAR,CASH AND CASH EQUIVALENTSEND OF YEAR,CASH AND CASH EQUIVALENTSEND OF YEAR,CASH AND CASH EQUIVALENTSEND OF YEAR,,$,416477,,$,232636,
,,,,,,,,,,,
SUPPLEMENTAL DISCLOSURES,SUPPLEMENTAL DISCLOSURES,SUPPLEMENTAL DISCLOSURES,SUPPLEMENTAL DISCLOSURES,SUPPLEMENTAL DISCLOSURES,,,,,,,
,Interest Paid,Interest Paid,Interest Paid,Interest Paid,,$,53874,,$,80411,
,,,,,,,,,,,
