0,1,2
,10.1,"Employment Agreement with J. Wayne Moore dated May 28, 1999.* Previously filed as an exhibit to the Company's Form 10-K Annual Report for the fiscal year ended April 30, 1999 and incorporated herein by reference."
,,
,10.11,"Manatron, Inc. Executive Incentive Plan for 2000.*"
,,
,10.12,"Form of Indemnity Agreement.* Previously filed as an exhibit to the Company's Form 10-K Annual Report for the fiscal year ended April 30, 1998, and incorporated herein by reference."
,,
,10.13,"Property Revaluation Articles of Agreement for Allegheny County, Pennsylvania dated May 20, 1998. Previously filed as an exhibit to the Company's Form 10-Q Quarterly Report for the period ended July 31, 1998, and here incorporated by reference."
,,
,10.14,"Restricted Stock Plan of 1998.* Previously filed as an exhibit to the Company's Definitive Proxy Statement for its Annual Meeting of Shareholders held October 8, 1998, and here incorporated by reference."
,,
,10.15,"Employee Stock Purchase Plan of 1998.* Previously filed as an exhibit to the Company's Definitive Proxy Statement for its Annual Meeting of Shareholders held October 8, 1998, and here incorporated by reference."
,,
,10.16,"Registration Rights Agreement dated May 28, 1999, between Manatron, Inc. and Jennings Wayne Moore. Previously filed as an exhibit to the Company's Form S-3, filed on September 21, 1999."
,,
,10.17,"Letter Loan Agreement between Comerica Bank and Manatron, Inc., dated April 20, 2000."
,,
,10.18,"Promissory Note between Comerica Bank and Manatron, Inc., dated April 20, 2000."
,,
,10.19,"Guaranty between Comerica Bank and Manatron, Inc., dated April 20, 2000."
