0,1,2,3,4,5,6,7,8,9,10,11,12,13,14,15,16
,,,,,,,,,,,,,,,,
,,,,,,2000,2000,2000,,1999,1999,1999,,1998,1998,1998
,,,,,,,,,,,,,,,,
,,,,,,,,,,,,,,,,
,,,,,,(dollars in thousands),(dollars in thousands),(dollars in thousands),(dollars in thousands),(dollars in thousands),(dollars in thousands),(dollars in thousands),(dollars in thousands),(dollars in thousands),(dollars in thousands),(dollars in thousands)
,,,,,,,,,,,,,,,,
,,,,,,,,,,,,,,,,
,,,,,,,,,,,,,,,,
,,,,,,,,,,,,,,,,
Cash flows from operating activities:,Cash flows from operating activities:,Cash flows from operating activities:,Cash flows from operating activities:,Cash flows from operating activities:,,,,,,,,,,,,
,,,,,,,,,,,,,,,,
,,,,,,,,,,,,,,,,
,,,,,,,,,,,,,,,,
,,,,,,,,,,,,,,,,
,Net earnings (loss),Net earnings (loss),Net earnings (loss),Net earnings (loss),,$,"(7,526",),,,206,,,,5863,
,,,,,,,,,,,,,,,,
,,,,,,,,,,,,,,,,
,,,,,,,,,,,,,,,,
,,,,,,,,,,,,,,,,
,Adjustments to reconcile net earnings (loss) to net cash 	provided by (used in) operating activities:,Adjustments to reconcile net earnings (loss) to net cash 	provided by (used in) operating activities:,Adjustments to reconcile net earnings (loss) to net cash 	provided by (used in) operating activities:,Adjustments to reconcile net earnings (loss) to net cash 	provided by (used in) operating activities:,,,,,,,,,,,,
,,,,,,,,,,,,,,,,
,,,,,,,,,,,,,,,,
,,,,,,,,,,,,,,,,
,,,,,,,,,,,,,,,,
,,Equity in net (earnings) losses of affiliates,Equity in net (earnings) losses of affiliates,Equity in net (earnings) losses of affiliates,,,(289,),,,103,,,,(114,)
,,,,,,,,,,,,,,,,
,,,,,,,,,,,,,,,,
,,,,,,,,,,,,,,,,
,,,,,,,,,,,,,,,,
,,Depreciation and amortization,Depreciation and amortization,Depreciation and amortization,,,5888,,,,5122,,,,5338,
,,,,,,,,,,,,,,,,
,,,,,,,,,,,,,,,,
,,,,,,,,,,,,,,,,
,,,,,,,,,,,,,,,,
,,Deferred income tax expense (benefit),Deferred income tax expense (benefit),Deferred income tax expense (benefit),,,"(5,761",),,,5,,,,"(1,211",)
,,,,,,,,,,,,,,,,
,,,,,,,,,,,,,,,,
,,,,,,,,,,,,,,,,
,,,,,,,,,,,,,,,,
,,Loss (gain) on sales of assets,Loss (gain) on sales of assets,Loss (gain) on sales of assets,,,(4,),,,(45,),,,956,
,,,,,,,,,,,,,,,,
,,,,,,,,,,,,,,,,
,,,,,,,,,,,,,,,,
,,,,,,,,,,,,,,,,
,,Restructuring costs,Restructuring costs,Restructuring costs,,,5437,,,,,,,,,
,,,,,,,,,,,,,,,,
,,,,,,,,,,,,,,,,
,,,,,,,,,,,,,,,,
,,,,,,,,,,,,,,,,
,,"Other, net","Other, net","Other, net",,,(579,),,,142,,,,165,
,,,,,,,,,,,,,,,,
,,,,,,,,,,,,,,,,
,,,,,,,,,,,,,,,,
,,,,,,,,,,,,,,,,
,,Changes in net assets and liabilities:,Changes in net assets and liabilities:,Changes in net assets and liabilities:,,,,,,,,,,,,
,,,,,,,,,,,,,,,,
,,,,,,,,,,,,,,,,
,,,,,,,,,,,,,,,,
,,,,,,,,,,,,,,,,
,,,Trade accounts and notes receivable and due from affiliates,Trade accounts and notes receivable and due from affiliates,,,8664,,,,40375,,,,"(16,949",)
,,,,,,,,,,,,,,,,
,,,,,,,,,,,,,,,,
,,,,,,,,,,,,,,,,
,,,,,,,,,,,,,,,,
,,,Inventories,Inventories,,,3754,,,,8863,,,,3334,
,,,,,,,,,,,,,,,,
,,,,,,,,,,,,,,,,
,,,,,,,,,,,,,,,,
,,,,,,,,,,,,,,,,
,,,Prepaid expenses and other assets,Prepaid expenses and other assets,,,996,,,,452,,,,"(2,389",)
,,,,,,,,,,,,,,,,
,,,,,,,,,,,,,,,,
,,,,,,,,,,,,,,,,
,,,,,,,,,,,,,,,,
,,,Accounts payable,Accounts payable,,,"(2,151",),,,"(36,885",),,,"(3,597",)
,,,,,,,,,,,,,,,,
,,,,,,,,,,,,,,,,
,,,,,,,,,,,,,,,,
,,,,,,,,,,,,,,,,
,,,Accrued expenses and other liabilities,Accrued expenses and other liabilities,,,1077,,,,"(1,817",),,,"(2,391",)
,,,,,,,,,,,,,,,,
,,,,,,,,,,,,,,,,
,,,,,,,,,,,,,,,,
,,,,,,,,,,,,,,,,
,,,"Income taxes, net","Income taxes, net",,,3126,,,,"(3,895",),,,"(1,585",)
,,,,,,,,,,,,,,,,
,,,,Net cash provided by (used in) operating activities,,,12632,,,,12626,,,,"(12,580",)
,,,,,,,,,,,,,,,,
Cash flows from investing activities:,Cash flows from investing activities:,Cash flows from investing activities:,Cash flows from investing activities:,Cash flows from investing activities:,,,,,,,,,,,,
,,,,,,,,,,,,,,,,
,,,,,,,,,,,,,,,,
,,,,,,,,,,,,,,,,
,,,,,,,,,,,,,,,,
,Capital expenditures,Capital expenditures,Capital expenditures,Capital expenditures,,,"(1,887",),,,"(1,642",),,,"(14,351",)
,,,,,,,,,,,,,,,,
,,,,,,,,,,,,,,,,
,,,,,,,,,,,,,,,,
,,,,,,,,,,,,,,,,
,Proceeds from sales of assets,Proceeds from sales of assets,Proceeds from sales of assets,Proceeds from sales of assets,,,70,,,,74,,,,572,
,,,,,,,,,,,,,,,,
,,,,,,,,,,,,,,,,
,,,,,,,,,,,,,,,,
,,,,,,,,,,,,,,,,
,Other investing activities,Other investing activities,Other investing activities,Other investing activities,,,(77,),,,(16,),,,"(2,503",)
,,,,,,,,,,,,,,,,
,,,,Net cash used in investing activities,,,"(1,894",),,,"(1,584",),,,"(16,282",)
,,,,,,,,,,,,,,,,
Cash flows from financing activities:,Cash flows from financing activities:,Cash flows from financing activities:,Cash flows from financing activities:,Cash flows from financing activities:,,,,,,,,,,,,
,,,,,,,,,,,,,,,,
,,,,,,,,,,,,,,,,
,,,,,,,,,,,,,,,,
,,,,,,,,,,,,,,,,
,Dividends paid,Dividends paid,Dividends paid,Dividends paid,,,,,,,"(1,042",),,,"(1,750",)
,,,,,,,,,,,,,,,,
,,,,,,,,,,,,,,,,
,,,,,,,,,,,,,,,,
,,,,,,,,,,,,,,,,
,"Short-term borrowings, net","Short-term borrowings, net","Short-term borrowings, net","Short-term borrowings, net",,,"(6,766",),,,"(13,793",),,,23086,
,,,,,,,,,,,,,,,,
,,,,,,,,,,,,,,,,
,,,,,,,,,,,,,,,,
,,,,,,,,,,,,,,,,
,Principal payments under capital lease obligations,Principal payments under capital lease obligations,Principal payments under capital lease obligations,Principal payments under capital lease obligations,,,(437,),,,(39,),,,546,
,,,,,,,,,,,,,,,,
,,,,,,,,,,,,,,,,
,,,,,,,,,,,,,,,,
,,,,,,,,,,,,,,,,
,Proceeds from long-term debt,Proceeds from long-term debt,Proceeds from long-term debt,Proceeds from long-term debt,,,6867,,,,6131,,,,13866,
,,,,,,,,,,,,,,,,
,,,,,,,,,,,,,,,,
,,,,,,,,,,,,,,,,
,,,,,,,,,,,,,,,,
,Principal payments on long-term borrowings,Principal payments on long-term borrowings,Principal payments on long-term borrowings,Principal payments on long-term borrowings,,,"(5,501",),,,"(7,583",),,,"(3,909",)
,,,,,,,,,,,,,,,,
,,,,Net cash provided by (used in) financing activities,,,"(5,837",),,,"(16,326",),,,31839,
,,,,,,,,,,,,,,,,
Effect of foreign currency rate changes on cash,Effect of foreign currency rate changes on cash,Effect of foreign currency rate changes on cash,Effect of foreign currency rate changes on cash,Effect of foreign currency rate changes on cash,,,625,,,,459,,,,"(1,191",)
,,,,,,,,,,,,,,,,
,,,,Net increase (decrease) in cash and cash equivalents,,,5526,,,,"(4,825",),,,1786,
,,,,,,,,,,,,,,,,
,,,,,,,,,,,,,,,,
,,,,,,,,,,,,,,,,
,,,,,,,,,,,,,,,,
Cash and cash equivalents at beginning of year,Cash and cash equivalents at beginning of year,Cash and cash equivalents at beginning of year,Cash and cash equivalents at beginning of year,Cash and cash equivalents at beginning of year,,,4058,,,,8883,,,,7097,
,,,,,,,,,,,,,,,,
Cash and cash equivalents at end of year,Cash and cash equivalents at end of year,Cash and cash equivalents at end of year,Cash and cash equivalents at end of year,Cash and cash equivalents at end of year,,$,9584,,,,4058,,,,8883,
,,,,,,,,,,,,,,,,
Supplemental cash flow information:,Supplemental cash flow information:,Supplemental cash flow information:,Supplemental cash flow information:,Supplemental cash flow information:,,,,,,,,,,,,
,,,,,,,,,,,,,,,,
,,,,,,,,,,,,,,,,
,,,,,,,,,,,,,,,,
,,,,,,,,,,,,,,,,
,Cash paid during the year for:,Cash paid during the year for:,Cash paid during the year for:,Cash paid during the year for:,,,,,,,,,,,,
,,,,,,,,,,,,,,,,
,,,,,,,,,,,,,,,,
,,,,,,,,,,,,,,,,
,,,,,,,,,,,,,,,,
,,Interest,Interest,Interest,,$,1052,,,,1003,,,,1135,
,,,,,,,,,,,,,,,,
,,,,,,,,,,,,,,,,
,,,,,,,,,,,,,,,,
,,,,,,,,,,,,,,,,
,,Income taxes,Income taxes,Income taxes,,$,1259,,,,6322,,,,8043,
,,,,,,,,,,,,,,,,
,,,,,,,,,,,,,,,,
,,,,,,,,,,,,,,,,
,,,,,,,,,,,,,,,,
,Capital lease obligation increase during the period,Capital lease obligation increase during the period,Capital lease obligation increase during the period,Capital lease obligation increase during the period,,$,,,,,263,,,,528,
,,,,,,,,,,,,,,,,
