0,1,2,3,4,5,6,7,8,9,10
,,,,,,,,,,
,,,,,,,,,,
,,,,"April 30,","April 30,","April 30,","April 30,","April 30,","April 30,","April 30,"
,,,,,,,,,,
,,,,2000,2000,2000,,1999,1999,1999
,,,,,,,,,,
,,,,,,,,,,
,,,,,,,,,,
,,,,,,,,,,
,,,,,,,,,,
Assets,Assets,Assets,Assets,Assets,Assets,Assets,Assets,Assets,Assets,Assets
,,,,,,,,,,
,,,,,,,,,,
,,,,,,,,,,
,,,,,,,,,,
Current assets:,Current assets:,Current assets:,,,,,,,,
,,,,,,,,,,
,,,,,,,,,,
,,,,,,,,,,
,,,,,,,,,,
,Cash and short-term investments,Cash and short-term investments,,$,14884,,,,8963,
,,,,,,,,,,
,,,,,,,,,,
,,,,,,,,,,
,,,,,,,,,,
,"Trade accounts receivable, net and due from affiliates","Trade accounts receivable, net and due from affiliates",,,52085,,,,55670,
,,,,,,,,,,
,,,,,,,,,,
,,,,,,,,,,
,,,,,,,,,,
,Inventories,Inventories,,,8150,,,,13445,
,,,,,,,,,,
,,,,,,,,,,
,,,,,,,,,,
,,,,,,,,,,
,Prepaid expenses and other current assets,Prepaid expenses and other current assets,,,3984,,,,3682,
,,,,,,,,,,
,,Total current assets,,,79103,,,,81760,
,,,,,,,,,,
,,,,,,,,,,
,,,,,,,,,,
,,,,,,,,,,
"Property, plant, and equipment, net","Property, plant, and equipment, net","Property, plant, and equipment, net",,,33535,,,,36003,
,,,,,,,,,,
,,,,,,,,,,
,,,,,,,,,,
,,,,,,,,,,
Other assets,Other assets,Other assets,,,14895,,,,10759,
,,,,,,,,,,
,,Total assets,,$,127533,,,,128522,
,,,,,,,,,,
,,,,,,,,,,
,,,,,,,,,,
,,,,,,,,,,
,,,,,,,,,,
Liabilities and Stockholders Equity,Liabilities and Stockholders Equity,Liabilities and Stockholders Equity,Liabilities and Stockholders Equity,Liabilities and Stockholders Equity,Liabilities and Stockholders Equity,Liabilities and Stockholders Equity,Liabilities and Stockholders Equity,Liabilities and Stockholders Equity,Liabilities and Stockholders Equity,Liabilities and Stockholders Equity
,,,,,,,,,,
,,,,,,,,,,
,,,,,,,,,,
,,,,,,,,,,
Current liabilities:,Current liabilities:,Current liabilities:,,,,,,,,
,,,,,,,,,,
,,,,,,,,,,
,,,,,,,,,,
,,,,,,,,,,
,Short-term borrowings and current portion of long-term debt,Short-term borrowings and current portion of long-term debt,,$,24586,,,,26381,
,,,,,,,,,,
,,,,,,,,,,
,,,,,,,,,,
,,,,,,,,,,
,Accounts payable,Accounts payable,,,25713,,,,25546,
,,,,,,,,,,
,,,,,,,,,,
,,,,,,,,,,
,,,,,,,,,,
,Accrued liabilities,Accrued liabilities,,,8412,,,,5862,
,,,,,,,,,,
,,,,,,,,,,
,,,,,,,,,,
,,,,,,,,,,
,Income taxes payable,Income taxes payable,,,1610,,,,,
,,,,,,,,,,
,,Total current liabilities,,,60321,,,,57789,
,,,,,,,,,,
Long-term debt,Long-term debt,Long-term debt,,,20455,,,,19607,
,,,,,,,,,,
,,,,,,,,,,
,,,,,,,,,,
,,,,,,,,,,
Other long-term liabilities,Other long-term liabilities,Other long-term liabilities,,,7141,,,,7599,
,,,,,,,,,,
,,Total long-term liabilities,,,27596,,,,27206,
,,,,,,,,,,
Stockholders equity,Stockholders equity,Stockholders equity,,,39616,,,,43527,
,,,,,,,,,,
,,Total liabilities and stockholders equity,,$,127533,,,,128522,
,,,,,,,,,,
