Unnamed: 0_level_0,Unnamed: 1_level_0,Unnamed: 2_level_0,"Years ended June 30,","Years ended June 30,","Years ended June 30,","Years ended June 30,","Years ended June 30,",Unnamed: 8_level_0,Unnamed: 9_level_0
Unnamed: 0_level_1,Unnamed: 1_level_1,Unnamed: 2_level_1,2000,2000.1,Unnamed: 5_level_1,1999,1999.1,Unnamed: 8_level_1,Unnamed: 9_level_1
Identifiable assets,Identifiable assets,,,,,,,,
,Hyaluronan products,,$,50003000.0,,$,48279000.0,,
,Oral restorative products,,,14736000.0,,,19975000.0,,
,General corporate,,,1049000.0,,,543000.0,,
,,,,,,,,,
,,,$,65788000.0,,$,68797000.0,,
,,,,,,,,,
