0,1,2,3,4,5,6,7,8,9,10,11,12,13,14
,,,,,,,,,,,,,,
,,,,,,,,,,,,Period From,Period From,Period From
,,,,Year Ended June 30,Year Ended June 30,Year Ended June 30,Year Ended June 30,Year Ended June 30,Year Ended June 30,Year Ended June 30,,"July 19, 1988","July 19, 1988","July 19, 1988"
,,,,,,,,,,,,(Inception) to,(Inception) to,(Inception) to
,,,,1999,1999,1999,,2000,2000,2000,,"June 30, 2000","June 30, 2000","June 30, 2000"
,,,,,,,,,,,,,,
Revenue:,Revenue:,Revenue:,,,,,,,,,,,,
,,,,,,,,,,,,,,
,,,,,,,,,,,,,,
,,,,,,,,,,,,,,
,,,,,,,,,,,,,,
,Equipment sales,Equipment sales,,$,381247,,,$,423490,,,$,804737,
,,,,,,,,,,,,,,
,,,,,,,,,,,,,,
,,,,,,,,,,,,,,
,,,,,,,,,,,,,,
Cost and Expenses:,Cost and Expenses:,Cost and Expenses:,,,,,,,,,,,,
,,,,,,,,,,,,,,
,,,,,,,,,,,,,,
,,,,,,,,,,,,,,
,,,,,,,,,,,,,,
,Cost of equipment sales,Cost of equipment sales,,,138788,,,,119122,,,,257910,
,,,,,,,,,,,,,,
,,,,,,,,,,,,,,
,,,,,,,,,,,,,,
,,,,,,,,,,,,,,
,Research and development,Research and development,,,575645,,,,430019,,,,2564963,
,,,,,,,,,,,,,,
,,,,,,,,,,,,,,
,,,,,,,,,,,,,,
,,,,,,,,,,,,,,
,"Selling, general and administrative","Selling, general and administrative",,,2295424,,,,3512764,,,,7680631,
,,,,,,,,,,,,,,
,,Total Cost and Expenses,,,3009857,,,,4061905,,,,10503504,
,,,,,,,,,,,,,,
Operating Loss,Operating Loss,Operating Loss,,,"(2,628,610",),,,"(3,638,415",),,,"(9,698,767",)
,,,,,,,,,,,,,,
,,,,,,,,,,,,,,
,,,,,,,,,,,,,,
,,,,,,,,,,,,,,
Other Income (Expense):,Other Income (Expense):,Other Income (Expense):,,,,,,,,,,,,
,,,,,,,,,,,,,,
,,,,,,,,,,,,,,
,,,,,,,,,,,,,,
,,,,,,,,,,,,,,
,Interest income,Interest income,,,414515,,,,314108,,,,931147,
,,,,,,,,,,,,,,
,,,,,,,,,,,,,,
,,,,,,,,,,,,,,
,,,,,,,,,,,,,,
,Interest expense,Interest expense,,,,,,,,,,,"(47,031",)
,,,,,,,,,,,,,,
,,,,,414515,,,,314108,,,,884116,
,,,,,,,,,,,,,,
,,Net Loss and Deficit Accumulated During the Development Stage,,$,"(2,214,095",),,$,"(3,324,307",),,$,"(8,814,651",)
,,,,,,,,,,,,,,
Basic and Dilutive Net Loss per Share,Basic and Dilutive Net Loss per Share,Basic and Dilutive Net Loss per Share,,$,(.45,),,$,(.65,),,$,(5.37,)
,,,,,,,,,,,,,,
,,,,,,,,,,,,,,
,,,,,,,,,,,,,,
,,,,,,,,,,,,,,
Weighted Average Shares Outstanding,Weighted Average Shares Outstanding,Weighted Average Shares Outstanding,,,4973472,,,,5125791,,,,1640187,
