Unnamed: 0_level_0,Unnamed: 1_level_0,"Expected Maturity Date  Year Ended June 30,","Expected Maturity Date  Year Ended June 30,","Expected Maturity Date  Year Ended June 30,","Expected Maturity Date  Year Ended June 30,","Expected Maturity Date  Year Ended June 30,","Expected Maturity Date  Year Ended June 30,","Expected Maturity Date  Year Ended June 30,","Expected Maturity Date  Year Ended June 30,","Expected Maturity Date  Year Ended June 30,","Expected Maturity Date  Year Ended June 30,","Expected Maturity Date  Year Ended June 30,","Expected Maturity Date  Year Ended June 30,","Expected Maturity Date  Year Ended June 30,","Expected Maturity Date  Year Ended June 30,",Unnamed: 16_level_0,There- after,There- after,Unnamed: 19_level_0,Total,Total,Unnamed: 22_level_0,Fair Value,Unnamed: 24_level_0,Unnamed: 25_level_0,Unnamed: 26_level_0,Unnamed: 27_level_0,Unnamed: 28_level_0,Unnamed: 29_level_0,Unnamed: 30_level_0,Unnamed: 31_level_0,Unnamed: 32_level_0,Unnamed: 33_level_0,Unnamed: 34_level_0,Unnamed: 35_level_0,Unnamed: 36_level_0,Unnamed: 37_level_0,Unnamed: 38_level_0,Unnamed: 39_level_0,Unnamed: 40_level_0,Unnamed: 41_level_0,Unnamed: 42_level_0,Unnamed: 43_level_0,Unnamed: 44_level_0,Unnamed: 45_level_0,Unnamed: 46_level_0,Unnamed: 47_level_0
(in thousands of dollars),Unnamed: 1_level_1,2000,2000.1,Unnamed: 4_level_1,2001,2001.1,Unnamed: 7_level_1,2002,2002.1,Unnamed: 10_level_1,2003,2003.1,Unnamed: 13_level_1,2004,2004.1,There- after,There- after,Total,Total,Fair Value,Unnamed: 21_level_1,Unnamed: 22_level_1,Unnamed: 23_level_1,Unnamed: 24_level_1,Unnamed: 25_level_1,Unnamed: 26_level_1,Unnamed: 27_level_1,Unnamed: 28_level_1,Unnamed: 29_level_1,Unnamed: 30_level_1,Unnamed: 31_level_1,Unnamed: 32_level_1,Unnamed: 33_level_1,Unnamed: 34_level_1,Unnamed: 35_level_1,Unnamed: 36_level_1,Unnamed: 37_level_1,Unnamed: 38_level_1,Unnamed: 39_level_1,Unnamed: 40_level_1,Unnamed: 41_level_1,Unnamed: 42_level_1,Unnamed: 43_level_1,Unnamed: 44_level_1,Unnamed: 45_level_1,Unnamed: 46_level_1,Unnamed: 47_level_1
Rate-Sensitive Liabilities:,,,,,,,,,,,,,,,,,,,,,,,,,,,,,,,,,,,,,,,,,,,,,,,
,,,,,,,,,,,,,,,,,,,,,,,,,,,,,,,,,,,,,,,,,,,,,,,
,,,,,,,,,,,,,,,,,,,,,,,,,,,,,,,,,,,,,,,,,,,,,,,
Variable rate borrowings  under warehouse facilities (US),,"$ 244,344",,,"$ 10,000",,,,,,,,,,,,,,,"$ 254,344",,,"$ 254,344",,,,,,,,,,,,,,,,,,,,,,,,
Average interest rate,,6.68,%,,6.34,%,,,,,,,,,,,,,,6.67,%,,,,,,,,,,,,,,,,,,,,,,,,,,
,,,,,,,,,,,,,,,,,,,,,,,,,,,,,,,,,,,,,,,,,,,,,,,
,,,,,,,,,,,,,,,,,,,,,,,,,,,,,,,,,,,,,,,,,,,,,,,
Variable rate borrowings  under warehouse facilities (AUD),,"$ 1,939",,,,,,,,,,,,,,,,,,"$ 1,939",,,"$ 1,939",,,,,,,,,,,,,,,,,,,,,,,,
Average interest rate,,6.11,%,,,,,,,,,,,,,,,,,6.11,%,,,,,,,,,,,,,,,,,,,,,,,,,,
,,,,,,,,,,,,,,,,,,,,,,,,,,,,,,,,,,,,,,,,,,,,,,,
,,,,,,,,,,,,,,,,,,,,,,,,,,,,,,,,,,,,,,,,,,,,,,,
Variable rate borrowings  under warehouse facilities (EUR),,"$ 9,263",,,,,,,,,,,,,,,,,,"$ 9,263",,,"$ 9,263",,,,,,,,,,,,,,,,,,,,,,,,
Average interest rate,,4.49,%,,,,,,,,,,,,,,,,,4.49,%,,,,,,,,,,,,,,,,,,,,,,,,,,
,,,,,,,,,,,,,,,,,,,,,,,,,,,,,,,,,,,,,,,,,,,,,,,
,,,,,,,,,,,,,,,,,,,,,,,,,,,,,,,,,,,,,,,,,,,,,,,
Variable rate borrowings  under warehouse facilities (GBP),,,,,"$ 4,887",,,,,,,,,,,,,,,"$ 4,887",,,"$ 4,887",,,,,,,,,,,,,,,,,,,,,,,,
Average interest rate,,,,,6.73,%,,,,,,,,,,,,,,6.73,%,,,,,,,,,,,,,,,,,,,,,,,,,,
,,,,,,,,,,,,,,,,,,,,,,,,,,,,,,,,,,,,,,,,,,,,,,,
,,,,,,,,,,,,,,,,,,,,,,,,,,,,,,,,,,,,,,,,,,,,,,,
Fixed rate discounted  receivables (US),,"$ 81,435",,,"$ 52,262",,,"$ 27,007",,,"$ 12,715",,,"$ 2,497",,,$ 644,,,"$ 176,560",,,"$ 177,279",,,,,,,,,,,,,,,,,,,,,,,,
Average interest rate,,6.90,%,,6.45,%,,6.25,%,,6.16,%,,6.14,%,,6.14,%,,6.90,%,,,,,,,,,,,,,,,,,,,,,,,,,,
,,,,,,,,,,,,,,,,,,,,,,,,,,,,,,,,,,,,,,,,,,,,,,,
,,,,,,,,,,,,,,,,,,,,,,,,,,,,,,,,,,,,,,,,,,,,,,,
Variable rate discounted  receivables (US),,"$ 25,000",,,"$ 75,000",,,,,,,,,,,,,,,"$ 100,000",,,"$ 100,000",,,,,,,,,,,,,,,,,,,,,,,,
Average interest rate,,7.17,%,,5.75,%,,,,,,,,,,,,,,6.11,%,,,,,,,,,,,,,,,,,,,,,,,,,,
,,,,,,,,,,,,,,,,,,,,,,,,,,,,,,,,,,,,,,,,,,,,,,,
,,,,,,,,,,,,,,,,,,,,,,,,,,,,,,,,,,,,,,,,,,,,,,,
Senior notes (US),,,,,,,,,,,,,,"$155,000",,,,,,"$ 155,000",,,"$ 150,350",,,,,,,,,,,,,,,,,,,,,,,,
Average interest rate,,,,,,,,,,,,,,9.88,%,,,,,9.88,%,,,,,,,,,,,,,,,,,,,,,,,,,,
,,,,,,,,,,,,,,,,,,,,,,,,,,,,,,,,,,,,,,,,,,,,,,,
,,,,,,,,,,,,,,,,,,,,,,,,,,,,,,,,,,,,,,,,,,,,,,,
Other debt (US),,"$ 8,573",,,"$ 8,525",,,"$ 6,571",,,"$ 5,884",,,"$ 2,000",,,"$25,000",,,"$ 56,553",,,"$ 56,385",,,,,,,,,,,,,,,,,,,,,,,,
Average interest rate,,8.40,%,,8.38,%,,8.36,%,,8.38,%,,8.34,%,,7.85,%,,8.15,%,,,,,,,,,,,,,,,,,,,,,,,,,,
,,,,,,,,,,,,,,,,,,,,,,,,,,,,,,,,,,,,,,,,,,,,,,,
,,,,,,,,,,,,,,,,,,,,,,,,,,,,,,,,,,,,,,,,,,,,,,,
Convertible sub notes (US),,,,,,,,"$ 13,900",,,,,,,,,,,,"$ 13,900",,,"$ 22,456",,,,,,,,,,,,,,,,,,,,,,,,
Average interest rate,,,,,,,,9.13,%,,,,,,,,,,,9.13,%,,,,,,,,,,,,,,,,,,,,,,,,,,
,,,,,,,,,,,,,,,,,,,,,,,,,,,,,,,,,,,,,,,,,,,,,,,
,,,,,,,,,,,,,,,,,,,,,,,,,,,,,,,,,,,,,,,,,,,,,,,
,,,,,,,,,,,,,,,,,,,,,,,,,,,,,,,,,,,,,,,,,,,,,,,
Totals,,"$ 370,554",,,"$ 150,674",,,"$ 47,478",,,"$ 18,599",,,"$159,497",,,"$25,644",,,"$ 772,446",,,"$ 776,903",,,,,,,,,,,,,,,,,,,,,,,,
,,,,,,,,,,,,,,,,,,,,,,,,,,,,,,,,,,,,,,,,,,,,,,,
,,,,,,,,,,,,,,,,,,,,,,,,,,,,,,,,,,,,,,,,,,,,,,,
,,,,,,,,,,,,,,,,,,,,,,,,,,,,,,,,,,,,,,,,,,,,,,,
Average interest rate,,6.74,%,,6.21,%,,7.39,%,,6.86,%,,9.80,%,,7.81,%,,7.35,%,,,,,,,,,,,,,,,,,,,,,,,,,,
,,,,,,,,,,,,,,,,,,,,,,,,,,,,,,,,,,,,,,,,,,,,,,,
