Unnamed: 0,Unnamed: 1,2000,2000.1,Unnamed: 4,1999,1999.1,Unnamed: 7,1998,1998.1,Unnamed: 10
Cash Flows From Operating Activities:,,,,,,,,,,
Net income (loss),,$,2418119,,$,"(5,414,259",),$,"(378,628",)
Adjustments to reconcile net income (loss) to net cash provided by (used in) operating activities:,,,,,,,,,,
Extraordinary item,,,,,,264684,,,,
Depreciation and amortization,,,651018,,,509548,,,346994,
Amortization of deferred financing costs,,,16500,,,,,,,
Non-cash compensation expense,,,45625,,,228125,,,,
Deferred income taxes,,,"(1,826,419",),,,,,"(26,133",)
(Increase) decrease in accounts receivable,,,"(717,373",),,144886,,,"(544,767",)
(Increase) decrease in inventories,,,"(1,145,421",),,33819,,,235079,
Decrease (increase) in prepaid expenses and other assets,,,116740,,,147631,,,"(322,850",)
Increase (decrease) in accounts payable and accrued expenses,,,433044,,,395717,,,"(147,740",)
(Decrease) increase in accrued restructuring costs,,,"(455,186",),,1084309,,,,
Increase in deferred revenue,,,797528,,,204615,,,91706,
(Decrease) increase in other non-current liabilities,,,"(30,000",),,7477,,,"(30,067",)
,,,,,,,,,,
Net cash provided by (used in) operating activities,,,304175,,,"(2,393,448",),,"(776,406",)
,,,,,,,,,,
Cash Flows From Investing Activities:,,,,,,,,,,
"Purchase of property, plant and equipment",,,"(563,025",),,"(1,252,649",),,"(4,859,980",)
Decrease in bond funds held by trustee,,,,,,778454,,,3904543,
,,,,,,,,,,
Net cash used in investing activities,,,"(563,025",),,"(474,195",),,"(955,437",)
,,,,,,,,,,
Cash Flows From Financing Activities:,,,,,,,,,,
"(Repayments of) proceeds from short term borrowings, net",,,"(644,445",),,644445,,,,
Repayments of long term debt,,,"(717,370",),,"(391,004",),,"(23,129",)
Payments of capital lease obligations,,,"(15,225",),,"(28,099",),,"(29,022",)
Net proceeds from sales of stock,,,1820435,,,16739,,,3399819,
Payment of debt issuance costs,,,,,,"(5,548",),,"(7,064",)
,,,,,,,,,,
Net cash provided by financing activities,,,443395,,,236533,,,3340604,
,,,,,,,,,,
Increase (decrease) in cash and cash equivalents,,,184545,,,"(2,631,110",),,1608761,
"Cash and cash equivalents, beginning of period",,,410595,,,3041705,,,1432944,
,,,,,,,,,,
"Cash and cash equivalents, end of period",,$,595140,,$,410595,,$,3041705,
,,,,,,,,,,
Cash paid during the period for:,,,,,,,,,,
Interest,,$,606112,,$,453108,,$,203865,
,,,,,,,,,,
Income taxes,,$,,,$,,,$,153800,
,,,,,,,,,,
Non-cash Transactions,,,,,,,,,,
Deferred financing costswarrants,,$,268952,,$,,,$,,
,,,,,,,,,,
Capital lease obligations,,$,95973,,$,,,$,,
,,,,,,,,,,
Tax benefit related to stock options,,$,76295,,$,,,$,,
,,,,,,,,,,
Note payable,,$,,,$,,,$,150000,
,,,,,,,,,,
