0,1,2,3,4,5,6,7,8
,,,,,,,,
FRONT COVER,FRONT COVER,FRONT COVER,FRONT COVER,FRONT COVER,FRONT COVER,FRONT COVER,FRONT COVER,FRONT COVER
,Item 1. Business,Item 1. Business,Item 1. Business,Item 1. Business,Item 1. Business,Item 1. Business,Item 1. Business,Item 1. Business
,Item 2. Properties,Item 2. Properties,Item 2. Properties,Item 2. Properties,Item 2. Properties,Item 2. Properties,Item 2. Properties,Item 2. Properties
,Item 3. Legal Proceedings,Item 3. Legal Proceedings,Item 3. Legal Proceedings,Item 3. Legal Proceedings,Item 3. Legal Proceedings,Item 3. Legal Proceedings,Item 3. Legal Proceedings,Item 3. Legal Proceedings
,Item 4. Submission of Votes,Item 4. Submission of Votes,Item 4. Submission of Votes,Item 4. Submission of Votes,Item 4. Submission of Votes,Item 4. Submission of Votes,Item 4. Submission of Votes,Item 4. Submission of Votes
PART II,PART II,PART II,PART II,PART II,PART II,PART II,PART II,PART II
,Item 5. Market for Registrants Common Equity and related Stockholder Matters,Item 5. Market for Registrants Common Equity and related Stockholder Matters,Item 5. Market for Registrants Common Equity and related Stockholder Matters,Item 5. Market for Registrants Common Equity and related Stockholder Matters,Item 5. Market for Registrants Common Equity and related Stockholder Matters,Item 5. Market for Registrants Common Equity and related Stockholder Matters,Item 5. Market for Registrants Common Equity and related Stockholder Matters,Item 5. Market for Registrants Common Equity and related Stockholder Matters
,,PRICE RANGE OF COMMON STOCK,PRICE RANGE OF COMMON STOCK,PRICE RANGE OF COMMON STOCK,PRICE RANGE OF COMMON STOCK,PRICE RANGE OF COMMON STOCK,PRICE RANGE OF COMMON STOCK,PRICE RANGE OF COMMON STOCK
,,DIVIDEND POLICY,DIVIDEND POLICY,DIVIDEND POLICY,DIVIDEND POLICY,DIVIDEND POLICY,DIVIDEND POLICY,DIVIDEND POLICY
,Item 6. Selected Financial Data,Item 6. Selected Financial Data,Item 6. Selected Financial Data,Item 6. Selected Financial Data,Item 6. Selected Financial Data,Item 6. Selected Financial Data,Item 6. Selected Financial Data,Item 6. Selected Financial Data
,Item 7. Managements Discussion and Analysis of Financial Condition and Results of Operations,Item 7. Managements Discussion and Analysis of Financial Condition and Results of Operations,Item 7. Managements Discussion and Analysis of Financial Condition and Results of Operations,Item 7. Managements Discussion and Analysis of Financial Condition and Results of Operations,Item 7. Managements Discussion and Analysis of Financial Condition and Results of Operations,Item 7. Managements Discussion and Analysis of Financial Condition and Results of Operations,Item 7. Managements Discussion and Analysis of Financial Condition and Results of Operations,Item 7. Managements Discussion and Analysis of Financial Condition and Results of Operations
,Item 7a. Quantitative and Qualitative Disclosures About Market Risk,Item 7a. Quantitative and Qualitative Disclosures About Market Risk,Item 7a. Quantitative and Qualitative Disclosures About Market Risk,Item 7a. Quantitative and Qualitative Disclosures About Market Risk,Item 7a. Quantitative and Qualitative Disclosures About Market Risk,Item 7a. Quantitative and Qualitative Disclosures About Market Risk,Item 7a. Quantitative and Qualitative Disclosures About Market Risk,Item 7a. Quantitative and Qualitative Disclosures About Market Risk
,Item 8. Financial Statements and Supplementary Data,Item 8. Financial Statements and Supplementary Data,Item 8. Financial Statements and Supplementary Data,Item 8. Financial Statements and Supplementary Data,Item 8. Financial Statements and Supplementary Data,Item 8. Financial Statements and Supplementary Data,Item 8. Financial Statements and Supplementary Data,Item 8. Financial Statements and Supplementary Data
REPORT OF INDEPENDENT ACCOUNTANTS,REPORT OF INDEPENDENT ACCOUNTANTS,REPORT OF INDEPENDENT ACCOUNTANTS,REPORT OF INDEPENDENT ACCOUNTANTS,REPORT OF INDEPENDENT ACCOUNTANTS,REPORT OF INDEPENDENT ACCOUNTANTS,REPORT OF INDEPENDENT ACCOUNTANTS,REPORT OF INDEPENDENT ACCOUNTANTS,REPORT OF INDEPENDENT ACCOUNTANTS
CONSOLIDATED BALANCE SHEETS,CONSOLIDATED BALANCE SHEETS,CONSOLIDATED BALANCE SHEETS,CONSOLIDATED BALANCE SHEETS,CONSOLIDATED BALANCE SHEETS,CONSOLIDATED BALANCE SHEETS,CONSOLIDATED BALANCE SHEETS,CONSOLIDATED BALANCE SHEETS,CONSOLIDATED BALANCE SHEETS
CONSOLIDATED STATEMENTS OF OPERATIONS,CONSOLIDATED STATEMENTS OF OPERATIONS,CONSOLIDATED STATEMENTS OF OPERATIONS,CONSOLIDATED STATEMENTS OF OPERATIONS,CONSOLIDATED STATEMENTS OF OPERATIONS,CONSOLIDATED STATEMENTS OF OPERATIONS,CONSOLIDATED STATEMENTS OF OPERATIONS,CONSOLIDATED STATEMENTS OF OPERATIONS,CONSOLIDATED STATEMENTS OF OPERATIONS
CONSOLIDATED STATEMENTS OF REDEEMABLE CONVERTIBLE PREFERRED STOCK AND STOCKHOLDERS EQUITY,CONSOLIDATED STATEMENTS OF REDEEMABLE CONVERTIBLE PREFERRED STOCK AND STOCKHOLDERS EQUITY,CONSOLIDATED STATEMENTS OF REDEEMABLE CONVERTIBLE PREFERRED STOCK AND STOCKHOLDERS EQUITY,CONSOLIDATED STATEMENTS OF REDEEMABLE CONVERTIBLE PREFERRED STOCK AND STOCKHOLDERS EQUITY,CONSOLIDATED STATEMENTS OF REDEEMABLE CONVERTIBLE PREFERRED STOCK AND STOCKHOLDERS EQUITY,CONSOLIDATED STATEMENTS OF REDEEMABLE CONVERTIBLE PREFERRED STOCK AND STOCKHOLDERS EQUITY,CONSOLIDATED STATEMENTS OF REDEEMABLE CONVERTIBLE PREFERRED STOCK AND STOCKHOLDERS EQUITY,CONSOLIDATED STATEMENTS OF REDEEMABLE CONVERTIBLE PREFERRED STOCK AND STOCKHOLDERS EQUITY,CONSOLIDATED STATEMENTS OF REDEEMABLE CONVERTIBLE PREFERRED STOCK AND STOCKHOLDERS EQUITY
CONSOLIDATED STATEMENTS OF CASH FLOWS,CONSOLIDATED STATEMENTS OF CASH FLOWS,CONSOLIDATED STATEMENTS OF CASH FLOWS,CONSOLIDATED STATEMENTS OF CASH FLOWS,CONSOLIDATED STATEMENTS OF CASH FLOWS,CONSOLIDATED STATEMENTS OF CASH FLOWS,CONSOLIDATED STATEMENTS OF CASH FLOWS,CONSOLIDATED STATEMENTS OF CASH FLOWS,CONSOLIDATED STATEMENTS OF CASH FLOWS
NOTES TO CONSOLIDATED FINANCIAL STATEMENTS,NOTES TO CONSOLIDATED FINANCIAL STATEMENTS,NOTES TO CONSOLIDATED FINANCIAL STATEMENTS,NOTES TO CONSOLIDATED FINANCIAL STATEMENTS,NOTES TO CONSOLIDATED FINANCIAL STATEMENTS,NOTES TO CONSOLIDATED FINANCIAL STATEMENTS,NOTES TO CONSOLIDATED FINANCIAL STATEMENTS,NOTES TO CONSOLIDATED FINANCIAL STATEMENTS,NOTES TO CONSOLIDATED FINANCIAL STATEMENTS
REPORT OF INDEPENDENT ACCOUNTANTS,REPORT OF INDEPENDENT ACCOUNTANTS,REPORT OF INDEPENDENT ACCOUNTANTS,REPORT OF INDEPENDENT ACCOUNTANTS,REPORT OF INDEPENDENT ACCOUNTANTS,REPORT OF INDEPENDENT ACCOUNTANTS,REPORT OF INDEPENDENT ACCOUNTANTS,REPORT OF INDEPENDENT ACCOUNTANTS,REPORT OF INDEPENDENT ACCOUNTANTS
SCHEDULE II -- VALUATION AND QUALIFYING ACCOUNTS,SCHEDULE II -- VALUATION AND QUALIFYING ACCOUNTS,SCHEDULE II -- VALUATION AND QUALIFYING ACCOUNTS,SCHEDULE II -- VALUATION AND QUALIFYING ACCOUNTS,SCHEDULE II -- VALUATION AND QUALIFYING ACCOUNTS,SCHEDULE II -- VALUATION AND QUALIFYING ACCOUNTS,SCHEDULE II -- VALUATION AND QUALIFYING ACCOUNTS,SCHEDULE II -- VALUATION AND QUALIFYING ACCOUNTS,SCHEDULE II -- VALUATION AND QUALIFYING ACCOUNTS
PART III,PART III,PART III,PART III,PART III,PART III,PART III,PART III,PART III
,Item 10. Directors and Executive Officers of the Registrant,Item 10. Directors and Executive Officers of the Registrant,Item 10. Directors and Executive Officers of the Registrant,Item 10. Directors and Executive Officers of the Registrant,Item 10. Directors and Executive Officers of the Registrant,Item 10. Directors and Executive Officers of the Registrant,Item 10. Directors and Executive Officers of the Registrant,Item 10. Directors and Executive Officers of the Registrant
,Item 11. Executive Compensation,Item 11. Executive Compensation,Item 11. Executive Compensation,Item 11. Executive Compensation,Item 11. Executive Compensation,Item 11. Executive Compensation,Item 11. Executive Compensation,Item 11. Executive Compensation
,Item 12. Security Ownership of Certain Beneficial Owners and Management,Item 12. Security Ownership of Certain Beneficial Owners and Management,Item 12. Security Ownership of Certain Beneficial Owners and Management,Item 12. Security Ownership of Certain Beneficial Owners and Management,Item 12. Security Ownership of Certain Beneficial Owners and Management,Item 12. Security Ownership of Certain Beneficial Owners and Management,Item 12. Security Ownership of Certain Beneficial Owners and Management,Item 12. Security Ownership of Certain Beneficial Owners and Management
,Item 13. Certain Relationships and Related Transactions,Item 13. Certain Relationships and Related Transactions,Item 13. Certain Relationships and Related Transactions,Item 13. Certain Relationships and Related Transactions,Item 13. Certain Relationships and Related Transactions,Item 13. Certain Relationships and Related Transactions,Item 13. Certain Relationships and Related Transactions,Item 13. Certain Relationships and Related Transactions
PART IV,PART IV,PART IV,PART IV,PART IV,PART IV,PART IV,PART IV,PART IV
,"Item 14. Exhibits, Financial Statement Schedules, and Reports on Form 8-K","Item 14. Exhibits, Financial Statement Schedules, and Reports on Form 8-K","Item 14. Exhibits, Financial Statement Schedules, and Reports on Form 8-K","Item 14. Exhibits, Financial Statement Schedules, and Reports on Form 8-K","Item 14. Exhibits, Financial Statement Schedules, and Reports on Form 8-K","Item 14. Exhibits, Financial Statement Schedules, and Reports on Form 8-K","Item 14. Exhibits, Financial Statement Schedules, and Reports on Form 8-K","Item 14. Exhibits, Financial Statement Schedules, and Reports on Form 8-K"
EX-10.25 Employment Agreement,EX-10.25 Employment Agreement,EX-10.25 Employment Agreement,EX-10.25 Employment Agreement,EX-10.25 Employment Agreement,EX-10.25 Employment Agreement,EX-10.25 Employment Agreement,EX-10.25 Employment Agreement,EX-10.25 Employment Agreement
EX-10.26 Employment Agreement,EX-10.26 Employment Agreement,EX-10.26 Employment Agreement,EX-10.26 Employment Agreement,EX-10.26 Employment Agreement,EX-10.26 Employment Agreement,EX-10.26 Employment Agreement,EX-10.26 Employment Agreement,EX-10.26 Employment Agreement
EX-21 Subsidiaries of the Company,EX-21 Subsidiaries of the Company,EX-21 Subsidiaries of the Company,EX-21 Subsidiaries of the Company,EX-21 Subsidiaries of the Company,EX-21 Subsidiaries of the Company,EX-21 Subsidiaries of the Company,EX-21 Subsidiaries of the Company,EX-21 Subsidiaries of the Company
EX-23 Consent of Independent Accountants,EX-23 Consent of Independent Accountants,EX-23 Consent of Independent Accountants,EX-23 Consent of Independent Accountants,EX-23 Consent of Independent Accountants,EX-23 Consent of Independent Accountants,EX-23 Consent of Independent Accountants,EX-23 Consent of Independent Accountants,EX-23 Consent of Independent Accountants
EX-27 Financial Data Schedule,EX-27 Financial Data Schedule,EX-27 Financial Data Schedule,EX-27 Financial Data Schedule,EX-27 Financial Data Schedule,EX-27 Financial Data Schedule,EX-27 Financial Data Schedule,EX-27 Financial Data Schedule,EX-27 Financial Data Schedule
