0,1,2,3,4,5,6,7,8,9,10,11,12,13
,,,,,,,,,,,,,
"Year ended June 30,","Year ended June 30,",,2000,2000,,,1999,1999,,,1998,1998,
,,,,,,,,,,,,,
,,,,,,,,,,,,,
,,,,,,,,,,,,,
CASH FLOWS FROM OPERATING ACTIVITIES,CASH FLOWS FROM OPERATING ACTIVITIES,CASH FLOWS FROM OPERATING ACTIVITIES,CASH FLOWS FROM OPERATING ACTIVITIES,CASH FLOWS FROM OPERATING ACTIVITIES,CASH FLOWS FROM OPERATING ACTIVITIES,CASH FLOWS FROM OPERATING ACTIVITIES,CASH FLOWS FROM OPERATING ACTIVITIES,CASH FLOWS FROM OPERATING ACTIVITIES,CASH FLOWS FROM OPERATING ACTIVITIES,CASH FLOWS FROM OPERATING ACTIVITIES,CASH FLOWS FROM OPERATING ACTIVITIES,CASH FLOWS FROM OPERATING ACTIVITIES,CASH FLOWS FROM OPERATING ACTIVITIES
Net income,Net income,,$,38412,,,$,14170,,,$,11715,
,,,,,,,,,,,,,
,,,,,,,,,,,,,
Reconciliation of net income to net cash provided by operating activities,Reconciliation of net income to net cash provided by operating activities,,,,,,,,,,,,
,Depreciation and amortization,,,11967,,,,10878,,,,8892,
,(Gain) loss on sale of property and equipment,,,108,,,,30,,,,(166,)
,Provision (benefit) for deferred income taxes,,,4008,,,,1512,,,,"(2,898",)
,Gain from sale of COMNET product business,,,"(21,252",),,,-,,,,-,
,,,,,,,,,,,,,
,,,,,,,,,,,,,
Changes in operating assets and liabilities,Changes in operating assets and liabilities,Changes in operating assets and liabilities,Changes in operating assets and liabilities,Changes in operating assets and liabilities,Changes in operating assets and liabilities,Changes in operating assets and liabilities,Changes in operating assets and liabilities,Changes in operating assets and liabilities,Changes in operating assets and liabilities,Changes in operating assets and liabilities,Changes in operating assets and liabilities,Changes in operating assets and liabilities,Changes in operating assets and liabilities
,Accounts receivable,,,1007,,,,"(10,023",),,,"(12,014",)
,Prepaid expenses and other assets,,,"(1,381",),,,"(1,726",),,,273,
,Accounts payable and accrued expenses,,,1505,,,,2169,,,,1481,
,Accrued compensation and benefits,,,"(3,161",),,,4589,,,,4192,
,Deferred rent expenses,,,332,,,,(466,),,,(755,)
,Income taxes,,,"(11,082",),,,"(1,993",),,,7374,
,Deferred contract costs,,,1045,,,,331,,,,1764,
,Other long-term obligations,,,"(1,601",),,,(750,),,,-,
,,,,,,,,,,,,,
,,,,,,,,,,,,,
,,,,,,,,,,,,,
Net cash provided by operating activities,Net cash provided by operating activities,,,19907,,,,18721,,,,19858,
,,,,,,,,,,,,,
,,,,,,,,,,,,,
CASH FLOWS FROM INVESTING ACTIVITIES,CASH FLOWS FROM INVESTING ACTIVITIES,CASH FLOWS FROM INVESTING ACTIVITIES,CASH FLOWS FROM INVESTING ACTIVITIES,CASH FLOWS FROM INVESTING ACTIVITIES,CASH FLOWS FROM INVESTING ACTIVITIES,CASH FLOWS FROM INVESTING ACTIVITIES,CASH FLOWS FROM INVESTING ACTIVITIES,CASH FLOWS FROM INVESTING ACTIVITIES,CASH FLOWS FROM INVESTING ACTIVITIES,CASH FLOWS FROM INVESTING ACTIVITIES,CASH FLOWS FROM INVESTING ACTIVITIES,CASH FLOWS FROM INVESTING ACTIVITIES,CASH FLOWS FROM INVESTING ACTIVITIES
,,,,,,,,,,,,,
,,,,,,,,,,,,,
Acquisitions of property and equipment,Acquisitions of property and equipment,,,"(8,090",),,,"(7,507",),,,"(6,428",)
Purchase of businesses,Purchase of businesses,,,"(17,474",),,,"(44,418",),,,"(36,513",)
Proceeds from sale of business,Proceeds from sale of business,,,37000,,,,-,,,,-,
Proceeds from sale of property and equipment,Proceeds from sale of property and equipment,,,16,,,,9,,,,1207,
Capitalized software costs and other,Capitalized software costs and other,,,(521,),,,(195,),,,(837,)
,,,,,,,,,,,,,
,,,,,,,,,,,,,
,,,,,,,,,,,,,
Net cash provided by (used in) investing activities,Net cash provided by (used in) investing activities,,,10931,,,,"(52,111",),,,"(42,571",)
,,,,,,,,,,,,,
,,,,,,,,,,,,,
CASH FLOWS FROM FINANCING ACTIVITIES,CASH FLOWS FROM FINANCING ACTIVITIES,CASH FLOWS FROM FINANCING ACTIVITIES,CASH FLOWS FROM FINANCING ACTIVITIES,CASH FLOWS FROM FINANCING ACTIVITIES,CASH FLOWS FROM FINANCING ACTIVITIES,CASH FLOWS FROM FINANCING ACTIVITIES,CASH FLOWS FROM FINANCING ACTIVITIES,CASH FLOWS FROM FINANCING ACTIVITIES,CASH FLOWS FROM FINANCING ACTIVITIES,CASH FLOWS FROM FINANCING ACTIVITIES,CASH FLOWS FROM FINANCING ACTIVITIES,CASH FLOWS FROM FINANCING ACTIVITIES,CASH FLOWS FROM FINANCING ACTIVITIES
,,,,,,,,,,,,,
,,,,,,,,,,,,,
Proceeds under line of credit,Proceeds under line of credit,,,168614,,,,200630,,,,175950,
Payments under line of credit,Payments under line of credit,,,"(202,420",),,,"(168,361",),,,"(154,950",)
,,,,,,,,,,,,,
Proceeds from stock options,Proceeds from stock options,,,5836,,,,1601,,,,1764,
,,,,,,,,,,,,,
,,,,,,,,,,,,,
,,,,,,,,,,,,,
Net cash provided by (used in) financing activities,Net cash provided by (used in) financing activities,,,"(27,970",),,,33870,,,,22764,
,,,,,,,,,,,,,
,,,,,,,,,,,,,
Effect of exchange rates on cash and equivalents,Effect of exchange rates on cash and equivalents,,,(340,),,,(158,),,,15,
,,,,,,,,,,,,,
Net increase in cash and equivalents,Net increase in cash and equivalents,,,2528,,,,322,,,,66,
"Cash and equivalents, beginning of year","Cash and equivalents, beginning of year",,,2403,,,,2081,,,,2015,
,,,,,,,,,,,,,
,,,,,,,,,,,,,
,,,,,,,,,,,,,
"Cash and equivalents, end of year","Cash and equivalents, end of year",,$,4931,,,$,2403,,,$,2081,
,,,,,,,,,,,,,
,,,,,,,,,,,,,
,,,,,,,,,,,,,
SUPPLEMENTAL DISCLOSURES OF CASH FLOW INFORMATION,SUPPLEMENTAL DISCLOSURES OF CASH FLOW INFORMATION,SUPPLEMENTAL DISCLOSURES OF CASH FLOW INFORMATION,SUPPLEMENTAL DISCLOSURES OF CASH FLOW INFORMATION,SUPPLEMENTAL DISCLOSURES OF CASH FLOW INFORMATION,SUPPLEMENTAL DISCLOSURES OF CASH FLOW INFORMATION,SUPPLEMENTAL DISCLOSURES OF CASH FLOW INFORMATION,SUPPLEMENTAL DISCLOSURES OF CASH FLOW INFORMATION,SUPPLEMENTAL DISCLOSURES OF CASH FLOW INFORMATION,SUPPLEMENTAL DISCLOSURES OF CASH FLOW INFORMATION,SUPPLEMENTAL DISCLOSURES OF CASH FLOW INFORMATION,SUPPLEMENTAL DISCLOSURES OF CASH FLOW INFORMATION,SUPPLEMENTAL DISCLOSURES OF CASH FLOW INFORMATION,SUPPLEMENTAL DISCLOSURES OF CASH FLOW INFORMATION
,,,,,,,,,,,,,
,,,,,,,,,,,,,
"Cash paid during the year for income taxes, net of refunds","Cash paid during the year for income taxes, net of refunds",,$,15933,,,,7909,,,$,1483,
,,,,,,,,,,,,,
Cash paid during the year for interest,Cash paid during the year for interest,,$,3599,,,$,3160,,,$,1909,
,,,,,,,,,,,,,
