Unnamed: 0,Unnamed: 1,Unnamed: 2,Unnamed: 3,Page Reference to Form 10-K
Part I,,,,
Item 1.,,Business,,3.0
Item 2.,,Properties,,8.0
Item 3.,,Legal Proceedings,,8.0
Item 4.,,Submission of Matters to a Vote of Security Holders,,8.0
Part II,,,,
Item 5.,,Market for the Registrant's Common Equity and elated Stockholder Matters,,9.0
Item 6.,,Selected Consolidated Financial Data,,9.0
Item 7.,,Management's Discussion and Analysis of Financial Condition and Results of Operations,,10.0
Item 7A.,,Quantitative and Qualitative Disclosure About Market Risk,,15.0
Item 8.,,Financial Statements and Supplementary Data,,15.0
Item 9.,,Changes in and Disagreements with Accountants on Accounting and Financial Disclosure,,15.0
Part III,,,,
Item 10.,,Directors and Executive Officers of the Registrant,,16.0
Item 11.,,Executive Compensation and Related Information,,18.0
Item 12.,,Security Ownership of Certain Beneficial Owners and Management,,22.0
Item 13.,,Certain Relationships and Related Transactions,,23.0
Part IV,,,,
Item 14.,,"Exhibits, Financial Statement Schedule and Reports on Form 8-K",,23.0
Signatures,Signatures,Signatures,,26.0
