0,1,2,3,4,5,6,7,8,9
,,2000,,,1999,,,1998,
NET REVENUES:,,,,,,,,,
,,,,,,,,,
"Hardware, software, and supply sales",$,9913119,,$,9026170,,$,5894325,
Service fees,,33732258,,,28523094,,,18897556,
,,,,,,,,,
Total net revenues,,43645377,,,37549264,,,24791881,
,,,,,,,,,
COST OF REVENUES:,,,,,,,,,
,,,,,,,,,
"Hardware, software, and supplies",,5980875,,,5432965,,,3561354,
Services,,23078047,,,19111157,,,11757453,
,,,,,,,,,
Total cost of revenues,,29058922,,,24544122,,,15318807,
,,,,,,,,,
Gross profit,,14586455,,,13005142,,,9473074,
,,,,,,,,,
"SELLING, GENERAL, AND  ADMINISTRATIVE EXPENSES",,12506825,,,11753302,,,9070234,
,,,,,,,,,
Income from operations,,2079630,,,1251840,,,402840,
,,,,,,,,,
OTHER INCOME (EXPENSE):,,,,,,,,,
Interest expense,,"(41,712",),,"(50,199",),,"(140,794",)
Other,,305927,,,102929,,,51725,
,,264215,,,52730,,,"(89,069",)
Income before provision  for federal income taxes,,2343845,,,1304570,,,313771,
,,,,,,,,,
PROVISION FOR FEDERAL  INCOME TAXES,,740000,,,- --,,,- --,
,,,,,,,,,
NET INCOME,$,1603845,,$,1304570,,$,313771,
,,,,,,,,,
BASIC EARNINGS PER SHARE,$,.49,,$,.45,,$,.11,
,,,,,,,,,
DILUTED EARNINGS PER SHARE,$,.45,,$,.41,,$,.11,
