0,1,2
,,"InSiteTM Marketing and Demographics Information System. PC-based geodemographics information system combining software, data and mapping capabilities to enable planners to study markets to help determine the location of retail outlets, branch networks, sales territories, potential customers, and competitors."
,,"ACORNSM(A Classification of Residential Neighborhoods) Classification System. A system that classifies consumers according to the type of residential area in which they live, used to identify the prime prospects for all types of consumer goods and services."
,,AnaDataTM Database Marketing System. A database marketing system that enables companies to analyze their customers by product holding and usage for the purpose of cross-selling other products and services.
,,eTypesTM Classification System. A system that analyzes consumers according to their likely Internet activities and further identifies those behaviors based on distinguishing demographic and lifestyle attributes.
,,e@nalysis® e-Commerce Market Research Services. A marketing resource to analyze Internet use to enable clients to customize target and promotional distributions.
,,Map Data TM Electronic Mapping Software. PC-based software on CD-ROM that provides electronic maps for all major U.S. roads to form a seamless national network.
,,PayCheck TM Household Income System. A system that analyzes consumers according to their likely income.
,,"people*UKTM Classification System. A system that analyzes actual, individual consumers as to the types of goods and services that they are likely to buy."
,,StreetValue® Property Valuation System. A proprietary database that provides accurate property valuations for small geographic areas in the U.K. as well as housing types and other information.
,,CACI Lifestyles*UK® Database. An extensive database of U.K. consumers showing likely lifestyles and purchasing behavior.
,,UpFront® Graphical Interface Software. A graphical user interface that enables software to be used in an object-oriented manner.
,,"SITE® Demographic Information Software and Reports. Detailed demographic and applied market research database services for any geographic area, such as county, zip code, TV broadcast area, congressional district, or retail trade area."
