0,1,2
,,
,,"Competitive pressures among distributors of electronic components  and computer products may increase significantly through 	industry consolidation, entry of new competitors or otherwise."
,,
,,"General economic or business conditions, domestic and foreign, 	may be less favorable than we expected, resulting in lower sales 	than we expected."
,,
,,"Costs or difficulties related to the integration into Avnet of 	newly-acquired businesses, or businesses we expect to acquire, 	may be greater than we expected."
,,
,,Avnet may lose customers or suppliers as a result of the 	integration into Avnet of newly acquired businesses.
,,
,,Legislative or regulatory changes may adversely affect the 	business in which Avnet is engaged.
,,
,,Adverse changes may occur in the securities markets.
,,
,,Changes in interest rates and currency fluctuations may reduce 	Avnets profit margins.
,,
,,Avnet may be adversely affected by the allocation of products by 	suppliers.
