0,1,2,3,4,5,6,7,8,9,10
,,,,,,,,,,
,,,,,,,,Director,Director,Director
Name,,Age,Age,Age,,Position,,Since,Since,Since
,,,,,,,,,,
Kenneth W. Brimmer(1)(2),,,45,,,Chairman of the Board of Directors,,,1995,
,,,,,,,,,,
,,,,,,,,,,
,,,,,,,,,,
,,,,,,,,,,
,,,,,,,,,,
Greg H. Guettler,,,46,,,President and Director,,,1997,
,,,,,,,,,,
,,,,,,,,,,
,,,,,,,,,,
,,,,,,,,,,
,,,,,,,,,,
"Charles F. Chesney, D.V.M., Ph.D., R.A.C",,,57,,,"Executive Vice President, Secretary, Chief Technology 	Officer and Director",,,1988,
,,,,,,,,,,
,,,,,,,,,,
,,,,,,,,,,
,,,,,,,,,,
,,,,,,,,,,
James S. Murphy,,,56,,,"Senior Vice President, Finance and Administration and Chief 	Financial Officer",,,,
,,,,,,,,,,
,,,,,,,,,,
,,,,,,,,,,
,,,,,,,,,,
,,,,,,,,,,
"Jay N. Cohn, M.D.(1)",,,70,,,"Chief Clinical Consultant, Chairman of the Scientific and 	Clinical Advisory Board and Director",,,1988,
,,,,,,,,,,
,,,,,,,,,,
,,,,,,,,,,
,,,,,,,,,,
,,,,,,,,,,
Melville R. Bois(1)(2),,,54,,,Director,,,1995,
,,,,,,,,,,
,,,,,,,,,,
,,,,,,,,,,
,,,,,,,,,,
,,,,,,,,,,
"Stanley M. Finkelstein, Ph.D.",,,59,,,Chief Technical Consultant,,,,
