0,1
,
,"1. EM is engaged in the global marketing, assembly, and/or 	processing of electronic and electromechanical components and 	certain computer products, principally for industrial and some 	commercial and military use. It also offers an array of 	value-added services to its customers, such as inventory 	replenishment systems, kitting, connector and cable assembly and 	semiconductor programming."
,"2. CM is an international distributor of computer products 	to value-added resellers and end users focusing primarily on 	middle- to high-end, value-added computer products and services."
,"3. AAC, which was created in October 1999 by carving 	out certain business segments of EM and CM, serves the needs of 	personal computer OEMs and system integrators worldwide by 	providing leading-edge technologies such as microprocessors, and 	serves the needs of embedded systems OEMs that require 	technical services such as product prototyping, configurations 	and other value-added services."
,"4. The Video Communications Group, which was eliminated in 	October 1997 with the sale of Channel Master, was engaged in the 	manufacture, assembly and/or marketing of TV signal processing 	equipment."
