0,1,2,3,4
,,,,
"For the years ended June 30,","For the years ended June 30,","For the years ended June 30,",2000,1999
,,,,
Revenues (Note 8):,Revenues (Note 8):,Revenues (Note 8):,,
,Royalties,Royalties,"$ 221,335","$ 181,810"
,Research and development,Research and development,319714,252173
,,Total revenues,541049,433983
,,,,
Operating expenses,Operating expenses,Operating expenses,,
,Research and development,Research and development,139763,131064
,"Selling, general and administrative","Selling, general and administrative",152836,142406
,Depreciation,Depreciation,2668,3565
,"Amortization, patents","Amortization, patents",13782,12474
,,Total operating expenses,309049,289509
,,,,
,,Operating income,232000,144474
,,,,
"Interest expense, net","Interest expense, net","Interest expense, net",2768,3513
,,,,
,,Income before income taxes and equity in net income of affiliates,229232,140961
,,,,
Provision for income taxes (Note 6),Provision for income taxes (Note 6),Provision for income taxes (Note 6),82500,43500
,,,,
,,Income before equity in net income of affiliates,146732,97461
,,,,
Equity in net income of affiliates (Note 2),Equity in net income of affiliates (Note 2),Equity in net income of affiliates (Note 2),235057,195517
,,,,
,,Net income,"$ 381,789","$ 292,978"
,,,,
,,Basic earnings per common share (Note 7),$ 0.39,$ 0.30
,,,,
See accompanying notes,See accompanying notes,See accompanying notes,,
