Unnamed: 0,Unnamed: 1,Unnamed: 2,Unnamed: 3,2000,2000.1,Unnamed: 6,1999,1999.1,Unnamed: 9
,,,,,,,,,
LIABILITIES AND SHAREHOLDERS' EQUITY,LIABILITIES AND SHAREHOLDERS' EQUITY,LIABILITIES AND SHAREHOLDERS' EQUITY,LIABILITIES AND SHAREHOLDERS' EQUITY,LIABILITIES AND SHAREHOLDERS' EQUITY,LIABILITIES AND SHAREHOLDERS' EQUITY,LIABILITIES AND SHAREHOLDERS' EQUITY,LIABILITIES AND SHAREHOLDERS' EQUITY,LIABILITIES AND SHAREHOLDERS' EQUITY,
CURRENT LIABILITIES,CURRENT LIABILITIES,CURRENT LIABILITIES,,,,,,,
,Current maturities of long-term obligations,Current maturities of long-term obligations,,$,243000,,$,1458000,
,Advance on line of credit,Advance on line of credit,,,,,,1883000,
,Accounts payable,Accounts payable,,,2230000,,,1613000,
,Accrued compensation,Accrued compensation,,,768000,,,777000,
,Accrued expenses,Accrued expenses,,,347000,,,875000,
,Customers' deposits,Customers' deposits,,,302000,,,,
,,,,,,,,,
,,Total current liabilities,,,3890000,,,6606000,
LONG-TERM OBLIGATIONS,LONG-TERM OBLIGATIONS,LONG-TERM OBLIGATIONS,,,6477000,,,6720000,
COMMITMENTS AND CONTINGENCIES,COMMITMENTS AND CONTINGENCIES,COMMITMENTS AND CONTINGENCIES,,,,,,,
SHAREHOLDERS' EQUITY,SHAREHOLDERS' EQUITY,SHAREHOLDERS' EQUITY,,,,,,,
,"Preferred stockauthorized, 25,000,000 shares of $1.00 stated value; none issued","Preferred stockauthorized, 25,000,000 shares of $1.00 stated value; none issued",,,,,,,
,"Preferred stock, Series A Junior Participatingauthorized, 500,000 shares of $1.00 par value; none issued","Preferred stock, Series A Junior Participatingauthorized, 500,000 shares of $1.00 par value; none issued",,,,,,,
,"Common stockauthorized, 50,000,000 shares of $.01 stated value; issued and outstanding, 12,606,124 and 12,416,729 shares at June 30, 2000 and 1999","Common stockauthorized, 50,000,000 shares of $.01 stated value; issued and outstanding, 12,606,124 and 12,416,729 shares at June 30, 2000 and 1999",,,126000,,,124000,
,Additional paid-in capital,Additional paid-in capital,,,87226000,,,85679000,
,Accumulated deficit,Accumulated deficit,,,"(31,931,000",),,"(30,332,000",)
,,,,,,,,,
,,,,,55421000,,,55471000,
,,,,,,,,,
,,,,$,65788000,,$,68797000,
,,,,,,,,,
