0,1,2,3,4,5,6
*,*,The following is the amount of expenses incurred for the issuer's account in connection with the issuance and distribution of the securities registered for each category listed below.,The following is the amount of expenses incurred for the issuer's account in connection with the issuance and distribution of the securities registered for each category listed below.,The following is the amount of expenses incurred for the issuer's account in connection with the issuance and distribution of the securities registered for each category listed below.,,
,,,"Direct or indirect payments to directors, officers, general partners of the issuer or their associates; to persons owning ten percent or more of any class of equity securities of the issuer; and to affiliates of the issuer","Direct or indirect payments to directors, officers, general partners of the issuer or their associates; to persons owning ten percent or more of any class of equity securities of the issuer; and to affiliates of the issuer",Direct or indirect payments to others,Direct or indirect payments to others
,(01) Underwriting discounts and commissions,(01) Underwriting discounts and commissions,$0,"$ 558,034","$ 558,034",
,(02) Finders' Fees,(02) Finders' Fees,$0,$0,$0,
,(03) Expenses paid to or for underwriters,(03) Expenses paid to or for underwriters,$0,$0,$0,
,(04) Other expenses,(04) Other expenses,$0,"$30,521","$30,521",
,(05) Total Expenses,(05) Total Expenses,$0,"$ 588,555","$ 588,555",
,,,,,,
