Unnamed: 0_level_0,Unnamed: 1_level_0,Unnamed: 2_level_0,Unnamed: 3_level_0,Unnamed: 4_level_0,"Fiscal Years Ended April 30,","Fiscal Years Ended April 30,","Fiscal Years Ended April 30,","Fiscal Years Ended April 30,","Fiscal Years Ended April 30,","Fiscal Years Ended April 30,","Fiscal Years Ended April 30,","Fiscal Years Ended April 30,","Fiscal Years Ended April 30,","Fiscal Years Ended April 30,","Fiscal Years Ended April 30,","Fiscal Years Ended April 30,","Fiscal Years Ended April 30,","Fiscal Years Ended April 30,",Unnamed: 19_level_0
Unnamed: 0_level_1,Unnamed: 1_level_1,Unnamed: 2_level_1,Unnamed: 3_level_1,Unnamed: 4_level_1,2000,2000,Unnamed: 7_level_1,1999,1999,Unnamed: 10_level_1,1998,1998,Unnamed: 13_level_1,1997,1997,Unnamed: 16_level_1,1996,1996,Unnamed: 19_level_1
Unnamed: 0_level_2,Unnamed: 1_level_2,Unnamed: 2_level_2,Unnamed: 3_level_2,Unnamed: 4_level_2,"(In Thousands, Except Per Share Data)","(In Thousands, Except Per Share Data).1","(In Thousands, Except Per Share Data)","(In Thousands, Except Per Share Data)","(In Thousands, Except Per Share Data).1","(In Thousands, Except Per Share Data)","(In Thousands, Except Per Share Data)","(In Thousands, Except Per Share Data).1","(In Thousands, Except Per Share Data)","(In Thousands, Except Per Share Data)","(In Thousands, Except Per Share Data).1","(In Thousands, Except Per Share Data)","(In Thousands, Except Per Share Data)","(In Thousands, Except Per Share Data).1",Unnamed: 19_level_2
Statements of Operations Data:,Statements of Operations Data:,Statements of Operations Data:,Statements of Operations Data:,,,,,,,,,,,,,,,,
REVENUES,REVENUES,REVENUES,REVENUES,,,,,,,,,,,,,,,,
,Communications,Communications,Communications,,$,322313,,$,359406,,$,385921,,$,358507,,$,315729,
,Consulting,Consulting,Consulting,,,87304,,,115340,,,63001,,,33539,,,,
,Financial Services,Financial Services,Financial Services,,,8904,,,7963,,,7443,,,6029,,,5635,
,,,,,,,,,,,,,,,,,,,
,,Total Revenues,Total Revenues,,,418521,,,482709,,,456365,,,398075,,,321364,
,,,,,,,,,,,,,,,,,,,
COST OF SALES,COST OF SALES,COST OF SALES,COST OF SALES,,,,,,,,,,,,,,,,
,Communications,Communications,Communications,,,252454,,,259550,,,283319,,,262594,,,227759,
,Consulting,Consulting,Consulting,,,65623,,,75150,,,41654,,,24805,,,,
,Financial Services,Financial Services,Financial Services,,,2712,,,2970,,,2443,,,2160,,,2221,
,,,,,,,,,,,,,,,,,,,
,,Total Cost of Sales,Total Cost of Sales,,,320789,,,337670,,,327416,,,289559,,,229980,
,,,,,,,,,,,,,,,,,,,
GROSS MARGIN,GROSS MARGIN,GROSS MARGIN,GROSS MARGIN,,,,,,,,,,,,,,,,
,Communications,Communications,Communications,,,69859,,,99856,,,102602,,,95913,,,87970,
,Consulting,Consulting,Consulting,,,21681,,,40190,,,21347,,,8734,,,,
,Financial Services,Financial Services,Financial Services,,,6192,,,4993,,,5000,,,3869,,,3414,
,,,,,,,,,,,,,,,,,,,
,,Total Gross Margin,Total Gross Margin,,,97732,,,145039,,,128949,,,108516,,,91384,
"Selling, general and administrative expenses","Selling, general and administrative expenses","Selling, general and administrative expenses","Selling, general and administrative expenses",,,143824,,,128665,,,103709,,,89311,,,75973,
Restructuring charges,Restructuring charges,Restructuring charges,Restructuring charges,,,1969,,,1522,,,14667,,,,,,,
Writedown of goodwill,Writedown of goodwill,Writedown of goodwill,Writedown of goodwill,,,32244,,,,,,,,,,,,,
,,,,,,,,,,,,,,,,,,,
OPERATING INCOME (LOSS),OPERATING INCOME (LOSS),OPERATING INCOME (LOSS),OPERATING INCOME (LOSS),,,"(80,305",),,14852,,,10573,,,19205,,,15411,
Interest expense,Interest expense,Interest expense,Interest expense,,,"(6,258",),,"(4,886",),,"(3,909",),,"(1,866",),,"(1,351",)
"Other income (expense), net","Other income (expense), net","Other income (expense), net","Other income (expense), net",,,538,,,460,,,(18,),,(22,),,89,
,,,,,,,,,,,,,,,,,,,
INCOME (LOSS) BEFORE INCOME TAXES,INCOME (LOSS) BEFORE INCOME TAXES,INCOME (LOSS) BEFORE INCOME TAXES,INCOME (LOSS) BEFORE INCOME TAXES,,,"(86,025",),,10426,,,6646,,,17317,,,14149,
Income tax (benefit) provision,Income tax (benefit) provision,Income tax (benefit) provision,Income tax (benefit) provision,,,"(17,076",),,4536,,,2791,,,7100,,,5660,
,,,,,,,,,,,,,,,,,,,
NET INCOME (LOSS),NET INCOME (LOSS),NET INCOME (LOSS),NET INCOME (LOSS),,$,"(68,949",),$,5890,,$,3855,,$,10217,,$,8489,
,,,,,,,,,,,,,,,,,,,
NET INCOME (LOSS) PER SHARE:,NET INCOME (LOSS) PER SHARE:,NET INCOME (LOSS) PER SHARE:,NET INCOME (LOSS) PER SHARE:,,,,,,,,,,,,,,,,
,,,BASIC,,$,(6.37,),$,0.56,,$,0.40,,$,1.12,,$,1.00,
,,,,,,,,,,,,,,,,,,,
,,,DILUTED,,$,(6.37,),$,0.56,,$,0.39,,$,1.08,,$,0.94,
,,,,,,,,,,,,,,,,,,,
WEIGHTED AVERAGE SHARES:,WEIGHTED AVERAGE SHARES:,WEIGHTED AVERAGE SHARES:,WEIGHTED AVERAGE SHARES:,,,,,,,,,,,,,,,,
,,,BASIC,,,10818,,,10473,,,9719,,,9140,,,8526,
,,,,,,,,,,,,,,,,,,,
,,,DILUTED,,,10818,,,10537,,,9917,,,9418,,,8985,
,,,,,,,,,,,,,,,,,,,
