0,1,2
,,
,,Several experts in regulatory affairs and FDA matters;
,,
,,"Jay N. Cohn, M.D. as our Chief Clinical Consultant;"
,,
,,"Stanley M. Finkelstein, Ph.D., as our Chief Technical Consultant;"
,,
,,a consulting firm for computer software engineering design and 	programming;
,,
,,a consulting firm for medical electronic engineering tasks;
,,
,,a consulting firm for marketing communications;
,,
,,consulting firms for third-party reimbursement; and
,,
,,several experts in sales and marketing.
