0,1,2
,,
,,
,,
,,
,,
(k),,"First Amendment to Herman Miller, Inc., 1994 Nonemployee Officer and Director Stock Option Plan, dated January 7, 1997, is incorporated by reference to Exhibit 10(m) of the Registrants 1998 Form 10-K Annual Report.*"
,,
,,
,,
,,
(l),,"Herman Miller, Inc., Key Executive Deferred Compensation Plan and form of Deferred Compensation Agreement, dated February 28, 1997, is incorporated by reference to Exhibit 10(l) of the Registrants 1997 Form 10-K Annual Report."
,,
,,
,,
,,
(m),,"First Amendment to the Herman Miller, Inc., Key Executive Deferred Compensation Plan, dated January 20, 1998, is incorporated by reference to Exhibit 10(o) of the Registrants 1998 Form 10-K Annual Report."
,,
,,
,,
,,
(n),,"Herman Miller, Inc., Incentive Cash Bonus Plan, dated September 29, 1998, is incorporated by reference to Appendix A of the Registrants 1998 Proxy Statement.*"
,,
,,
,,
,,
(o),,"Credit Agreement dated April 16, 1999, is incorporated by reference to Exhibit 10(o) of the Registrants 1999 Form 10-K Annual Report."
