0,1,2,3,4,5,6,7,8,9,10,11,12,13,14,15,16,17,18,19,20,21,22,23,24,25,26,27,28
,,,,,,,,,,,,,,,,,,,,,,,,,,,,
,,,,,,,,,,,,,,,,,,,,,,,,,,,,
,,Individual Grants,Individual Grants,Individual Grants,Individual Grants,Individual Grants,Individual Grants,Individual Grants,Individual Grants,Individual Grants,Individual Grants,Individual Grants,Individual Grants,Individual Grants,Individual Grants,Individual Grants,,,,,,,,,,,,
,,,,,,,,,,,,,,,,,,,,,,Potential Realizable,Potential Realizable,Potential Realizable,Potential Realizable,Potential Realizable,Potential Realizable,Potential Realizable
,,Number of,Number of,Number of,,% of Total,% of Total,% of Total,,,,,,,,,,,,,,Value at Assumed,Value at Assumed,Value at Assumed,Value at Assumed,Value at Assumed,Value at Assumed,Value at Assumed
,,Securities,Securities,Securities,,Options,Options,Options,,,,,,,,,,,,,,Annual Rates of Stock,Annual Rates of Stock,Annual Rates of Stock,Annual Rates of Stock,Annual Rates of Stock,Annual Rates of Stock,Annual Rates of Stock
,,Underlying,Underlying,Underlying,,Granted to,Granted to,Granted to,,,,,,,,,,,,,,Appreciation for,Appreciation for,Appreciation for,Appreciation for,Appreciation for,Appreciation for,Appreciation for
,,Options,Options,Options,,Employees,Employees,Employees,,Exercise,Exercise,Exercise,,Market Price,Market Price,Market Price,,,,,,Option Term,Option Term,Option Term,Option Term,Option Term,Option Term,Option Term
,,Granted,Granted,Granted,,in Fiscal,in Fiscal,in Fiscal,,Price per,Price per,Price per,,on Date,on Date,on Date,,Expiration,Expiration,Expiration,,,,,,,,
Name,,(#)(2),(#)(2),(#)(2),,Year,Year,Year,,Share,Share,Share,,of Grant,of Grant,of Grant,,Date,Date,Date,,5%,5%,5%,,10%,10%,10%
,,,,,,,,,,,,,,,,,,,,,,,,,,,,
Roy Vallee,,,300000,,,,27.1,%,,$,21.50,,,$,21.50,,,,9/23/2009,,,$,4057050,,,$,10281300,
,,,,,,,,,,,,,,,,,,,,,,,,,,,,
,,,,,,,,,,,,,,,,,,,,,,,,,,,,
,,,,,,,,,,,,,,,,,,,,,,,,,,,,
,,,,,,,,,,,,,,,,,,,,,,,,,,,,
David Birk,,,27000,,,,2.4,%,,,21.50,,,,21.50,,,,9/23/2009,,,,365135,,,,925317,
,,,,,,,,,,,,,,,,,,,,,,,,,,,,
,,,,,,,,,,,,,,,,,,,,,,,,,,,,
,,,,,,,,,,,,,,,,,,,,,,,,,,,,
,,,,,,,,,,,,,,,,,,,,,,,,,,,,
Steven Church,,,45000,,,,4.1,%,,,21.50,,,,21.50,,,,9/23/2009,,,,608558,,,,1542195,
,,,,,,,,,,,,,,,,,,,,,,,,,,,,
,,,,,,,,,,,,,,,,,,,,,,,,,,,,
,,,,,,,,,,,,,,,,,,,,,,,,,,,,
,,,,,,,,,,,,,,,,,,,,,,,,,,,,
Anthony DeLuca,,,27000,,,,2.4,%,,,21.50,,,,21.50,,,,9/23/2009,,,,365135,,,,925317,
,,,,,,,,,,,,,,,,,,,,,,,,,,,,
,,,,,,,,,,,,,,,,,,,,,,,,,,,,
,,,,,,,,,,,,,,,,,,,,,,,,,,,,
,,,,,,,,,,,,,,,,,,,,,,,,,,,,
Brian Hilton,,,45000,,,,4.1,%,,,21.50,,,,21.50,,,,9/23/2009,,,,608558,,,,1542195,
