0,1,2,3,4,5,6,7,8
,,,,,,,,
PART 1,PART 1,PART 1,PART 1,PART 1,PART 1,PART 1,PART 1,PART 1
,ITEM 1. DESCRIPTION OF BUSINESS.,ITEM 1. DESCRIPTION OF BUSINESS.,ITEM 1. DESCRIPTION OF BUSINESS.,ITEM 1. DESCRIPTION OF BUSINESS.,ITEM 1. DESCRIPTION OF BUSINESS.,ITEM 1. DESCRIPTION OF BUSINESS.,ITEM 1. DESCRIPTION OF BUSINESS.,ITEM 1. DESCRIPTION OF BUSINESS.
,ITEM 2. DESCRIPTION OF PROPERTY.,ITEM 2. DESCRIPTION OF PROPERTY.,ITEM 2. DESCRIPTION OF PROPERTY.,ITEM 2. DESCRIPTION OF PROPERTY.,ITEM 2. DESCRIPTION OF PROPERTY.,ITEM 2. DESCRIPTION OF PROPERTY.,ITEM 2. DESCRIPTION OF PROPERTY.,ITEM 2. DESCRIPTION OF PROPERTY.
,ITEM 3. LEGAL PROCEEDING.,ITEM 3. LEGAL PROCEEDING.,ITEM 3. LEGAL PROCEEDING.,ITEM 3. LEGAL PROCEEDING.,ITEM 3. LEGAL PROCEEDING.,ITEM 3. LEGAL PROCEEDING.,ITEM 3. LEGAL PROCEEDING.,ITEM 3. LEGAL PROCEEDING.
,ITEM 4. SUBMISSION OF MATTERS TO A VOTE OF SECURITY HOLDERS.,ITEM 4. SUBMISSION OF MATTERS TO A VOTE OF SECURITY HOLDERS.,ITEM 4. SUBMISSION OF MATTERS TO A VOTE OF SECURITY HOLDERS.,ITEM 4. SUBMISSION OF MATTERS TO A VOTE OF SECURITY HOLDERS.,ITEM 4. SUBMISSION OF MATTERS TO A VOTE OF SECURITY HOLDERS.,ITEM 4. SUBMISSION OF MATTERS TO A VOTE OF SECURITY HOLDERS.,ITEM 4. SUBMISSION OF MATTERS TO A VOTE OF SECURITY HOLDERS.,ITEM 4. SUBMISSION OF MATTERS TO A VOTE OF SECURITY HOLDERS.
PART II,PART II,PART II,PART II,PART II,PART II,PART II,PART II,PART II
,ITEM 5. MARKET FOR COMMON EQUITY AND RELATED STOCKHOLDER MATTERS.,ITEM 5. MARKET FOR COMMON EQUITY AND RELATED STOCKHOLDER MATTERS.,ITEM 5. MARKET FOR COMMON EQUITY AND RELATED STOCKHOLDER MATTERS.,ITEM 5. MARKET FOR COMMON EQUITY AND RELATED STOCKHOLDER MATTERS.,ITEM 5. MARKET FOR COMMON EQUITY AND RELATED STOCKHOLDER MATTERS.,ITEM 5. MARKET FOR COMMON EQUITY AND RELATED STOCKHOLDER MATTERS.,ITEM 5. MARKET FOR COMMON EQUITY AND RELATED STOCKHOLDER MATTERS.,ITEM 5. MARKET FOR COMMON EQUITY AND RELATED STOCKHOLDER MATTERS.
,ITEM 6. MANAGEMENTS DISCUSSION AND ANALYSIS.,ITEM 6. MANAGEMENTS DISCUSSION AND ANALYSIS.,ITEM 6. MANAGEMENTS DISCUSSION AND ANALYSIS.,ITEM 6. MANAGEMENTS DISCUSSION AND ANALYSIS.,ITEM 6. MANAGEMENTS DISCUSSION AND ANALYSIS.,ITEM 6. MANAGEMENTS DISCUSSION AND ANALYSIS.,ITEM 6. MANAGEMENTS DISCUSSION AND ANALYSIS.,ITEM 6. MANAGEMENTS DISCUSSION AND ANALYSIS.
,ITEM 7. FINANCIAL STATEMENTS.,ITEM 7. FINANCIAL STATEMENTS.,ITEM 7. FINANCIAL STATEMENTS.,ITEM 7. FINANCIAL STATEMENTS.,ITEM 7. FINANCIAL STATEMENTS.,ITEM 7. FINANCIAL STATEMENTS.,ITEM 7. FINANCIAL STATEMENTS.,ITEM 7. FINANCIAL STATEMENTS.
Balance Sheet,Balance Sheet,Balance Sheet,Balance Sheet,Balance Sheet,Balance Sheet,Balance Sheet,Balance Sheet,Balance Sheet
Statement of Operations,Statement of Operations,Statement of Operations,Statement of Operations,Statement of Operations,Statement of Operations,Statement of Operations,Statement of Operations,Statement of Operations
Statement of Cash Flows,Statement of Cash Flows,Statement of Cash Flows,Statement of Cash Flows,Statement of Cash Flows,Statement of Cash Flows,Statement of Cash Flows,Statement of Cash Flows,Statement of Cash Flows
Cash Flows Supplemental Schedule,Cash Flows Supplemental Schedule,Cash Flows Supplemental Schedule,Cash Flows Supplemental Schedule,Cash Flows Supplemental Schedule,Cash Flows Supplemental Schedule,Cash Flows Supplemental Schedule,Cash Flows Supplemental Schedule,Cash Flows Supplemental Schedule
Statement of Stockholders Equity (Deficit),Statement of Stockholders Equity (Deficit),Statement of Stockholders Equity (Deficit),Statement of Stockholders Equity (Deficit),Statement of Stockholders Equity (Deficit),Statement of Stockholders Equity (Deficit),Statement of Stockholders Equity (Deficit),Statement of Stockholders Equity (Deficit),Statement of Stockholders Equity (Deficit)
Notes to Financial Statements,Notes to Financial Statements,Notes to Financial Statements,Notes to Financial Statements,Notes to Financial Statements,Notes to Financial Statements,Notes to Financial Statements,Notes to Financial Statements,Notes to Financial Statements
Notes to Financial Statements,Notes to Financial Statements,Notes to Financial Statements,Notes to Financial Statements,Notes to Financial Statements,Notes to Financial Statements,Notes to Financial Statements,Notes to Financial Statements,Notes to Financial Statements
Notes to Financial Statements,Notes to Financial Statements,Notes to Financial Statements,Notes to Financial Statements,Notes to Financial Statements,Notes to Financial Statements,Notes to Financial Statements,Notes to Financial Statements,Notes to Financial Statements
Notes to Financial Statements,Notes to Financial Statements,Notes to Financial Statements,Notes to Financial Statements,Notes to Financial Statements,Notes to Financial Statements,Notes to Financial Statements,Notes to Financial Statements,Notes to Financial Statements
Notes to Financial Statements,Notes to Financial Statements,Notes to Financial Statements,Notes to Financial Statements,Notes to Financial Statements,Notes to Financial Statements,Notes to Financial Statements,Notes to Financial Statements,Notes to Financial Statements
Notes to Financial Statements,Notes to Financial Statements,Notes to Financial Statements,Notes to Financial Statements,Notes to Financial Statements,Notes to Financial Statements,Notes to Financial Statements,Notes to Financial Statements,Notes to Financial Statements
Notes to Financial Statements,Notes to Financial Statements,Notes to Financial Statements,Notes to Financial Statements,Notes to Financial Statements,Notes to Financial Statements,Notes to Financial Statements,Notes to Financial Statements,Notes to Financial Statements
,ITEM 8. CHANGES IN AND DISAGREEMENTS WITH ACCOUNTANTS ON ACCOUNTING AND FINANCIAL DISCLOSURE.,ITEM 8. CHANGES IN AND DISAGREEMENTS WITH ACCOUNTANTS ON ACCOUNTING AND FINANCIAL DISCLOSURE.,ITEM 8. CHANGES IN AND DISAGREEMENTS WITH ACCOUNTANTS ON ACCOUNTING AND FINANCIAL DISCLOSURE.,ITEM 8. CHANGES IN AND DISAGREEMENTS WITH ACCOUNTANTS ON ACCOUNTING AND FINANCIAL DISCLOSURE.,ITEM 8. CHANGES IN AND DISAGREEMENTS WITH ACCOUNTANTS ON ACCOUNTING AND FINANCIAL DISCLOSURE.,ITEM 8. CHANGES IN AND DISAGREEMENTS WITH ACCOUNTANTS ON ACCOUNTING AND FINANCIAL DISCLOSURE.,ITEM 8. CHANGES IN AND DISAGREEMENTS WITH ACCOUNTANTS ON ACCOUNTING AND FINANCIAL DISCLOSURE.,ITEM 8. CHANGES IN AND DISAGREEMENTS WITH ACCOUNTANTS ON ACCOUNTING AND FINANCIAL DISCLOSURE.
PART III,PART III,PART III,PART III,PART III,PART III,PART III,PART III,PART III
,"ITEM 9. DIRECTORS, EXECUTIVE OFFICERS, PROMOTERS AND CONTROL PERSONS; COMPLIANCE WITH SECTION 16(a) OF THE EXCHANGE ACT.","ITEM 9. DIRECTORS, EXECUTIVE OFFICERS, PROMOTERS AND CONTROL PERSONS; COMPLIANCE WITH SECTION 16(a) OF THE EXCHANGE ACT.","ITEM 9. DIRECTORS, EXECUTIVE OFFICERS, PROMOTERS AND CONTROL PERSONS; COMPLIANCE WITH SECTION 16(a) OF THE EXCHANGE ACT.","ITEM 9. DIRECTORS, EXECUTIVE OFFICERS, PROMOTERS AND CONTROL PERSONS; COMPLIANCE WITH SECTION 16(a) OF THE EXCHANGE ACT.","ITEM 9. DIRECTORS, EXECUTIVE OFFICERS, PROMOTERS AND CONTROL PERSONS; COMPLIANCE WITH SECTION 16(a) OF THE EXCHANGE ACT.","ITEM 9. DIRECTORS, EXECUTIVE OFFICERS, PROMOTERS AND CONTROL PERSONS; COMPLIANCE WITH SECTION 16(a) OF THE EXCHANGE ACT.","ITEM 9. DIRECTORS, EXECUTIVE OFFICERS, PROMOTERS AND CONTROL PERSONS; COMPLIANCE WITH SECTION 16(a) OF THE EXCHANGE ACT.","ITEM 9. DIRECTORS, EXECUTIVE OFFICERS, PROMOTERS AND CONTROL PERSONS; COMPLIANCE WITH SECTION 16(a) OF THE EXCHANGE ACT."
,ITEM 10. EXECUTIVE COMPENSATION.,ITEM 10. EXECUTIVE COMPENSATION.,ITEM 10. EXECUTIVE COMPENSATION.,ITEM 10. EXECUTIVE COMPENSATION.,ITEM 10. EXECUTIVE COMPENSATION.,ITEM 10. EXECUTIVE COMPENSATION.,ITEM 10. EXECUTIVE COMPENSATION.,ITEM 10. EXECUTIVE COMPENSATION.
,ITEM 11. SECURITY OWNERSHIP OF CERTAIN BENEFICIAL OWNERS AND MANAGEMENT.,ITEM 11. SECURITY OWNERSHIP OF CERTAIN BENEFICIAL OWNERS AND MANAGEMENT.,ITEM 11. SECURITY OWNERSHIP OF CERTAIN BENEFICIAL OWNERS AND MANAGEMENT.,ITEM 11. SECURITY OWNERSHIP OF CERTAIN BENEFICIAL OWNERS AND MANAGEMENT.,ITEM 11. SECURITY OWNERSHIP OF CERTAIN BENEFICIAL OWNERS AND MANAGEMENT.,ITEM 11. SECURITY OWNERSHIP OF CERTAIN BENEFICIAL OWNERS AND MANAGEMENT.,ITEM 11. SECURITY OWNERSHIP OF CERTAIN BENEFICIAL OWNERS AND MANAGEMENT.,ITEM 11. SECURITY OWNERSHIP OF CERTAIN BENEFICIAL OWNERS AND MANAGEMENT.
,ITEM 12. CERTAIN RELATIONSHIPS AND RELATED TRANSACTIONS.,ITEM 12. CERTAIN RELATIONSHIPS AND RELATED TRANSACTIONS.,ITEM 12. CERTAIN RELATIONSHIPS AND RELATED TRANSACTIONS.,ITEM 12. CERTAIN RELATIONSHIPS AND RELATED TRANSACTIONS.,ITEM 12. CERTAIN RELATIONSHIPS AND RELATED TRANSACTIONS.,ITEM 12. CERTAIN RELATIONSHIPS AND RELATED TRANSACTIONS.,ITEM 12. CERTAIN RELATIONSHIPS AND RELATED TRANSACTIONS.,ITEM 12. CERTAIN RELATIONSHIPS AND RELATED TRANSACTIONS.
,"ITEM 13. EXHIBITS, AND REPORTS ON FORM 8-K.","ITEM 13. EXHIBITS, AND REPORTS ON FORM 8-K.","ITEM 13. EXHIBITS, AND REPORTS ON FORM 8-K.","ITEM 13. EXHIBITS, AND REPORTS ON FORM 8-K.","ITEM 13. EXHIBITS, AND REPORTS ON FORM 8-K.","ITEM 13. EXHIBITS, AND REPORTS ON FORM 8-K.","ITEM 13. EXHIBITS, AND REPORTS ON FORM 8-K.","ITEM 13. EXHIBITS, AND REPORTS ON FORM 8-K."
SIGNATURES,SIGNATURES,SIGNATURES,SIGNATURES,SIGNATURES,SIGNATURES,SIGNATURES,SIGNATURES,SIGNATURES
Exhibit 4,Exhibit 4,Exhibit 4,Exhibit 4,Exhibit 4,Exhibit 4,Exhibit 4,Exhibit 4,Exhibit 4
Exhibit 99.1,Exhibit 99.1,Exhibit 99.1,Exhibit 99.1,Exhibit 99.1,Exhibit 99.1,Exhibit 99.1,Exhibit 99.1,Exhibit 99.1
Exhibit 99.2,Exhibit 99.2,Exhibit 99.2,Exhibit 99.2,Exhibit 99.2,Exhibit 99.2,Exhibit 99.2,Exhibit 99.2,Exhibit 99.2
