Unnamed: 0,Unnamed: 1,Unnamed: 2,Unnamed: 3,2000,2000.1,Unnamed: 6,1999,1999.1,Unnamed: 9
NET SALES,NET SALES,NET SALES,,$,6090601,,$,7215227,
COST OF PRODUCTS SOLD,COST OF PRODUCTS SOLD,COST OF PRODUCTS SOLD,,,4471565,,,5133974,
,,,,,,,,,
GROSS PROFIT,GROSS PROFIT,GROSS PROFIT,,$,1619036,,$,2081253,
,,,,,,,,,
OPERATING EXPENSES,OPERATING EXPENSES,OPERATING EXPENSES,,,,,,,
,Product Development,Product Development,,$,556761,,$,677456,
,Selling,Selling,,,760387,,,725104,
,Administrative,Administrative,,,517210,,,512017,
,,,,,,,,,
,,Total Operating Expenses,,$,1834358,,$,1914577,
,,,,,,,,,
OPERATING INCOME (LOSS),OPERATING INCOME (LOSS),OPERATING INCOME (LOSS),,$,"(215,322",),$,166676,
INTEREST INCOME,INTEREST INCOME,INTEREST INCOME,,,15146,,,5289,
INTEREST EXPENSE,INTEREST EXPENSE,INTEREST EXPENSE,,,"(50,956",),,"(82,932",)
,,,,,,,,,
INCOME (LOSS) BEFORE INCOME TAXES,INCOME (LOSS) BEFORE INCOME TAXES,INCOME (LOSS) BEFORE INCOME TAXES,,$,"(251,132",),$,89033,
PROVISION FOR (BENEFIT FROM) INCOME TAXES,PROVISION FOR (BENEFIT FROM) INCOME TAXES,PROVISION FOR (BENEFIT FROM) INCOME TAXES,,,"(146,000",),,8400,
,,,,,,,,,
NET INCOME (LOSS),NET INCOME (LOSS),NET INCOME (LOSS),,$,"(105,132",),$,80633,
,,,,,,,,,
NET INCOME (LOSS) PER COMMON SHARE,NET INCOME (LOSS) PER COMMON SHARE,NET INCOME (LOSS) PER COMMON SHARE,,,,,,,
,Basic,Basic,,$,(0.02,),$,0.02,
,,,,,,,,,
,Diluted,Diluted,,$,(0.02,),$,0.02,
,,,,,,,,,
WEIGHTED AVERAGE COMMON SHARES OUTSTANDING,WEIGHTED AVERAGE COMMON SHARES OUTSTANDING,WEIGHTED AVERAGE COMMON SHARES OUTSTANDING,,,,,,,
,Basic,Basic,,,4452597,,,4452597,
,,,,,,,,,
,Diluted,Diluted,,,4452597,,,4453628,
,,,,,,,,,
