0,1
(1),"These shares were purchased in January 1992 in a private sale at their fair market value, in consideration of Devices' partially discharging certain of the Company's obligations as a guarantor of the indebtedness of its former affiliate Tayco Technology, Inc.(""Tayco Tech""). See Item 12. ""Certain Relationships and Related Transactions."""
(2),"Douglas P. Taylor is a shareholder, a director, the President and CEO of Devices. The Taylor family owns or controls 169,317 shares in the Company, or approximately 17.1% of its common stock, including shares held by Mr. Taylor. Also included in this number are the shares held by Mr. Taylor's sister, Joyce Taylor Hill, who owns 8,511 shares in her name, and holds 34,674 shares as custodian for minor children. Richard G. Hill, her husband and the brother-in-law of Mr. Taylor, beneficially owns 4,800 shares. Mr. Hill is also a shareholder, director, and Vice President of Devices. Mr. Taylor's father, Paul H. Taylor, and his mother, Isabel B. Taylor, own 24,390 and 8,928 shares, beneficially or of record, respectively. Peter Cassel and his wife, Elaine Taylor Cassel, Mr. Taylor's sister, own 6,020 shares. Including shares beneficially owned by Messrs. Taylor and Hill in Devices, the Taylor family owns or controls 83,278 shares or 3% of the common stock of Devices."
(3),"Includes 36,009 shares held by Sandra Taylor, wife of Mr. Douglas P. Taylor, in custodial accounts for their minor children, as to which Mr. Taylor disclaims any beneficial ownership."
(4),"In addition to the information on the above table, a Schedule 13D Amendment No. 1 was filed on July 12, 2000, with respect to the Company's common stock by the following reporting persons: Aries Hill Corp, 16,400 shares (1.656%); Brent Baird, 31,500 shares (3.181%); Bridget B. Baird, as Successor Trustee, 12,500 shares (1.262%); The Cameron Baird Foundation, 3,800 shares (.384%) and Jane D. Baird, 15,000 shares (1.515%) total of filing persons 79,200 shares (7.998%). According to a Schedule 13D Amendment dated August 10, 1998, these entities in the aggregate also own 543,900 shares (19.5%) of the Common Stock of Devices. The persons filing such Schedule 13D, rather than the Company or Devices, are responsible for the accuracy and completeness of such information."
(5),"On March 6, 2000, Mr. Lee sold 10,000 shares of his holdings in the Company's common stock under compliance with Rule 144."
(6),"Information presented in this table has been supplied by the respective shareholders or by the Company, as transfer agent. Other than for certain arrangements between the Company and its affiliates, the Company knows of no contractual arrangement which may result in a change in control of the Company at any subsequent date. See Item 12. ""Certain Relationships and Related Transactions."""
