Unnamed: 0_level_0,Unnamed: 1_level_0,"Expected Maturity DateYear Ended June 30,","Expected Maturity DateYear Ended June 30,","Expected Maturity DateYear Ended June 30,","Expected Maturity DateYear Ended June 30,","Expected Maturity DateYear Ended June 30,","Expected Maturity DateYear Ended June 30,","Expected Maturity DateYear Ended June 30,","Expected Maturity DateYear Ended June 30,","Expected Maturity DateYear Ended June 30,","Expected Maturity DateYear Ended June 30,","Expected Maturity DateYear Ended June 30,",Unnamed: 13_level_0,There- after,There- after,Unnamed: 16_level_0,Total,Total,Unnamed: 19_level_0,Fair Value,Fair Value,Unnamed: 22_level_0,Unnamed: 23_level_0,Unnamed: 24_level_0,Unnamed: 25_level_0,Unnamed: 26_level_0,Unnamed: 27_level_0,Unnamed: 28_level_0,Unnamed: 29_level_0,Unnamed: 30_level_0,Unnamed: 31_level_0,Unnamed: 32_level_0,Unnamed: 33_level_0,Unnamed: 34_level_0,Unnamed: 35_level_0,Unnamed: 36_level_0,Unnamed: 37_level_0,Unnamed: 38_level_0,Unnamed: 39_level_0,Unnamed: 40_level_0,Unnamed: 41_level_0,Unnamed: 42_level_0,Unnamed: 43_level_0
(in thousands of dollars),Unnamed: 1_level_1,2000,2000.1,Unnamed: 4_level_1,2001,Unnamed: 6_level_1,2002,2002.1,Unnamed: 9_level_1,2003,Unnamed: 11_level_1,2004,There- after,There- after,Total,Total,Fair Value,Fair Value.1,Unnamed: 19_level_1,Unnamed: 20_level_1,Unnamed: 21_level_1,Unnamed: 22_level_1,Unnamed: 23_level_1,Unnamed: 24_level_1,Unnamed: 25_level_1,Unnamed: 26_level_1,Unnamed: 27_level_1,Unnamed: 28_level_1,Unnamed: 29_level_1,Unnamed: 30_level_1,Unnamed: 31_level_1,Unnamed: 32_level_1,Unnamed: 33_level_1,Unnamed: 34_level_1,Unnamed: 35_level_1,Unnamed: 36_level_1,Unnamed: 37_level_1,Unnamed: 38_level_1,Unnamed: 39_level_1,Unnamed: 40_level_1,Unnamed: 41_level_1,Unnamed: 42_level_1,Unnamed: 43_level_1
Derivatives Matched Against Liabilities:,,,,,,,,,,,,,,,,,,,,,,,,,,,,,,,,,,,,,,,,,,,
,,,,,,,,,,,,,,,,,,,,,,,,,,,,,,,,,,,,,,,,,,,
,,,,,,,,,,,,,,,,,,,,,,,,,,,,,,,,,,,,,,,,,,,
Interest Rate Swaps,,,,,,,,,,,,,,,,,,,,,,,,,,,,,,,,,,,,,,,,,,,
,,,,,,,,,,,,,,,,,,,,,,,,,,,,,,,,,,,,,,,,,,,
,,,,,,,,,,,,,,,,,,,,,,,,,,,,,,,,,,,,,,,,,,,
Pay fixed rate swaps (US),,,,,,,,,,,,,,"$10,000",,,"$ 10,000",,,$ 48,,,,,,,,,,,,,,,,,,,,,,,
Weighted average pay rate,,,,,,,,,,,,,,5.84,%,,5.84,%,,,,,,,,,,,,,,,,,,,,,,,,,
Weighted average receive rate,,,,,,,,,,,,,,5.65,%,,5.65,%,,,,,,,,,,,,,,,,,,,,,,,,,
,,,,,,,,,,,,,,,,,,,,,,,,,,,,,,,,,,,,,,,,,,,
Pay fixed rate swaps (AUD),,,,,,,"$2,422",,,,,,,,,,"$ 2,422",,,$ ,,,,,,,,,,,,,,,,,,,,,,,
Weighted average pay rate,,,,,,,5.56,%,,,,,,,,,5.56,%,,,,,,,,,,,,,,,,,,,,,,,,,
Weighted average receive rate,,,,,,,4.84,%,,,,,,,,,4.84,%,,,,,,,,,,,,,,,,,,,,,,,,,
,,,,,,,,,,,,,,,,,,,,,,,,,,,,,,,,,,,,,,,,,,,
Interest Rate Caps (US),,"$ 50,000",,,,,,,,,,,,,,,"$ 50,000",,,$ ,,,,,,,,,,,,,,,,,,,,,,,
Average strike rate,,5.80,%,,,,,,,,,,,,,,5.80,%,,,,,,,,,,,,,,,,,,,,,,,,,
Average index rate,,5.24,%,,,,,,,,,,,,,,5.24,%,,,,,,,,,,,,,,,,,,,,,,,,,
,,,,,,,,,,,,,,,,,,,,,,,,,,,,,,,,,,,,,,,,,,,
Interest Rate Floors (US),,"$ 50,000",,,,,,,,,,,,,,,"$ 50,000",,,$ (24,),,,,,,,,,,,,,,,,,,,,,,
Average strike rate,,5.50,%,,,,,,,,,,,,,,5.50,%,,,,,,,,,,,,,,,,,,,,,,,,,
Average index rate,,5.24,%,,,,,,,,,,,,,,5.24,%,,,,,,,,,,,,,,,,,,,,,,,,,
,,,,,,,,,,,,,,,,,,,,,,,,,,,,,,,,,,,,,,,,,,,
Treasury Locks (US),,"$400,000",,,,,,,,,,,,,,,"$400,000",,,$ 609,,,,,,,,,,,,,,,,,,,,,,,
Average strike rate,,5.54,%,,,,,,,,,,,,,,5.54,%,,,,,,,,,,,,,,,,,,,,,,,,,
Average index rate,,5.56,%,,,,,,,,,,,,,,5.56,%,,,,,,,,,,,,,,,,,,,,,,,,,
,,,,,,,,,,,,,,,,,,,,,,,,,,,,,,,,,,,,,,,,,,,
Totals,,"$500,000",,,,,"$2,422",,,,,,,"$10,000",,,"$512,422",,,$ 633,,,,,,,,,,,,,,,,,,,,,,,
,,,,,,,,,,,,,,,,,,,,,,,,,,,,,,,,,,,,,,,,,,,
