0,1,2,3,4,5,6,7,8,9,10,11,12,13
,,,,,,,,,,,,,
CONSOLIDATED STATEMENTS OF INCOME,CONSOLIDATED STATEMENTS OF INCOME,,,,,,,,,,,,
"(In Millions, Except Per Share Data)","(In Millions, Except Per Share Data)",,"June 3, 2000","June 3, 2000","June 3, 2000",,"May 29, 1999","May 29, 1999","May 29, 1999",,"May 30, 1998","May 30, 1998","May 30, 1998"
,,,,,,,,,,,,,
Net Sales,Net Sales,,$,1938.0,,,$,1766.2,,,$,1718.6,
,,,,,,,,,,,,,
,,,,,,,,,,,,,
,,,,,,,,,,,,,
,,,,,,,,,,,,,
Cost of Sales,Cost of Sales,,,1205.6,,,,1078.8,,,,1061.8,
,,,,,,,,,,,,,
Gross Margin,Gross Margin,,,732.4,,,,687.4,,,,656.8,
,,,,,,,,,,,,,
,,,,,,,,,,,,,
,,,,,,,,,,,,,
,,,,,,,,,,,,,
,,,,,,,,,,,,,
Operating Expenses:,Operating Expenses:,,,,,,,,,,,,
,,,,,,,,,,,,,
,,,,,,,,,,,,,
,,,,,,,,,,,,,
,,,,,,,,,,,,,
,"Selling, General, and Administrative",,,456.4,,,,425.1,,,,414.7,
,,,,,,,,,,,,,
,,,,,,,,,,,,,
,,,,,,,,,,,,,
,,,,,,,,,,,,,
,Design and Research,,,41.3,,,,38.0,,,,33.8,
,,,,,,,,,,,,,
Total Operating Expenses,Total Operating Expenses,,,497.7,,,,463.1,,,,448.5,
,,,,,,,,,,,,,
Operating Income,Operating Income,,,234.7,,,,224.3,,,,208.3,
,,,,,,,,,,,,,
,,,,,,,,,,,,,
,,,,,,,,,,,,,
,,,,,,,,,,,,,
,,,,,,,,,,,,,
Other Expenses (Income):,Other Expenses (Income):,,,,,,,,,,,,
,,,,,,,,,,,,,
,,,,,,,,,,,,,
,,,,,,,,,,,,,
,,,,,,,,,,,,,
,Interest Expense,,,13.4,,,,7.3,,,,8.3,
,,,,,,,,,,,,,
,,,,,,,,,,,,,
,,,,,,,,,,,,,
,,,,,,,,,,,,,
,Interest Income,,,(6.4,),,,(7.1,),,,(11.2,)
,,,,,,,,,,,,,
,,,,,,,,,,,,,
,,,,,,,,,,,,,
,,,,,,,,,,,,,
,"Other, Net",,,5.9,,,,(5.8,),,,1.7,
,,,,,,,,,,,,,
Net Other Expenses (Income),Net Other Expenses (Income),,,12.9,,,,(5.6,),,,(1.2,)
,,,,,,,,,,,,,
Income Before Income Taxes,Income Before Income Taxes,,,221.8,,,,229.9,,,,209.5,
,,,,,,,,,,,,,
,,,,,,,,,,,,,
,,,,,,,,,,,,,
,,,,,,,,,,,,,
Income Taxes,Income Taxes,,,82.1,,,,88.1,,,,81.2,
,,,,,,,,,,,,,
Net Income,Net Income,,$,139.7,,,$,141.8,,,$,128.3,
,,,,,,,,,,,,,
Earnings Per ShareBasic,Earnings Per ShareBasic,,$,1.76,,,$,1.69,,,$,1.42,
,,,,,,,,,,,,,
,,,,,,,,,,,,,
,,,,,,,,,,,,,
,,,,,,,,,,,,,
Earnings Per ShareDiluted,Earnings Per ShareDiluted,,$,1.74,,,$,1.67,,,$,1.39,
