0,1,2,3,4,5,6,7,8
,,,,,,,%  Increase (decrease),%  Increase (decrease)
($ in millions),,2000,,1999,,1998,2000/99,1999/98
Net sales,,$644.4,,$660.2,,$657.2,(2%),1%
Gross profit,,195.7,,199.5,,205.5,(2%),( 3%)
% of net sales,,30.4%,,30.2%,,31.3%,,
"Marketing, selling and",,,,,,,,
administrative expenses,,144.9,,147.0,,156.0,(1%),( 6%)
% of net sales,,22.5%,,22.3%,,23.7%,,
Research and development expenses,,18.9,,21.1,,17.9,(10%),18%
% of net sales,,2.9%,,3.2%,,2.7%,,
Amortization of goodwill,,,,,,,,
and other intangibles,,9.4,,8.6,,8.4,10%,2%
% of net sales,,1.5%,,1.3%,,1.3%,,
Re-engineering expenses and,,,,,,,,
merger costs,,--,,--,,29.0,*,*
% of net sales,,--,,--,,4.4%,*,--
Operating income (loss),,22.5,,22.8,,( 5.8),(1%),*
% of net sales,,3.5%,,3.5%,,(0.9%),,
Interest expense,,16.1,,16.5,,15.2,(2%),8%
% of net sales,,2.5%,,2.5%,,2.3%,,
"Interest income and other, net",,2.0,,2.0,,9.3,--,(79%)
% of net sales,,0.3%,,0.3%,,1.4%,,
Income (loss) before income taxes,,8.4,,8.3,,(11.8),2%,*
% of net sales,,1.3%,,1.3%,,( 1.8%),,
Income tax expense,,4.3,,3.8,,0.2,15%,*
% of income (loss) before taxes,,51.3%,,45.6%,,1.8%,,
Net income (loss),,$ 4.1,,$ 4.5,,$(12.0),(8%),*
% of net sales,,0.6%,,0.7%,,( 1.8%),,
* Percentage not meaningful,,,,,,,,
