0,1,2,3,4,5,6
1999,Biotrol,Challenge,Micro Motors,Oregon Micro Systems,Corp.,Total
,,,,,,
Sales from external customers,"$8,170","$1,365","$5,094","$3,713",--,"$18,342"
,,,,,,
Intersegment sales,--,810,926,--,--,1736
,,,,,,
Depreciation and amortization,73,100,716,458,83,1430
,,,,,,
Unusual charge,--,--,4931,314,2144,7389
,,,,,,
Interest expense,15,96,481,30,410,1032
,,,,,,
Segment profit (loss),(187),182,"(7,365)",352,"(1,916)","(8,934)"
,,,,,,
Segment assets,2800,1534,7147,2788,3429,17698
,,,,,,
Expenditure for segment assets,146,283,312,20,114,875
