0,1,2,3,4,5,6,7,8,9,10
,,,,,,,,,,
,,,,,,,,,,
,,,,"June 30,","June 30,","June 30,","June 30,","June 30,","June 30,","June 30,"
,,,,,,,,,,
,,,,2000,2000,2000,,1999,1999,1999
,,,,,,,,,,
Assets,Assets,Assets,,,,,,,,
,,,,,,,,,,
,,,,,,,,,,
,,,,,,,,,,
,,,,,,,,,,
Current assets:,Current assets:,Current assets:,,,,,,,,
,,,,,,,,,,
,,,,,,,,,,
,,,,,,,,,,
,,,,,,,,,,
,Cash and cash equivalents,Cash and cash equivalents,,$,152270780,,,$,87718718,
,,,,,,,,,,
,,,,,,,,,,
,,,,,,,,,,
,,,,,,,,,,
,Short-term investments,Short-term investments,,,133466609,,,,149585195,
,,,,,,,,,,
,,,,,,,,,,
,,,,,,,,,,
,,,,,,,,,,
,"Accounts receivable, less allowances: 	2000: $4,190,000; 1999: $3,815,000.","Accounts receivable, less allowances: 	2000: $4,190,000; 1999: $3,815,000.",,,33164092,,,,31582935,
,,,,,,,,,,
,,,,,,,,,,
,,,,,,,,,,
,,,,,,,,,,
,Inventories,Inventories,,,10001731,,,,7273142,
,,,,,,,,,,
,,,,,,,,,,
,,,,,,,,,,
,,,,,,,,,,
,Deferred tax assets,Deferred tax assets,,,3366268,,,,4697085,
,,,,,,,,,,
,,,,,,,,,,
,,,,,,,,,,
,,,,,,,,,,
,Note receivable,Note receivable,,,,,,,39100000,
,,,,,,,,,,
,,,,,,,,,,
,,,,,,,,,,
,,,,,,,,,,
,Other current assets,Other current assets,,,19018672,,,,15635164,
,,,,,,,,,,
,,Total current assets,,,351288152,,,,335592239,
,,,,,,,,,,
,,,,,,,,,,
,,,,,,,,,,
,,,,,,,,,,
"Property and equipment, net","Property and equipment, net","Property and equipment, net",,,1758946,,,,1704663,
,,,,,,,,,,
,,,,,,,,,,
,,,,,,,,,,
,,,,,,,,,,
Intangible assets:,Intangible assets:,Intangible assets:,,,,,,,,
,,,,,,,,,,
,,,,,,,,,,
,,,,,,,,,,
,,,,,,,,,,
,Intangible assets related to product line and business 	acquisitions,Intangible assets related to product line and business 	acquisitions,,,156569425,,,,137508154,
,,,,,,,,,,
,,,,,,,,,,
,,,,,,,,,,
,,,,,,,,,,
,Other intangible assets,Other intangible assets,,,899414,,,,973414,
,,,,,,,,,,
,,,,,157468839,,,,138481568,
,,,,,,,,,,
,,,,,,,,,,
,,,,,,,,,,
,,,,,,,,,,
,Less: accumulated amortization,Less: accumulated amortization,,,16286738,,,,9505319,
,,,,,,,,,,
,,Net intangible assets,,,141182101,,,,128976249,
,,,,,,,,,,
,,,,,,,,,,
,,,,,,,,,,
,,,,,,,,,,
Other non-current assets,Other non-current assets,Other non-current assets,,,1110356,,,,1237195,
,,,,,,,,,,
,,,,$,495339555,,,$,467510346,
,,,,,,,,,,
