0,1,2,3,4,5,6,7,8,9,10,11,12,13,14
,,,,,,,,,,,,,,
,,,,,,,,,,,,,,
,,,,"Year Ended June 30,","Year Ended June 30,","Year Ended June 30,","Year Ended June 30,","Year Ended June 30,","Year Ended June 30,","Year Ended June 30,","Year Ended June 30,","Year Ended June 30,","Year Ended June 30,","Year Ended June 30,"
,,,,,,,,,,,,,,
,,,,2000,2000,2000,,1999,1999,1999,,1998,1998,1998
,,,,,,,,,,,,,,
Operating Activities:,Operating Activities:,Operating Activities:,,,,,,,,,,,,
,,,,,,,,,,,,,,
,,,,,,,,,,,,,,
,,,,,,,,,,,,,,
,,,,,,,,,,,,,,
Net income (loss),Net income (loss),Net income (loss),,$,42994182,,,$,41437226,,,$,"(12,407,176",)
,,,,,,,,,,,,,,
,,,,,,,,,,,,,,
,,,,,,,,,,,,,,
,,,,,,,,,,,,,,
Adjustments to reconcile net income (loss) to net cash 	provided by operating activities:,Adjustments to reconcile net income (loss) to net cash 	provided by operating activities:,Adjustments to reconcile net income (loss) to net cash 	provided by operating activities:,,,,,,,,,,,,
,,,,,,,,,,,,,,
,,,,,,,,,,,,,,
,,,,,,,,,,,,,,
,,,,,,,,,,,,,,
,In-process research and development,In-process research and development,,,,,,,9500000,,,,35400000,
,,,,,,,,,,,,,,
,,,,,,,,,,,,,,
,,,,,,,,,,,,,,
,,,,,,,,,,,,,,
,Gain on sale of assets,Gain on sale of assets,,,,,,,"(17,650,903",),,,,
,,,,,,,,,,,,,,
,,,,,,,,,,,,,,
,,,,,,,,,,,,,,
,,,,,,,,,,,,,,
,Depreciation and amortization,Depreciation and amortization,,,7374534,,,,5810288,,,,2903423,
,,,,,,,,,,,,,,
,,,,,,,,,,,,,,
,,,,,,,,,,,,,,
,,,,,,,,,,,,,,
,(Gain) loss on sale of available-for-sale investments,(Gain) loss on sale of available-for-sale investments,,,"(483,038",),,,14658,,,,"(50,931",)
,,,,,,,,,,,,,,
,,,,,,,,,,,,,,
,,,,,,,,,,,,,,
,,,,,,,,,,,,,,
,Other non-cash expenses,Other non-cash expenses,,,21000,,,,15000,,,,57500,
,,,,,,,,,,,,,,
,,,,,,,,,,,,,,
,,,,,,,,,,,,,,
,,,,,,,,,,,,,,
,Deferred income tax expense (benefit),Deferred income tax expense (benefit),,,2947647,,,,"(9,792,229",),,,13787173,
,,,,,,,,,,,,,,
,,,,,,,,,,,,,,
,,,,,,,,,,,,,,
,,,,,,,,,,,,,,
,Provision for doubtful accounts and returns,Provision for doubtful accounts and returns,,,375000,,,,989000,,,,460000,
,,,,,,,,,,,,,,
,,,,,,,,,,,,,,
,,,,,,,,,,,,,,
,,,,,,,,,,,,,,
,Accretion of premium (discount) on investments,Accretion of premium (discount) on investments,,,508323,,,,179649,,,,"(344,454",)
,,,,,,,,,,,,,,
,,,,,,,,,,,,,,
,,,,,,,,,,,,,,
,,,,,,,,,,,,,,
,Accretion of discount on contract obligation,Accretion of discount on contract obligation,,,2197147,,,,1801885,,,,,
,,,,,,,,,,,,,,
,,,,,,,,,,,,,,
,,,,,,,,,,,,,,
,,,,,,,,,,,,,,
Changes in operating assets and liabilities (net of acquired 	amounts):,Changes in operating assets and liabilities (net of acquired 	amounts):,Changes in operating assets and liabilities (net of acquired 	amounts):,,,,,,,,,,,,
,,,,,,,,,,,,,,
,,,,,,,,,,,,,,
,,,,,,,,,,,,,,
,,,,,,,,,,,,,,
,Accounts receivable,Accounts receivable,,,"(1,956,157",),,,"(13,285,268",),,,"(10,944,095",)
,,,,,,,,,,,,,,
,,,,,,,,,,,,,,
,,,,,,,,,,,,,,
,,,,,,,,,,,,,,
,Inventories,Inventories,,,"(1,338,576",),,,2298397,,,,"(4,772,069",)
,,,,,,,,,,,,,,
,,,,,,,,,,,,,,
,,,,,,,,,,,,,,
,,,,,,,,,,,,,,
,Other current assets,Other current assets,,,"(2,502,530",),,,"(4,134,323",),,,"(5,353,132",)
,,,,,,,,,,,,,,
,,,,,,,,,,,,,,
,,,,,,,,,,,,,,
,,,,,,,,,,,,,,
,Accounts payable,Accounts payable,,,1208740,,,,2975103,,,,35575,
,,,,,,,,,,,,,,
,,,,,,,,,,,,,,
,,,,,,,,,,,,,,
,,,,,,,,,,,,,,
,Income taxes payable,Income taxes payable,,,"(931,504",),,,10062755,,,,597189,
,,,,,,,,,,,,,,
,,,,,,,,,,,,,,
,,,,,,,,,,,,,,
,,,,,,,,,,,,,,
,Other current liabilities,Other current liabilities,,,"(9,176,278",),,,"(4,796,891",),,,"(4,623,987",)
,,,,,,,,,,,,,,
,,Net cash provided by operating activities,,,41238490,,,,25424347,,,,14745016,
,,,,,,,,,,,,,,
,,,,,,,,,,,,,,
,,,,,,,,,,,,,,
,,,,,,,,,,,,,,
Investing Activities:,Investing Activities:,Investing Activities:,,,,,,,,,,,,
,,,,,,,,,,,,,,
,,,,,,,,,,,,,,
,,,,,,,,,,,,,,
,,,,,,,,,,,,,,
Purchase of property and equipment,Purchase of property and equipment,Purchase of property and equipment,,,"(628,941",),,,"(725,165",),,,"(833,111",)
,,,,,,,,,,,,,,
,,,,,,,,,,,,,,
,,,,,,,,,,,,,,
,,,,,,,,,,,,,,
Proceeds from sale of product rights,Proceeds from sale of product rights,Proceeds from sale of product rights,,,39100000,,,,10712402,,,,,
,,,,,,,,,,,,,,
,,,,,,,,,,,,,,
,,,,,,,,,,,,,,
,,,,,,,,,,,,,,
"Acquisition of businesses, net of cash acquired","Acquisition of businesses, net of cash acquired","Acquisition of businesses, net of cash acquired",,,"(5,974,973",),,,"(14,278,840",),,,"(54,982,386",)
,,,,,,,,,,,,,,
,,,,,,,,,,,,,,
,,,,,,,,,,,,,,
,,,,,,,,,,,,,,
Payments for purchase of product rights,Payments for purchase of product rights,Payments for purchase of product rights,,,"(36,723,130",),,,"(25,110,371",),,,"(5,012,483",)
,,,,,,,,,,,,,,
,,,,,,,,,,,,,,
,,,,,,,,,,,,,,
,,,,,,,,,,,,,,
Purchase of available-for-sale investments,Purchase of available-for-sale investments,Purchase of available-for-sale investments,,,"(159,776,955",),,,"(202,169,056",),,,"(147,656,185",)
,,,,,,,,,,,,,,
,,,,,,,,,,,,,,
,,,,,,,,,,,,,,
,,,,,,,,,,,,,,
Sale of available-for-sale investments,Sale of available-for-sale investments,Sale of available-for-sale investments,,,29937533,,,,52644964,,,,74690916,
,,,,,,,,,,,,,,
,,,,,,,,,,,,,,
,,,,,,,,,,,,,,
,,,,,,,,,,,,,,
Maturity of available-for-sale investments,Maturity of available-for-sale investments,Maturity of available-for-sale investments,,,147170951,,,,89711000,,,,34500000,
,,,,,,,,,,,,,,
,,,,,,,,,,,,,,
,,,,,,,,,,,,,,
,,,,,,,,,,,,,,
Change in other assets,Change in other assets,Change in other assets,,,282382,,,,355712,,,,"(490,000",)
,,,,,,,,,,,,,,
,,Net cash provided by (used in) investing activities,,,13386867,,,,"(88,859,354",),,,"(99,783,249",)
,,,,,,,,,,,,,,
,,,,,,,,,,,,,,
,,,,,,,,,,,,,,
,,,,,,,,,,,,,,
Financing Activities:,Financing Activities:,Financing Activities:,,,,,,,,,,,,
,,,,,,,,,,,,,,
,,,,,,,,,,,,,,
,,,,,,,,,,,,,,
,,,,,,,,,,,,,,
"Proceeds from the sale of common equity securities, net","Proceeds from the sale of common equity securities, net","Proceeds from the sale of common equity securities, net",,,,,,,,,,,197876707,
,,,,,,,,,,,,,,
,,,,,,,,,,,,,,
,,,,,,,,,,,,,,
,,,,,,,,,,,,,,
Payment of notes payable,Payment of notes payable,Payment of notes payable,,,"(100,000",),,,"(105,920",),,,"(10,660",)
,,,,,,,,,,,,,,
,,,,,,,,,,,,,,
,,,,,,,,,,,,,,
,,,,,,,,,,,,,,
Change in other non-current liabilities,Change in other non-current liabilities,Change in other non-current liabilities,,,"(130,278",),,,6163,,,,2354,
,,,,,,,,,,,,,,
,,,,,,,,,,,,,,
,,,,,,,,,,,,,,
,,,,,,,,,,,,,,
Proceeds from the exercise of options,Proceeds from the exercise of options,Proceeds from the exercise of options,,,10174017,,,,3842209,,,,957562,
,,,,,,,,,,,,,,
,,Net cash provided by financing activities,,,9943739,,,,3742452,,,,198825963,
,,,,,,,,,,,,,,
,,,,,,,,,,,,,,
,,,,,,,,,,,,,,
,,,,,,,,,,,,,,
Effect of foreign currency exchange rate on cash and cash 	equivalents,Effect of foreign currency exchange rate on cash and cash 	equivalents,Effect of foreign currency exchange rate on cash and cash 	equivalents,,,"(17,034",),,,146,,,,,
,,,,,,,,,,,,,,
Net increase (decrease) in cash and cash 	equivalents,Net increase (decrease) in cash and cash 	equivalents,Net increase (decrease) in cash and cash 	equivalents,,,64552062,,,,"(59,692,409",),,,113787730,
,,,,,,,,,,,,,,
,,,,,,,,,,,,,,
,,,,,,,,,,,,,,
,,,,,,,,,,,,,,
Cash and cash equivalents at beginning of year,Cash and cash equivalents at beginning of year,Cash and cash equivalents at beginning of year,,,87718718,,,,147411127,,,,33623397,
,,,,,,,,,,,,,,
Cash and cash equivalents at end of year,Cash and cash equivalents at end of year,Cash and cash equivalents at end of year,,$,152270780,,,$,87718718,,,$,147411127,
,,,,,,,,,,,,,,
