0,1,2
Current liabilities:,,
Notes payable,$,7637000
Accounts payable,,849000
Accrued expenses,,2007000
,,
Total current liabilities,,10493000
,,
,,
,,
Commitments and contingencies,,
,,
Shareholders' equity:,,
"Series A convertible preferred shares, no par value; liquidation preference",,
"of $3.60 per share; 10,000,000 shares authorized; 78,129 shares issued",,
and outstanding,,283000
"Common shares, no par value; 50,000,000 shares authorized;",,
"8,787,300 shares issued and outstanding",,14976000
Accumulated deficit,,"(9,203,000)"
,,
,,6056000
Receivable for stock purchase,,"(126,000)"
,,
Total shareholders' equity,,5930000
,,
Total liabilities and shareholders' equity,$,16423000
,,
