0,1,2,3
COMMERCIAL,,,
Maplewood Square,Retail,"Rochester, MN","$11,800,000"
Great Plains,Computer Software Mfg.,"Fargo, ND",15000000
Edgewood Vista,Assisted Living,"Grand Island, NE",446000
Edgewood Vista,Assisted Living,"Columbus, NE",446000
Edgewood Vista,Assisted Living,"Belgrade, MT",446000
Corner C-Store,Convenience Store,"East Grand Forks, MN",1385000
Flying Cloud Drive,Office Building,"Eden Prairie, MN",4900000
Lexington Commerce Center,Office Warehouse,"Eagan, MN",4800000
Northgate II,Office Warehouse,"Maple Grove, MN",2300000
Southeast Tech Center,Office Warehouse,"Eagan, MN",6050000
MedPark Mall,Retail,"Grand Forks, ND",5300000
Edgewood Vista,Assisted Living,"Hermantown, MN",4800000
,,,"$57,673,000"
APARTMENTS,UNITS,,
Rimrock West,78,"Billings, MT","$3,750,000"
Valley Park Manor,168,"Grand Forks, ND",4400000
The Meadows I***,27,"Jamestown, ND",247700
Thomasbrook,264,"Lincoln, NE",9188470
Pebble Creek,18,"Bismarck, ND",720000
Country Meadows II***,67,"Billings, MT",3010325
Crown Colony,220,"Topeka, KS",10500000
Sherwood,300,"Topeka, KS",15750000
Sunset Trail**,,"Rochester, MN",1500000
Legacy IV,67,"Grand Forks, ND",4301250
Dakota Hill,504,"Irving, TX",36500000
The Meadows II,27,"Jamestown, ND",1845000
Lancaster Place,84,"St. Cloud, MN",3200000
The Meadows III**,,"Jamestown, ND",68000
Cottonwood Lake III**,,"Bismarck, ND",2631000
,,,"$97,611,745"
TOTAL,,,"$155,284,745"
