0,1,2,3,4,5,6
ASSETS,,2000,,,1999.0,
CURRENT ASSETS:,,,,,,
Cash and equivalents,$,608062,,$,6511266.0,
"Accounts receivable, less allowances of $1,190,000 in",,,,,,
"2000 and $1,298,000 in 1999",,7818663,,,4646911.0,
Revenues earned in excess of billings and,,,,,,
retainages on long-term contracts,,3824887,,,3920928.0,
Notes receivable,,1179119,,,780420.0,
Inventories,,363588,,,415341.0,
Deferred tax assets,,2195664,,,1750000.0,
Other current assets,,170960,,,347124.0,
,,,,,,
Total current assets,,16160943,,,18371990.0,
,,,,,,
,,,,,,
,,,,,,
NET PROPERTY AND EQUIPMENT,,3047946,,,1207140.0,
,,,,,,
,,,,,,
,,,,,,
OTHER ASSETS:,,,,,,
"Notes receivable, less current portions",,1254477,,,1080037.0,
Officers' receivable,,--,,,232969.0,
"Computer software development costs,",,,,,,
net of accumulated amortization,,1445600,,,1507178.0,
"Goodwill, net of accumulated amortization",,4777115,,,715503.0,
Deferred tax assets,,--,,,82000.0,
"Other, net",,38644,,,31612.0,
,,,,,,
Total other assets,,7515836,,,3649299.0,
,,,,,,
,$,26724725,,$,23228429.0,
