0,1,2,3,4,5,6
,,2000,,,1999,
Deferred tax assets (liabilities):,,,,,,
Valuation reserves not currently deductible,$,1208000,,$,980000,
Accrued liabilities not currently deductible,,851000,,,832000,
Alternative minimum tax credit carryforward,,--,,,163000,
Lease accounting method differences,,8000,,,83000,
Restructuring reserves not currently deductible,,8000,,,46000,
Property and equipment depreciation  and basis differences,,"(23,000",),,44000,
Valuation allowance,,--,,,"(219,000",)
Software development costs expensed  for tax purposes,,"(307,000",),,"(274,000",)
Other,,208000,,,177000,
,,,,,,
Net deferred tax asset,$,1953000,,$,1832000,
