0,1,2,3,4,5,6,7,8,9
,,,,,,,,,
,,,,,,,,,
,,,Fiscal Year Ended June 30,Fiscal Year Ended June 30,Fiscal Year Ended June 30,Fiscal Year Ended June 30,Fiscal Year Ended June 30,Fiscal Year Ended June 30,Fiscal Year Ended June 30
,,,,,,,,,
,,,1999,1999,1999,,2000,2000,2000
,,,,,,,,,
Design and development of prototype devices and other 	enhancements and improvements,Design and development of prototype devices and other 	enhancements and improvements,,$,257451,,,$,358679,
,,,,,,,,,
,,,,,,,,,
,,,,,,,,,
,,,,,,,,,
Design and development of a Central Data Management Facility 	(CDMF),Design and development of a Central Data Management Facility 	(CDMF),,,318194,,,,,
,,,,,,,,,
,,,,,,,,,
,,,,,,,,,
,,,,,,,,,
Recognized compensation cost for value of stock options granted 	in lieu of cash compensation,Recognized compensation cost for value of stock options granted 	in lieu of cash compensation,,,,,,,71340,
,,,,,,,,,
,Total research and development expenses,,$,575645,,,$,430019,
,,,,,,,,,
