0,1,2,3,4
,,,,
Exhibit No,,SEC Ref. No.,,Title of Document
,,,,
,,,,
,,,,
,,,,
*1,,"(3)(i),(4)",,"Certificate of Incorporation, as amended"
,,,,
,,,,
,,,,
,,,,
*2,,(3)(ii),,By-Laws
,,,,
,,,,
,,,,
,,,,
*3,,(10),,Form of Options granted to Executive Officers
,,,,
,,,,
,,,,
,,,,
*4,,(10),,Form of Options granted to Consultants
,,,,
,,,,
,,,,
,,,,
*5,,(21),,Subsidiaries
,,,,
,,,,
,,,,
,,,,
*6,,(10),,Management Agreement
,,,,
,,,,
,,,,
,,,,
*7,,(10),,Option Agreement
,,,,
,,,,
,,,,
,,,,
*8,,(10),,Option Agreement for EEC
,,,,
,,,,
,,,,
,,,,
9,,(10),,Licence Agreement for UK
,,,,
,,,,
,,,,
,,,,
10,,(10),,New Option Agreement for EEC
,,,,
,,,,
,,,,
,,,,
11,,(10),,Engagement of Services
,,,,
,,,,
,,,,
,,,,
12,,(10),,Engagement of Services
,,,,
,,,,
,,,,
,,,,
13,,(27),,Financial Date Schedule
