Unnamed: 0_level_0,Unnamed: 1_level_0,Unnamed: 2_level_0,Unnamed: 3_level_0,Years ended,Years ended,Years ended,Years ended,Years ended,Years ended,Years ended,Years ended,Years ended,Years ended,Years ended,Years ended,Years ended,Years ended,Years ended,Years ended,Years ended,Years ended,Years ended,Years ended,Years ended,Years ended,Years ended,Years ended,Years ended,Years ended,Unnamed: 30_level_0
Unnamed: 0_level_1,Unnamed: 1_level_1,Unnamed: 2_level_1,Unnamed: 3_level_1,"June 27, 1998(2)","June 27, 1998(2).1",Unnamed: 6_level_1,"June 28, 1997","June 28, 1997.1",Unnamed: 9_level_1,"June 29, 1996","June 29, 1996.1",Unnamed: 12_level_1,"July 1, 1995","July 1, 1995.1",Unnamed: 15_level_1,"July 2, 1994(3)","July 2, 1994(3).1",Unnamed: 18_level_1,"July 3, 1993(4)","July 3, 1993(4).1",Unnamed: 21_level_1,"June 27, 1992(5)","June 27, 1992(5).1",Unnamed: 24_level_1,"June 29, 1991","June 29, 1991.1",Unnamed: 27_level_1,"June 30, 1990","June 30, 1990.1",Unnamed: 30_level_1
Results of operations,Results of operations,Results of operations,,,,,,,,,,,,,,,,,,,,,,,,,,,,
Continuing operations,Continuing operations,Continuing operations,,,,,,,,,,,,,,,,,,,,,,,,,,,,
,Net sales,Net sales,,$,17426,,$,17361.0,,$,16424.0,,$,15735.0,,$,14038.0,,$,13204.0,,$,11958.0,,$,11019.0,,$,10273.0,
,Operating income (loss),Operating income (loss),,,(28,),,1990.0,,,1875.0,,,1688.0,,,718.0,,,1393.0,,,1278.0,,,1141.0,,,973.0,
,Income (loss) before income taxes,Income (loss) before income taxes,,,(531,),,1401.0,,,1304.0,,,1161.0,,,342.0,,,1044.0,,,1174.0,,,801.0,,,672.0,
,Income (loss),Income (loss),,,(575,),,960.0,,,873.0,,,770.0,,,171.0,,,682.0,,,766.0,,,519.0,,,446.0,
,Effective tax rate,Effective tax rate,,,8.2,%,,31.5,%,,33.0,%,,33.7,%,,40.0,%,,34.7,%,,34.8,%,,35.3,%,,33.6,%
,Income (loss) per common share,Income (loss) per common share,,,,,,,,,,,,,,,,,,,,,,,,,,,,
,,Basic,,,(.63,),,0.97,,,0.88,,,0.78,,,0.19,,,0.68,,,0.78,,,0.52,,,0.46,
,,Diluted,,,(.63,),,0.94,,,0.85,,,0.75,,,0.19,,,0.66,,,0.75,,,0.51,,,0.44,
Net income (loss),Net income (loss),Net income (loss),,,(523,),,1009.0,,,916.0,,,804.0,,,199.0,,,704.0,,,761.0,,,535.0,,,470.0,
Net income (loss) per common share,Net income (loss) per common share,Net income (loss) per common share,,,,,,,,,,,,,,,,,,,,,,,,,,,,
,Basic,Basic,,,(.57,),,1.02,,,0.92,,,0.81,,,0.18,,,0.71,,,0.78,,,0.54,,,0.48,
,Diluted,Diluted,,,(.57,),,0.99,,,0.89,,,0.79,,,0.18,,,0.68,,,0.75,,,0.53,,,0.47,
,,,,,,,,,,,,,,,,,,,,,,,,,,,,,,
Financial position,Financial position,Financial position,,,,,,,,,,,,,,,,,,,,,,,,,,,,
Total assets,Total assets,Total assets,,$,10784,,$,12775.0,,$,12421.0,,$,12284.0,,$,11524.0,,$,10764.0,,$,9907.0,,$,8042.0,,$,7557.0,
Total debt,Total debt,Total debt,,,3061,,,2663.0,,,2295.0,,,2596.0,,,2859.0,,,2433.0,,,1777.0,,,1767.0,,,1859.0,
Operating cash flow to average total debt(6),Operating cash flow to average total debt(6),Operating cash flow to average total debt(6),,,56.8,%,,49.3,%,,41.4,%,,40.6,%,,25.8,%,,31.7,%,,42.1,%,,37.3,%,,25.6,%
Return on invested capita1(7),Return on invested capita1(7),Return on invested capita1(7),,,17.5,%,,16.0,%,,15.0,%,,14.6,%,,12.6,%,,12.7,%,,13.3,%,,13.8,%,,14.3,%
,,,,,,,,,,,,,,,,,,,,,,,,,,,,,,
Per common share(8),Per common share(8),Per common share(8),,,,,,,,,,,,,,,,,,,,,,,,,,,,
Dividends(9),Dividends(9),Dividends(9),,$,.45,,$,0.41,,$,0.37,,$,0.34,,$,0.31,,$,0.28,,$,0.31,,$,0.23,,$,0.2,
Book value at year-end,Book value at year-end,Book value at year-end,,,1.97,,,4.46,,,4.45,,,4.1,,,3.46,,,3.66,,,3.53,,,2.74,,,2.49,
Market value at year-end,Market value at year-end,Market value at year-end,,,28.31,,,21.03,,,16.25,,,14.25,,,10.31,,,12.13,,,12.41,,,10.09,,,7.28,
Shares used in the determination of net income per share,Shares used in the determination of net income per share,Shares used in the determination of net income per share,,,,,,,,,,,,,,,,,,,,,,,,,,,,
,Basic (in millions),Basic (in millions),,,939,,,959.0,,,963.0,,,955.0,,,955.0,,,963.0,,,941.0,,,921.0,,,914.0,
,Diluted (in millions),Diluted (in millions),,,939,,,1004.0,,,1007.0,,,996.0,,,997.0,,,1011.0,,,992.0,,,971.0,,,959.0,
,,,,,,,,,,,,,,,,,,,,,,,,,,,,,,
Other information,Other information,Other information,,,,,,,,,,,,,,,,,,,,,,,,,,,,
Cash flow,Cash flow,Cash flow,,,,,,,,,,,,,,,,,,,,,,,,,,,,
,Net cash from operating activities,Net cash from operating activities,,$,1935,,$,1552.0,,$,1304.0,,$,1373.0,,$,839.0,,$,850.0,,$,976.0,,$,875.0,,$,582.0,
Depreciation,Depreciation,Depreciation,,,409,,,470.0,,,442.0,,,425.0,,,406.0,,,376.0,,,347.0,,,294.0,,,260.0,
Amortization of intangibles,Amortization of intangibles,Amortization of intangibles,,,,,,,,,,,,,,,,,,,,,,,,,,,,
,Goodwill,Goodwill,,,144,,,155.0,,,128.0,,,119.0,,,107.0,,,101.0,,,89.0,,,71.0,,,63.0,
,Trademarks and other,Trademarks and other,,,42,,,38.0,,,47.0,,,47.0,,,48.0,,,36.0,,,27.0,,,19.0,,,18.0,
Capital expenditures,Capital expenditures,Capital expenditures,,,474,,,547.0,,,542.0,,,480.0,,,628.0,,,728.0,,,509.0,,,522.0,,,595.0,
Media advertising expense,Media advertising expense,Media advertising expense,,,401,,,414.0,,,444.0,,,422.0,,,371.0,,,392.0,,,325.0,,,288.0,,,313.0,
Total advertising and promotion expense,Total advertising and promotion expense,Total advertising and promotion expense,,,1970,,,1936.0,,,1837.0,,,1674.0,,,1497.0,,,1454.0,,,1294.0,,,1066.0,,,1012.0,
Common stockholders of record,Common stockholders of record,Common stockholders of record,,,85100,,,88800.0,,,91300.0,,,93400.0,,,95600.0,,,88100.0,,,75400.0,,,69400.0,,,64800.0,
Number of employees,Number of employees,Number of employees,,,134800,,,137100.0,,,131500.0,,,145500.0,,,143400.0,,,136000.0,,,125700.0,,,110800.0,,,104600.0,
,,,,,,,,,,,,,,,,,,,,,,,,,,,,,,
