0,1,2,3,4,5
,Years Ended,Years Ended,Years Ended,Years Ended,Years Ended
,"June 30,  2000",,"July 2,  1999",,"July 3,  1998"
,,,,,
Cash flows from operating activities:,,,,,
Net income (loss),"$ 4,127",,"$ 4,498",,"$ (12,010)"
Depreciation and amortization,16204,,16161,,15510
Amortization of goodwill and other intangibles,9424,,8589,,8440
"Loss on asset dispositions, net",432,,-,,-
Provision for (benefit from) deferred income taxes,658,,(708),,"(1,492)"
Other non-cash items,-,,942,,(520)
"Changes in assets and liabilities, net of effect of acquisitions:",,,,,
"Trade receivables, net",2756,,"(7,255)",,"(7,145)"
"Installment receivables, net","(1,019)",,"(13,545)",,1489
Inventories,19047,,5332,,"(5,367)"
Other assets,114,,"(2,125)",,"(6,509)"
Trade accounts payable and other liabilities,96,,"(10,696)",,11820
Income taxes,1686,,1695,,556
,,,,,
Net cash provided by operating activities,53525,,2888,,4772
,,,,,
Cash flows from investing activities:,,,,,
"Purchase of property and equipment, net","(16,295)",,"(15,780)",,"(16,549)"
Proceeds from sale of assets,35267,,-,,6423
Net cash invested in acquisition of business,-,,-,,(418)
Net cash provided by (used for) investing activities,18972,,"(15,780)",,"(10,544)"
,,,,,
Cash flows from financing activities:,,,,,
Borrowings of long-term debt,23000,,159269,,239283
Repayments of long-term debt,"(79,270)",,"(142,931)",,"(237,982)"
Proceeds from issuance of common stock,160,,255,,1012
,,,,,
Net cash (used for) provided by financing activities,"(56,110)",,16593,,2313
,,,,,
Effect of exchange rate changes on cash,1991,,"(3,147)",,167
,,,,,
Net increase (decrease) in cash and cash equivalents,18378,,554,,"(3,292)"
Cash and cash equivalents at beginning of year,1485,,931,,4223
Cash and cash equivalents at end of year,"$19,863",,"$ 1,485",,$ 931
