0,1,2,3,4,5,6,7,8,9,10,11,12,13,14,15,16,17,18,19,20
,,,,,,,,,,,,,,,,,,,,
,,,,,,,,,,,,,,,,,,,,
,,Fiscal Year Ended,Fiscal Year Ended,Fiscal Year Ended,Fiscal Year Ended,Fiscal Year Ended,Fiscal Year Ended,Fiscal Year Ended,Fiscal Year Ended,Fiscal Year Ended,Fiscal Year Ended,Fiscal Year Ended,Fiscal Year Ended,Fiscal Year Ended,Fiscal Year Ended,Fiscal Year Ended,Fiscal Year Ended,Fiscal Year Ended,Fiscal Year Ended,Fiscal Year Ended
,,,,,,,,,,,,,,,,,,,,
,,2000,2000,2000,,1999,1999,1999,,1998,1998,1998,,1997,1997,1997,,1996,1996,1996
,,,,,,,,,,,,,,,,,,,,
,,,,,,,,,,,,,,,,,,,,
,,"(in thousands, except per share data)","(in thousands, except per share data)","(in thousands, except per share data)","(in thousands, except per share data)","(in thousands, except per share data)","(in thousands, except per share data)","(in thousands, except per share data)","(in thousands, except per share data)","(in thousands, except per share data)","(in thousands, except per share data)","(in thousands, except per share data)","(in thousands, except per share data)","(in thousands, except per share data)","(in thousands, except per share data)","(in thousands, except per share data)","(in thousands, except per share data)","(in thousands, except per share data)","(in thousands, except per share data)","(in thousands, except per share data)"
,,,,,,,,,,,,,,,,,,,,
,,,,,,,,,,,,,,,,,,,,
,,,,,,,,,,,,,,,,,,,,
,,,,,,,,,,,,,,,,,,,,
Consolidated Statements of Operations Data:,,,,,,,,,,,,,,,,,,,,
,,,,,,,,,,,,,,,,,,,,
,,,,,,,,,,,,,,,,,,,,
,,,,,,,,,,,,,,,,,,,,
,,,,,,,,,,,,,,,,,,,,
Net sales,,$,274048,,,$,216425,,,$,374268,,,$,318112,,,$,268860,
,,,,,,,,,,,,,,,,,,,,
,,,,,,,,,,,,,,,,,,,,
,,,,,,,,,,,,,,,,,,,,
,,,,,,,,,,,,,,,,,,,,
Cost of sales,,,184527,,,,194989,,,,231332,,,,186343,,,,163722,
,,,,,,,,,,,,,,,,,,,,
Gross margin,,,89521,,,,21436,,,,142936,,,,131769,,,,105138,
,,,,,,,,,,,,,,,,,,,,
,,,,,,,,,,,,,,,,,,,,
,,,,,,,,,,,,,,,,,,,,
,,,,,,,,,,,,,,,,,,,,
Operating expenses:,,,,,,,,,,,,,,,,,,,,
,,,,,,,,,,,,,,,,,,,,
,,,,,,,,,,,,,,,,,,,,
,,,,,,,,,,,,,,,,,,,,
,,,,,,,,,,,,,,,,,,,,
"Research, development and engineering",,,53714,,,,61817,,,,67182,,,,43717,,,,27373,
,,,,,,,,,,,,,,,,,,,,
,,,,,,,,,,,,,,,,,,,,
,,,,,,,,,,,,,,,,,,,,
,,,,,,,,,,,,,,,,,,,,
"Selling, general and administrative",,,52356,,,,68237,,,,72916,,,,56234,,,,45575,
,,,,,,,,,,,,,,,,,,,,
,,,,,,,,,,,,,,,,,,,,
,,,,,,,,,,,,,,,,,,,,
,,,,,,,,,,,,,,,,,,,,
Purchased research and development,,,,,,,,,,,,,,,,,,,36961,
,,,,,,,,,,,,,,,,,,,,
,,,,,,,,,,,,,,,,,,,,
,,,,,,,,,,,,,,,,,,,,
,,,,,,,,,,,,,,,,,,,,
"Merger, integration and restructuring",,,,,,,40300,,,,,,,,17601,,,,,
,,,,,,,,,,,,,,,,,,,,
Operating profit (loss),,,"(16,549",),,,"(148,918",),,,2838,,,,14217,,,,"(4,771",)
,,,,,,,,,,,,,,,,,,,,
,,,,,,,,,,,,,,,,,,,,
,,,,,,,,,,,,,,,,,,,,
,,,,,,,,,,,,,,,,,,,,
Other income (expense),,,5649,,,,4297,,,,3510,,,,"(1,162",),,,(108,)
,,,,,,,,,,,,,,,,,,,,
Income (loss) before income taxes,,,"(10,900",),,,"(144,621",),,,6348,,,,13055,,,,"(4,879",)
,,,,,,,,,,,,,,,,,,,,
,,,,,,,,,,,,,,,,,,,,
,,,,,,,,,,,,,,,,,,,,
,,,,,,,,,,,,,,,,,,,,
Income tax expense (benefit),,,,,,,"(3,930",),,,29584,,,,5086,,,,"(2,133",)
,,,,,,,,,,,,,,,,,,,,
Income (loss),,,"(10,900",),,,"(140,691",),,,"(23,236",),,,7969,,,,"(2,746",)
,,,,,,,,,,,,,,,,,,,,
,,,,,,,,,,,,,,,,,,,,
,,,,,,,,,,,,,,,,,,,,
,,,,,,,,,,,,,,,,,,,,
Equity in net earnings (loss) of affiliates(1),,,"(3,278",),,,916,,,,4418,,,,7068,,,,5204,
,,,,,,,,,,,,,,,,,,,,
Net income (loss) from continuing operations,,,"(14,178",),,,"(139,775",),,,"(18,818",),,,15037,,,,2458,
,,,,,,,,,,,,,,,,,,,,
,,,,,,,,,,,,,,,,,,,,
,,,,,,,,,,,,,,,,,,,,
,,,,,,,,,,,,,,,,,,,,
Loss from discontinued operations,,,,,,,,,,,"(10,578",),,,"(28,564",),,,"(1,294",)
,,,,,,,,,,,,,,,,,,,,
Net income (loss),,,"(14,178",),,,"(139,775",),,,"(29,396",),,,"(13,527",),,,1164,
,,,,,,,,,,,,,,,,,,,,
,,,,,,,,,,,,,,,,,,,,
,,,,,,,,,,,,,,,,,,,,
,,,,,,,,,,,,,,,,,,,,
Cumulative dividend on preferred stock,,,,,,,(174,),,,(244,),,,(284,),,,(579,)
,,,,,,,,,,,,,,,,,,,,
Net income (loss) attributable to common stockholders,,$,"(14,178",),,$,"(139,949",),,$,"(29,640",),,$,"(13,811",),,$,585,
,,,,,,,,,,,,,,,,,,,,
Net income (loss) per common share:,,,,,,,,,,,,,,,,,,,,
,,,,,,,,,,,,,,,,,,,,
,,,,,,,,,,,,,,,,,,,,
,,,,,,,,,,,,,,,,,,,,
,,,,,,,,,,,,,,,,,,,,
Basic:,,,,,,,,,,,,,,,,,,,,
,,,,,,,,,,,,,,,,,,,,
,,,,,,,,,,,,,,,,,,,,
,,,,,,,,,,,,,,,,,,,,
,,,,,,,,,,,,,,,,,,,,
From continuing operations,,$,(0.48,),,$,(4.84,),,$,(0.69,),,$,0.67,,,$,0.13,
,,,,,,,,,,,,,,,,,,,,
From discontinued operations,,$,,,,$,,,,$,(0.39,),,$,(1.27,),,$,(0.07,)
,,,,,,,,,,,,,,,,,,,,
