0,1,2,3,4,5,6,7,8,9,10,11,12
,,,,,,,,,,,,
(Dollars in Millions),,2000,2000.0,2000,,1999,1999.0,1999,,1998,1998.0,1998
,,,,,,,,,,,,
Cash and cash equivalents,,$,95.8,,,$,80.0,,,$,115.3,
Cash from operating activities,,$,202.1,,,$,205.6,,,$,268.7,
Days sales in accounts receivable and inventory,,,53.6,,,,52.5,,,,56.2,
Capital expenditures,,$,135.7,,,$,103.4,,,$,73.6,
Debt-to-EBITDA ratio,,,0.7,,,,0.5,,,,0.5,
EBITDA-to-interest expense ratio,,,23.3,,,,41.0,,,,32.3,
EVA capital,,$,751.8,,,$,577.1,,,$,543.8,
NOPAT to EVA capital,,,21.3,%,,,26.3,%,,,26.7,%
