0,1,2,3,4,5,6,7,8,9,10,11,12,13,14,15,16,17,18,19,20,21
,,,,,,,,,,,,,,,,,,,,,
,,,"For the Years Ended June 30,","For the Years Ended June 30,","For the Years Ended June 30,","For the Years Ended June 30,","For the Years Ended June 30,","For the Years Ended June 30,","For the Years Ended June 30,","For the Years Ended June 30,","For the Years Ended June 30,","For the Years Ended June 30,","For the Years Ended June 30,","For the Years Ended June 30,","For the Years Ended June 30,","For the Years Ended June 30,","For the Years Ended June 30,","For the Years Ended June 30,","For the Years Ended June 30,","For the Years Ended June 30,","For the Years Ended June 30,"
,,,,,,,,,,,,,,,,,,,,,
,,,2000,2000,2000,,1999,1999,1999,,1998,1998,1998,,1997,1997,1997,,1996,1996,1996
,,,,,,,,,,,,,,,,,,,,,
,,,,,,,"(In thousands, except per share data)","(In thousands, except per share data)","(In thousands, except per share data)","(In thousands, except per share data)","(In thousands, except per share data)","(In thousands, except per share data)","(In thousands, except per share data)","(In thousands, except per share data)","(In thousands, except per share data)","(In thousands, except per share data)","(In thousands, except per share data)",,,,
Consolidated Statement of Operations related data:,Consolidated Statement of Operations related data:,,,,,,,,,,,,,,,,,,,,
,,,,,,,,,,,,,,,,,,,,,
,,,,,,,,,,,,,,,,,,,,,
,,,,,,,,,,,,,,,,,,,,,
,,,,,,,,,,,,,,,,,,,,,
Gross Revenue,Gross Revenue,,$,56149,,,$,58886,,,$,50420,,,$,44935,,,$,44283,
,,,,,,,,,,,,,,,,,,,,,
,,,,,,,,,,,,,,,,,,,,,
,,,,,,,,,,,,,,,,,,,,,
,,,,,,,,,,,,,,,,,,,,,
Net Service Revenue,Net Service Revenue,,,37787,,,,38721,,,,34895,,,,31696,,,,31919,
,,,,,,,,,,,,,,,,,,,,,
,,,,,,,,,,,,,,,,,,,,,
,,,,,,,,,,,,,,,,,,,,,
,,,,,,,,,,,,,,,,,,,,,
Operating Income,Operating Income,,,728,,,,2072,,,,378,,,,1266,,,,872,
,,,,,,,,,,,,,,,,,,,,,
,,,,,,,,,,,,,,,,,,,,,
,,,,,,,,,,,,,,,,,,,,,
,,,,,,,,,,,,,,,,,,,,,
Income from Continuing Operations,Income from Continuing Operations,,,340,,,,1837,,,,276,,,,1109,,,,992,
,,,,,,,,,,,,,,,,,,,,,
,,,,,,,,,,,,,,,,,,,,,
,,,,,,,,,,,,,,,,,,,,,
,,,,,,,,,,,,,,,,,,,,,
(Loss) Income from Discontinued Operations,(Loss) Income from Discontinued Operations,,,,,,,,,,,"(10,929",),,,147,,,,,
,,,,,,,,,,,,,,,,,,,,,
,,,,,,,,,,,,,,,,,,,,,
,,,,,,,,,,,,,,,,,,,,,
,,,,,,,,,,,,,,,,,,,,,
Net Income (Loss),Net Income (Loss),,,340,,,,1837,,,,"(10,653",),,,1256,,,,992,
,,,,,,,,,,,,,,,,,,,,,
,,,,,,,,,,,,,,,,,,,,,
,,,,,,,,,,,,,,,,,,,,,
,,,,,,,,,,,,,,,,,,,,,
Income per share from Continuing Operations - Diluted,Income per share from Continuing Operations - Diluted,,$,.05,,,$,.29,,,$,.05,,,$,.21,,,$,.19,
,,,,,,,,,,,,,,,,,,,,,
,,,,,,,,,,,,,,,,,,,,,
,,,,,,,,,,,,,,,,,,,,,
,,,,,,,,,,,,,,,,,,,,,
(Loss) Income per share from Discontinued Operations - Basic and Diluted,(Loss) Income per share from Discontinued Operations - Basic and Diluted,,,,,,,,,,,(1.92,),,,.03,,,,,
,,,,,,,,,,,,,,,,,,,,,
,,,,,,,,,,,,,,,,,,,,,
,,,,,,,,,,,,,,,,,,,,,
,,,,,,,,,,,,,,,,,,,,,
Net Income (Loss) per share - Diluted,Net Income (Loss) per share - Diluted,,$,.05,,,$,.29,,,$,(1.87,),,$,.24,,,$,.19,
,,,,,,,,,,,,,,,,,,,,,
,,,,,,,,,,,,,,,,,,,,,
,,,,,,,,,,,,,,,,,,,,,
,,,,,,,,,,,,,,,,,,,,,
Weighted Average Shares Outstanding -,Weighted Average Shares Outstanding -,,,,,,,,,,,,,,,,,,,,
,,,,,,,,,,,,,,,,,,,,,
,,,,,,,,,,,,,,,,,,,,,
,,,,,,,,,,,,,,,,,,,,,
,,,,,,,,,,,,,,,,,,,,,
,Diluted,,,6487,,,,6283,,,,5695,,,,5286,,,,5248,
,,,,,,,,,,,,,,,,,,,,,
,,,,,,,,,,,,,,,,,,,,,
,,,,,,,,,,,,,,,,,,,,,
,,,,,,,,,,,,,,,,,,,,,
Consolidated Balance Sheet related data:,Consolidated Balance Sheet related data:,,,,,,,,,,,,,,,,,,,,
,,,,,,,,,,,,,,,,,,,,,
,,,,,,,,,,,,,,,,,,,,,
,,,,,,,,,,,,,,,,,,,,,
,,,,,,,,,,,,,,,,,,,,,
Working Capital,Working Capital,,$,7687,,,$,8403,,,$,3120,,,$,9140,,,$,7629,
,,,,,,,,,,,,,,,,,,,,,
,,,,,,,,,,,,,,,,,,,,,
,,,,,,,,,,,,,,,,,,,,,
,,,,,,,,,,,,,,,,,,,,,
Current Ratio,Current Ratio,,,1.92,,,,1.90,,,,1.23,,,,2.21,,,,2.14,
,,,,,,,,,,,,,,,,,,,,,
,,,,,,,,,,,,,,,,,,,,,
,,,,,,,,,,,,,,,,,,,,,
,,,,,,,,,,,,,,,,,,,,,
Total Assets,Total Assets,,,21387,,,,22687,,,,21795,,,,21870,,,,16979,
,,,,,,,,,,,,,,,,,,,,,
,,,,,,,,,,,,,,,,,,,,,
,,,,,,,,,,,,,,,,,,,,,
,,,,,,,,,,,,,,,,,,,,,
Current Portion of Long-Term Debt,Current Portion of Long-Term Debt,,,480,,,,1135,,,,1114,,,,819,,,,323,
,,,,,,,,,,,,,,,,,,,,,
,,,,,,,,,,,,,,,,,,,,,
,,,,,,,,,,,,,,,,,,,,,
,,,,,,,,,,,,,,,,,,,,,
Long-Term Debt,Long-Term Debt,,,,,,,,,,,688,,,,1437,,,,2,
,,,,,,,,,,,,,,,,,,,,,
"Total Debt, excluding bank line of credit","Total Debt, excluding bank line of credit",,,480,,,,1135,,,,1802,,,,2256,,,,325,
,,,,,,,,,,,,,,,,,,,,,
,,,,,,,,,,,,,,,,,,,,,
,,,,,,,,,,,,,,,,,,,,,
,,,,,,,,,,,,,,,,,,,,,
Stockholders Equity,Stockholders Equity,,$,6402,,,$,5623,,,$,2891,,,$,9523,,,$,7776,
