Unnamed: 0_level_0,Unnamed: 1_level_0,"Year Ended June 30,","Year Ended June 30,","Year Ended June 30,","Year Ended June 30,","Year Ended June 30,","Year Ended June 30,","Year Ended June 30,","Year Ended June 30,","Year Ended June 30,",Unnamed: 11_level_0,Unnamed: 12_level_0,Unnamed: 13_level_0,Unnamed: 14_level_0,Unnamed: 15_level_0,Unnamed: 16_level_0,Unnamed: 17_level_0,Unnamed: 18_level_0,Unnamed: 19_level_0,Unnamed: 20_level_0,Unnamed: 21_level_0
Statement of Operations Data,Unnamed: 1_level_1,2000,Unnamed: 3_level_1,1999,Unnamed: 5_level_1,1998,Unnamed: 7_level_1,1997,Unnamed: 9_level_1,1996,Unnamed: 11_level_1,Unnamed: 12_level_1,Unnamed: 13_level_1,Unnamed: 14_level_1,Unnamed: 15_level_1,Unnamed: 16_level_1,Unnamed: 17_level_1,Unnamed: 18_level_1,Unnamed: 19_level_1,Unnamed: 20_level_1,Unnamed: 21_level_1
,,,,,,,,,,,,,,,,,,,,,
,,,,,,,,,,,,,,,,,,,,,
Finance and other income,,"$ 143,372",,"$ 103,798",,"$ 74,355",,"$ 56,334",,"$ 49,038",,,,,,,,,,,
Interest expense,,78943,,60850,,49212,,38395,,30489,,,,,,,,,,,
Net interest and other income,,64429,,42948,,25143,,17939,,18549,,,,,,,,,,,
Net gain on sale of financing transactions,,25728,,29813,,20977,,14039,,8032,,,,,,,,,,,
"Selling, general and administrative  expenses",,38702,,31529,,18493,,14117,,9933,,,,,,,,,,,
Provision for losses on receivables,,9477,,6301,,4735,,2386,,2325,,,,,,,,,,,
"Earnings before minority interest, equity  in net loss of investees, and provision  for income taxes",,41978,,34931,,22892,,15475,,14323,,,,,,,,,,,
Net earnings,,23442,,19668,,12858,,8563,,8165,,,,,,,,,,,
Basic earnings per share,,$ 1.65,,$ 1.39,,$ 1.12,,$ 0.78,,$ 0.82,,,,,,,,,,,
Diluted earnings per share,,$ 1.54,,$ 1.30,,$ 1.03,,$ 0.74,,$ 0.77,,,,,,,,,,,
Weighted average number of dilutive  shares outstanding,,15714,,15686,,13246,,12487,,11569,,,,,,,,,,,
,,,,,,,,,,,,,,,,,,,,,
,,,,,,,,,,,,,,,,,,,,,
,,"June 30,","June 30,","June 30,","June 30,","June 30,","June 30,","June 30,","June 30,","June 30,",,,,,,,,,,,
Balance Sheet Data,,2000,,1999,,1998,,1997,,1996,,,,,,,,,,,
Cash and cash equivalents,,"$ 6,353",,"$ 5,695",,"$ 15,192",,"$ 3,141",,"$ 2,391",,,,,,,,,,,
Restricted cash and cash equivalents,,73691,,36744,,47582,,32515,,32550,,,,,,,,,,,
Net financed assets,,1157530,,988576,,728135,,580637,,454398,,,,,,,,,,,
Total assets,,1333784,,1096272,,828490,,647191,,568142,,,,,,,,,,,
Borrowings under warehouse facilities,,306610,,270434,,83064,,45203,,168108,,,,,,,,,,,
Long-term debt,,664827,,502013,,479187,,447646,,274771,,,,,,,,,,,
Shareholders equity,,215363,,191647,,172285,,95660,,85302,,,,,,,,,,,
