0,1,2,3,4,5,6,7,8,9,10,11,12,13,14,15
,,,,,,,,,,,,,,,
,,,,,,,,,,,,,Period From,Period From,Period From
,,,,,Year Ended June 30,Year Ended June 30,Year Ended June 30,Year Ended June 30,Year Ended June 30,Year Ended June 30,Year Ended June 30,,"July 19, 1988","July 19, 1988","July 19, 1988"
,,,,,,,,,,,,,(Inception) to,(Inception) to,(Inception) to
,,,,,1999,1999,1999,,2000,2000,2000,,"June 30, 2000","June 30, 2000","June 30, 2000"
,,,,,,,,,,,,,,,
Operating Activities:,Operating Activities:,Operating Activities:,Operating Activities:,,,,,,,,,,,,
,,,,,,,,,,,,,,,
,,,,,,,,,,,,,,,
,,,,,,,,,,,,,,,
,,,,,,,,,,,,,,,
Net loss,Net loss,Net loss,Net loss,,$,"(2,214,095",),,$,"(3,324,307",),,$,"(8,814,651",)
,,,,,,,,,,,,,,,
,,,,,,,,,,,,,,,
,,,,,,,,,,,,,,,
,,,,,,,,,,,,,,,
Adjustments to reconcile net loss to net cash used in operating 	activities:,Adjustments to reconcile net loss to net cash used in operating 	activities:,Adjustments to reconcile net loss to net cash used in operating 	activities:,Adjustments to reconcile net loss to net cash used in operating 	activities:,,,,,,,,,,,,
,,,,,,,,,,,,,,,
,,,,,,,,,,,,,,,
,,,,,,,,,,,,,,,
,,,,,,,,,,,,,,,
,Value of stock options granted in lieu of cash compensation,Value of stock options granted in lieu of cash compensation,Value of stock options granted in lieu of cash compensation,,,89450,,,,71340,,,,644243,
,,,,,,,,,,,,,,,
,,,,,,,,,,,,,,,
,,,,,,,,,,,,,,,
,,,,,,,,,,,,,,,
,Depreciation,Depreciation,Depreciation,,,66122,,,,99350,,,,227938,
,,,,,,,,,,,,,,,
,,,,,,,,,,,,,,,
,,,,,,,,,,,,,,,
,,,,,,,,,,,,,,,
,Amortization,Amortization,Amortization,,,9291,,,,6800,,,,29455,
,,,,,,,,,,,,,,,
,,,,,,,,,,,,,,,
,,,,,,,,,,,,,,,
,,,,,,,,,,,,,,,
,Write-off of property and equipment,Write-off of property and equipment,Write-off of property and equipment,,,,,,,,,,,42702,
,,,,,,,,,,,,,,,
,,,,,,,,,,,,,,,
,,,,,,,,,,,,,,,
,,,,,,,,,,,,,,,
,Change in operating assets and liabilities:,Change in operating assets and liabilities:,Change in operating assets and liabilities:,,,,,,,,,,,,
,,,,,,,,,,,,,,,
,,,,,,,,,,,,,,,
,,,,,,,,,,,,,,,
,,,,,,,,,,,,,,,
,,Accounts receivable,Accounts receivable,,,"(182,728",),,,111706,,,,"(71,022",)
,,,,,,,,,,,,,,,
,,,,,,,,,,,,,,,
,,,,,,,,,,,,,,,
,,,,,,,,,,,,,,,
,,Interest receivable,Interest receivable,,,"(45,077",),,,47411,,,,"(2,342",)
,,,,,,,,,,,,,,,
,,,,,,,,,,,,,,,
,,,,,,,,,,,,,,,
,,,,,,,,,,,,,,,
,,Inventory,Inventory,,,"(336,443",),,,"(919,919",),,,"(1,295,416",)
,,,,,,,,,,,,,,,
,,,,,,,,,,,,,,,
,,,,,,,,,,,,,,,
,,,,,,,,,,,,,,,
,,Prepaid expenses,Prepaid expenses,,,153515,,,,"(8,213",),,,"(12,933",)
,,,,,,,,,,,,,,,
,,,,,,,,,,,,,,,
,,,,,,,,,,,,,,,
,,,,,,,,,,,,,,,
,,Other assets,Other assets,,,(200,),,,,,,,"(6,730",)
,,,,,,,,,,,,,,,
,,,,,,,,,,,,,,,
,,,,,,,,,,,,,,,
,,,,,,,,,,,,,,,
,,Accounts payable,Accounts payable,,,"(74,703",),,,54382,,,,167779,
,,,,,,,,,,,,,,,
,,,,,,,,,,,,,,,
,,,,,,,,,,,,,,,
,,,,,,,,,,,,,,,
,,Accrued payroll and payroll taxes,Accrued payroll and payroll taxes,,,98356,,,,151921,,,,250277,
,,,,,,,,,,,,,,,
,,,,,,,,,,,,,,,
,,,,,,,,,,,,,,,
,,,,,,,,,,,,,,,
,,Other accrued expenses,Other accrued expenses,,,10856,,,,"(7,999",),,,3031,
,,,,,,,,,,,,,,,
,,,Net cash used in operating activities,,,"(2,425,656",),,,"(3,717,528",),,,"(8,837,669",)
,,,,,,,,,,,,,,,
,,,,,,,,,,,,,,,
,,,,,,,,,,,,,,,
,,,,,,,,,,,,,,,
Investing Activities:,Investing Activities:,Investing Activities:,Investing Activities:,,,,,,,,,,,,
,,,,,,,,,,,,,,,
,,,,,,,,,,,,,,,
,,,,,,,,,,,,,,,
,,,,,,,,,,,,,,,
Purchase of property and equipment,Purchase of property and equipment,Purchase of property and equipment,Purchase of property and equipment,,,"(326,087",),,,"(77,176",),,,"(632,548",)
,,,,,,,,,,,,,,,
,,,,,,,,,,,,,,,
,,,,,,,,,,,,,,,
,,,,,,,,,,,,,,,
Payment of patent costs,Payment of patent costs,Payment of patent costs,Payment of patent costs,,,,,,,,,,,"(46,455",)
,,,,,,,,,,,,,,,
,,,Net cash used in investing activities,,,"(326,087",),,,"(77,176",),,,"(679,003",)
,,,,,,,,,,,,,,,
,,,,,,,,,,,,,,,
,,,,,,,,,,,,,,,
,,,,,,,,,,,,,,,
Financing Activities:,Financing Activities:,Financing Activities:,Financing Activities:,,,,,,,,,,,,
,,,,,,,,,,,,,,,
,,,,,,,,,,,,,,,
,,,,,,,,,,,,,,,
,,,,,,,,,,,,,,,
Proceeds from notes payable,Proceeds from notes payable,Proceeds from notes payable,Proceeds from notes payable,,,,,,,,,,,315500,
,,,,,,,,,,,,,,,
,,,,,,,,,,,,,,,
,,,,,,,,,,,,,,,
,,,,,,,,,,,,,,,
Payments of notes payable,Payments of notes payable,Payments of notes payable,Payments of notes payable,,,,,,,,,,,"(49,000",)
,,,,,,,,,,,,,,,
,,,,,,,,,,,,,,,
,,,,,,,,,,,,,,,
,,,,,,,,,,,,,,,
Issuance of Common Stock,Issuance of Common Stock,Issuance of Common Stock,Issuance of Common Stock,,,9196464,,,,128924,,,,13269217,
,,,,,,,,,,,,,,,
,,,,,,,,,,,,,,,
,,,,,,,,,,,,,,,
,,,,,,,,,,,,,,,
Redemption of Common Stock,Redemption of Common Stock,Redemption of Common Stock,Redemption of Common Stock,,,,,,,,,,,(300,)
,,,,,,,,,,,,,,,
,,,Net cash provided by financing activities,,,9196464,,,,128924,,,,13535417,
,,,,,,,,,,,,,,,
Net increase (decrease) in cash and cash equivalents,Net increase (decrease) in cash and cash equivalents,Net increase (decrease) in cash and cash equivalents,Net increase (decrease) in cash and cash equivalents,,,6444721,,,,"(3,665,780",),,,4018745,
,,,,,,,,,,,,,,,
,,,,,,,,,,,,,,,
,,,,,,,,,,,,,,,
,,,,,,,,,,,,,,,
,,,Cash and cash equivalents at beginning of period,,,1239804,,,,7684525,,,,,
,,,,,,,,,,,,,,,
Cash and cash equivalents at end of period,Cash and cash equivalents at end of period,Cash and cash equivalents at end of period,Cash and cash equivalents at end of period,,$,7684525,,,$,4018745,,,$,4018745,
,,,,,,,,,,,,,,,
Supplemental Schedule of Noncash Financing Activities:,Supplemental Schedule of Noncash Financing Activities:,Supplemental Schedule of Noncash Financing Activities:,Supplemental Schedule of Noncash Financing Activities:,,,,,,,,,,,,
,,,,,,,,,,,,,,,
,,,,,,,,,,,,,,,
,,,,,,,,,,,,,,,
,,,,,,,,,,,,,,,
Conversion of note payable and accrued interest into Common Stock,Conversion of note payable and accrued interest into Common Stock,Conversion of note payable and accrued interest into Common Stock,Conversion of note payable and accrued interest into Common Stock,,$,,,,$,,,,$,266674,
,,,,,,,,,,,,,,,
,,,,,,,,,,,,,,,
,,,,,,,,,,,,,,,
,,,,,,,,,,,,,,,
Cash paid for interest,Cash paid for interest,Cash paid for interest,Cash paid for interest,,,,,,,,,,,12526,
