0,1,2
,,
,10.14,"Restricted Stock Plan of 1998.* Previously filed as an exhibit to the Company's Definitive Proxy Statement for its Annual Meeting of Shareholders held October 8, 1998, and here incorporated by reference."
,,
,10.15,"Employee Stock Purchase Plan of 1998.* Previously filed as an exhibit to the Company's Definitive Proxy Statement for its Annual Meeting of Shareholders held October 8, 1998, and here incorporated by reference."
,,
,10.16,"Registration Rights Agreement dated May 28, 1999, between Manatron, Inc. and Jennings Wayne Moore. Previously filed as an exhibit to the Company's Form S-3, filed on September 21, 1999."
,,
,10.17,"Letter Loan Agreement between Comerica Bank and Manatron, Inc., dated April 20, 2000."
,,
,10.18,"Promissory Note between Comerica Bank and Manatron, Inc., dated April 20, 2000."
,,
,10.19,"Guaranty between Comerica Bank and Manatron, Inc., dated April 20, 2000."
,,
,10.2,"Manatron, Inc. Stock Incentive Plan of 1999.* Previously filed as an exhibit to the Company's Definitive Proxy Statement for its Annual Meeting of Shareholders held October 7, 1999 and here incorporated by reference."
,,
,21.0,Subsidiaries of Registrant.
,,
,23.0,Consent of Independent Public Accountants.
,,
,24.0,Powers of Attorney.
,,
,27.0,Financial Data Schedule.
