0,1,2
ASSETS,2000,1999
Cash and cash equivalents,"$ 4,470,373",4068674
Investment and mortgage-backed securities: (Note 2),Investment and mortgage-backed securities: (Note 2),Investment and mortgage-backed securities: (Note 2)
"Available for sale - at estimated market  value (amortized cost $35,910,780 and  $38,276,905 at June 30, 2000 and 1999,  respectively)",34910850,37878685
Stock in Federal Home Loan Bank of Des Moines,1850000,1091000
"Loans receivable, net (Note 3)",138424750,118248638
Accrued interest receivable (Note 4),1151557,1033076
"Foreclosed real estate, net (Note 5)",463591,477537
Premises and equipment (Note 6),2549357,1878719
Prepaid expenses and other assets,570690,296014
Total assets,"$ 184,391,168 ==========","164,972,343 =========="
,,
LIABILITIES AND STOCKHOLDERS' EQUITY,LIABILITIES AND STOCKHOLDERS' EQUITY,LIABILITIES AND STOCKHOLDERS' EQUITY
Deposits (Note 7),"$ 123,920,293",120154540
Advances from borrowers for taxes and insurance,334841,317954
Advances from FHLB of Des Moines (Note 8),37000000,20550000
Accounts payable and other liabilities,723061,591528
Accrued interest payable,956386,728859
Total liabilities,162934581,142342881
Commitments and contingencies (Note 13),-,-
,,
"Preferred stock, $.01 par value; 500,000 shares authorized; none issued and outstanding",-,-
"Common stock, $.01 par value; 3,000,000 shares  authorized; 1,803,201 shares issued",18032,18032
Additional paid-in capital,17517834,17545544
Retained earnings-substantially restricted,14438957,13759488
"Treasury stock of 549,352 shares in 2000 and  424,991 shares in 1999, at cost","(9,451,693)","(7,911,655)"
Unearned employee benefits,"(436,587)","(531,068)"
Accumulated other comprehensive income,"(629,956)","(250,879)"
Total stockholders' equity,21456587,22629462
,,
Total liabilities and stockholders' equity,"$ 184,391,168 ==========","164,972,343 =========="
