0,1,2
Exhibit No.,Document,Sequentially Numbered Pages
3.1,"Articles of Incorporation (incorporated herein by reference to Exhibit 3.1 to Pro-Dex, Inc. Registration Statement No. 33-74397).",
3.2,"Bylaws (incorporated herein by reference to Exhibit 3.2 to Pro-Dex, Inc. Registration Statement No. 33-74397).",
7.1,"Pro-Dex, Inc. Form 8-K dated July 26, 1995 (incorporated herein by reference to the Company's Form 8-K dated July 26, 1995) and Financial Supplement to Form 8-K dated July 26, 1995 (incorporated herein by reference to the Company's Form 10-KSB, dated June 30, 1995, and Supplement to Form 8-K, contained therein).",
7.2,"Merger Agreement between Pro-Dex, Inc., Micro Systems Acquisition Corporation, and Micro Motors, Inc., dated July 26, 1995 (incorporated herein by reference to Exhibit 7.1 to the Company's Form 8-K dated July 26, 1996).",
7.3,"Acquisition Agreement between Pro-Dex, Inc., Oregon Micro Systems, Inc. and L. Wayne Hunter dated July 26, 1996 (incorporated herein by reference to Exhibit 7.2 to the Company's Form 8-K dated July 26, 1996).",
7.4,"Pro-Dex, Inc. Form 8-K dated May 11, 1996 (incorporated herein by reference to the Company's Form 8-K dated May 11, 1996).",
10.1,"Form of Turnkey Management Agreement between Pro-Dex, Inc. and its Contracting Dentists (incorporated herein by reference to Exhibit 10.1 to Pro-Dex, Inc. Registration Statement No. 33-35790).",
10.2,"Lease Agreement dated December 1, 1984 between Sears Roebuck and Co. and Pro-Dex, Inc. (Sun Valley) and amendment thereto dated as of November 9, 1987 (incorporated herein by reference to Exhibits 10.8 and 10.29 to Pro-Dex, Inc. Registration Statement No. 33-35790).",
10.2(a),"Agreement to Extend Lease Agreement (Exhibit 10.2 Sun Valley) dated May 5, 1994 (incorporated herein by reference to Exhibits 10.8 and 10.29 to Pro-Dex, Inc. Registration Statement No. 33-35790).",
10.3,"Leaseback Agreement dated December 19, 1985 between Pro-Dex, Inc. and Fowler/Searl Partnership (incorporated herein by reference to Exhibit 10.13 to Pro-Dex, Inc. Registration Statement No. 33-6623).",
10.4,"Lease Agreement dated November 24, 1986 between Sears Roebuck and Co. and Pro-Dex, Inc. (Santa Rosa) and amendment thereto dated as of January 7, 1988 (incorporated herein by reference to Exhibits 10.16 and 10.28 to Pro-Dex, Inc. Registration Statement No. 33-35790).",
10.4(a),"Agreement to Extend Lease Agreement (Exhibit 10.4 Santa Rosa) dated May 4, 1994 (incorporated herein by reference to Exhibits 10.16 and 10.28 to Pro-Dex, Inc. Registration Statement No. 33-35790).",
Exhibit No.,Document,Sequentially Numbered Pages
10.5,"Pro-Dex, Inc. 1988 Stock Option Plan (incorporated herein by reference to Exhibit 10.23 to Pro-Dex, Inc. Form 10-K for the year ended June 30, 1988 File No. 0-14942).",
10.6,"Lease Agreement dated March 2, 1988 between Sears Roebuck and Co. and Pro-Dex, Inc. (Sunrise Mall), and extension/amendment dated May 2, 1991 (incorporated herein by reference to Exhibits 10.25 and 10.25(a) to Pro-Dex, Inc. Registration Statement No. 33-35790).",
10.6(a),"Agreement to Extend Lease Agreement (Exhibit 10.6 Sunrise Mall) dated July 6, 1994 (incorporated herein by reference to Exhibits 10.25 and 10.25(a) to Pro-Dex, Inc. Registration Statement No. 33-35790).",
10.7,"Lease Agreement dated March 2, 1988 between Sears Roebuck and Co. and Pro-Dex, Inc. (Florin Mall) and extension/amendment dated May 2, 1991 (incorporated herein by reference to Exhibits 10.26 and 10.26(a) to Pro-Dex, Inc. Registration Statement No. 33-35790).",
10.7(a),"Agreement to Extend Lease Agreement (Exhibit 10.6 Florin Mall) dated July 6, 1994 (incorporated herein by reference to Exhibits 10.26 and 10.26(a) to Pro-Dex, Inc. Registration Statement No. 33-35790).",
10.8,"Lease Agreement effective as of December 1, 1988 between Sears Roebuck and Co. and Pro-Dex, Inc. (Arden Fair) and amendment thereto effective as of April 1, 1989 (incorporated herein by reference to Exhibits 10.32 and 10.33 to Pro-Dex, Inc. Registration Statement No. 33-35790).",
10.9,"Employment Agreement between Pro-Dex, Inc. and M. Larry Kyle, D.D.S. dated June 28, 1990 (incorporated herein by reference to Exhibit 10.34 to Pro-Dex, Inc. Registration Statement No. 33-35790).",
10.13,"Lease Agreement between Equity Colorado Phase II and Biotrol International, Inc. dated August 1991 (incorporated herein by reference to Exhibit 10.40 to Pro-Dex, Inc. Registration Statement No. 33-35790).",
10.13(a),"First Amendment to Lease (Exhibit 10.13) dated January 31, 1994 (incorporated herein by reference to Exhibit 10.40 to Pro-Dex, Inc. Registration Statement No. 33-35790).",
10.14,"Loan Agreement between Biotrol International, Inc. and A-T Realty Co. dated May 29, 1991 (incorporated herein by reference to Exhibit 10.43 to Pro-Dex, Inc. Registration Statement No. 33-35790).",
10.15,"Employment Agreement dated effective August 1, 1993 between Challenge Products, Inc. and Charles L. Bull (incorporated herein by reference to Exhibit 10.15 to Pro-Dex, Inc. Registration Statement No. 33-74397).",
10.16,"Prophy Ring Patent License Agreement dated and effective July 1, 1993 between Challenge Products, Inc. and Charles L. Bull (incorporated herein by reference to Exhibit 10.17 to Pro-Dex, Inc. Registration Statement No. 33-74397).",
Exhibit No.,Document,Sequentially Numbered Pages
10.17,"1994 Stock Option Plan (incorporated herein by reference to Exhibit 10.21 to Pro-Dex, Inc. Registration Statement No. 33-74397).",
10.18,"Director's Stock Option Plan (incorporated herein by reference to Exhibit 10.22 to Pro-Dex, Inc. Registration Statement No. 33-74397).",
10.19,"Lease Agreement dated December 29, 1993 between Fuoti Insurance Agency, Inc. & James C. & Susan E. Fuoti and Pro-Dex, Inc. & M. Larry Kyle, DDS. (Incorporated herein by reference to the Exhibit 10.23 to the Company's Form 10-KSB dated June 30, 1994).",
10.20,"Consulting Agreement and Non-Competition Agreement, between Pro-Dex, Inc. and L. Wayne Hunter, dated July 26, 1995 (incorporated herein by reference to Exhibit 10.1 to the Company's Form 8-K dated July 26, 1996)  .",
10.21,"Employment Agreement between Ronald G. Coss and Pro-Dex, Inc., dated July 26, 1995 (incorporated herein by reference to Exhibit 10.2 to the Company's Form 8-K dated July 26, 1996).",
10.22,"Agreement to Terminate Long Term Employment Agreement between Micro Motors, Inc. and Ronald G. Coss dated July 26, 1995 (incorporated herein by reference to Exhibit 10.3 to the Company's Form 8-K dated July 26, 1996).",
10.23,"Asset Purchase Agreement between Pro-Dex, Inc., Pnu-Light Acquisition Corporation, and Marty J. Anderson, dated May 11, 1996 (incorporated herein by reference to the Company's Form 10-K dated September 20, 1996)  .",
10.24,"Letter Agreement, regarding rescission of Royalty Agreement between Pro-Dex, Inc., Challenge Products, Inc. and Charles Bull dated June 1996, together with Assignment of Patent (incorporated herein by reference to the Company's Form 10-K dated September 20, 1996).",
10.25,"Employee Stock Purchase Plan (incorporated herein by reference to the Company's Form 10-K dated September 13, 1999).",
10.26,Audit Committee Charter.,
13.00,No reports on 8-K were filed by the Company during the last quarter of Fiscal 2000.,
21.00,"The Company has the following subsidiaries incorporated in the following states; Biotrol International, Inc., a Delaware corporation; Challenge Products, Inc., a Missouri corporation; Micro Motors, Inc., a Colorado corporation; Oregon Micro Systems, Inc., an Oregon corporation.",
27.00,Financial Data Schedule.,
