Unnamed: 0_level_0,Unnamed: 1_level_0,Unnamed: 2_level_0,Unnamed: 3_level_0,Year Ended June 30,Year Ended June 30,Year Ended June 30,Year Ended June 30,Year Ended June 30,Unnamed: 9_level_0
Unnamed: 0_level_1,Unnamed: 1_level_1,Unnamed: 2_level_1,Unnamed: 3_level_1,2000,2000,Unnamed: 6_level_1,1999,1999,Unnamed: 9_level_1
Unnamed: 0_level_2,Unnamed: 1_level_2,Unnamed: 2_level_2,Unnamed: 3_level_2,(In Thousands),(In Thousands).1,(In Thousands),(In Thousands),(In Thousands).1,Unnamed: 9_level_2
Cash flows provided by (used for) operations,Cash flows provided by (used for) operations,Cash flows provided by (used for) operations,,,,,,,
,Cash received from customers,Cash received from customers,,$,18035,,$,17417,
,Interest received,Interest received,,,138,,,138,
,Cash paid to suppliers and employees,Cash paid to suppliers and employees,,,"(19,232",),,"(14,642",)
,Interest paid,Interest paid,,,(4,),,(5,)
,Income taxes paid,Income taxes paid,,,(679,),,(370,)
,,,,,,,,,
,,Net cash provided by (used for) operations,,,"(1,742",),,2538,
,,,,,,,,,
Cash flows from investing,Cash flows from investing,Cash flows from investing,,,,,,,
,Capital expenditures,Capital expenditures,,,(285,),,(244,)
,,,,,,,,,
,,Net cash used for investing,,,(285,),,(244,)
Cash flows from financing,Cash flows from financing,Cash flows from financing,,,,,,,
,Proceeds from sale of common stock,Proceeds from sale of common stock,,,32,,,19,
,Payment of long-term debt,Payment of long-term debt,,,,,,(12,)
,Dividends paid,Dividends paid,,,(60,),,(58,)
,,,,,,,,,
,,Net cash used for financing,,,(28,),,(51,)
,,,,,,,,,
Net increase (decrease) in cash and equivalents,Net increase (decrease) in cash and equivalents,Net increase (decrease) in cash and equivalents,,,"(2,055",),,2243,
"Cash and equivalents, beginning of year","Cash and equivalents, beginning of year","Cash and equivalents, beginning of year",,,3618,,,1375,
,,,,,,,,,
"Cash and equivalents, end of year","Cash and equivalents, end of year","Cash and equivalents, end of year",,$,1563,,$,3618,
,,,,,,,,,
Reconciliation of net income to net cash provided by (used for) operations:,Reconciliation of net income to net cash provided by (used for) operations:,Reconciliation of net income to net cash provided by (used for) operations:,,,,,,,
,Net income,Net income,,$,837,,$,1006,
,Depreciation and amortization,Depreciation and amortization,,,424,,,454,
,Gain on the disposal of equipment,Gain on the disposal of equipment,,,(3,),,,
,Deferred income taxes,Deferred income taxes,,,77,,,(79,)
,Changes in assets and liabilities,Changes in assets and liabilities,,,,,,,
,,Accounts receivables,,,"(1,772",),,(168,)
,,Inventories,,,"(1,062",),,144,
,,Prepaid expenses,,,(2,),,(29,)
,,Trade payables,,,(105,),,562,
,,Accrued expenses,,,152,,,322,
,,Income taxes payable,,,(288,),,326,
,,,,,,,,,
,,Net cash provided by (used for) operations,,$,"(1,742",),$,2538,
,,,,,,,,,
