Unnamed: 0_level_0,Unnamed: 1_level_0,Unnamed: 2_level_0,Unnamed: 3_level_0,2000,2000,Unnamed: 6_level_0,1999,1999,Unnamed: 9_level_0
Unnamed: 0_level_1,Unnamed: 1_level_1,Unnamed: 2_level_1,Unnamed: 3_level_1,In Thousands,In Thousands.1,In Thousands,In Thousands,In Thousands.1,Unnamed: 9_level_1
Net Sales,Net Sales,Net Sales,,,,,,,
,WNS,WNS,,$,2226,,$,2390,
,WTS,WTS,,,3704,,,2669,
,AFW,AFW,,,11433,,,10187,
,WMS,WMS,,,2444,,,2339,
,,,,,,,,,
,,,,$,19807,,$,17585,
Operating Income (Loss),Operating Income (Loss),Operating Income (Loss),,,,,,,
,WNS,WNS,,$,(840,),$,(133,)
,WTS,WTS,,,149,,,73,
,AFW,AFW,,,2719,,,2425,
,WMS,WMS,,,1073,,,888,
,General Corporate Expenses,General Corporate Expenses,,$,"(1,931",),$,"(1,755",)
,,,,,,,,,
,,,,$,1170,,$,1498,
,,,,,,,,,
Provision for income taxes,Provision for income taxes,Provision for income taxes,,,,,,,
,WNS,WNS,,$,(405,),$,(84,)
,WTS,WTS,,,(85,),,(106,)
,AFW,AFW,,,594,,,488,
,WMS,WMS,,,316,,,271,
,Corporate,Corporate,,,48,,,49,
,,,,,,,,,
,,,,$,468,,$,618,
,,,,,,,,,
Capital Expenditures,Capital Expenditures,Capital Expenditures,,,,,,,
,WNS,WNS,,$,0,,$,0,
,WTS,WTS,,,105,,,44,
,AFW,AFW,,,59,,,96,
,WMS,WMS,,,26,,,4,
,,,,,,,,,
,,,,$,190,,$,144,
,,,,,,,,,
Depreciation and Amortization,Depreciation and Amortization,Depreciation and Amortization,,,,,,,
,WNS,WNS,,$,7,,$,8,
,WTS,WTS,,,76,,,64,
,AFW,AFW,,,137,,,173,
,WMS,WMS,,,20,,,25,
,,,,,,,,,
,,,,$,240,,$,270,
,,,,,,,,,
Identifiable Assets,Identifiable Assets,Identifiable Assets,,,,,,,
,WNS,WNS,,$,1701,,$,1142,
,WTS,WTS,,,1322,,,736,
,AFW,AFW,,,3998,,,2679,
,WMS,WMS,,,970,,,747,
,Corporate,Corporate,,,2867,,,5010,
,,,,,,,,,
,,,,$,10858,,$,10314,
,,,,,,,,,
Significant customers (sales greater than 10% of net sales),Significant customers (sales greater than 10% of net sales),Significant customers (sales greater than 10% of net sales),,,,,,,
,AFW,AFW,,,,,,,
,,No. of customers,,,2,,,2,
,,Sales to those customers,,$,5309,,$,3800,
