0,1,2,3,4,5
,,2000,2000,,1999
CASH FLOWS FROM OPERATING ACTIVITIES,,,,,
Net income (loss),$,1541000,1541000,$,"(8,934,000)"
Adjustments to reconcile net income (loss) to net,,,,,
cash provided by (used in) operating activities:,,,,,
Depreciation and amortization,,1196000,1196000,,1430000
Provision for doubtful accounts,,36000,36000,,10000
Loss on note receivable (Note 6),,--,--,,1750000
Goodwill impairment (Note 6),,--,--,,4800000
Non-Cash compensation,,163000,163000,,--
Deferred taxes,,1060000,1060000,,"(1,980,000)"
Change in working capital components net of effects,,,,,
from purchases and divestitures:,,,,,
(Increase) decrease in accounts receivable,,"(813,000)","(813,000)",,195000
(Increase) decrease in inventories,,453000,453000,,"(247,000)"
Decrease in prepaid expenses,,46000,46000,,73000
(Increase) decrease in other assets,,93000,93000,,93000
Increase (decrease) in accounts payable and accrued expense,,"(1,782,000)","(1,782,000)",,2474000
,,,,,
Net cash provided by (used in) operating activities,,1993000,1993000,,"(336,000)"
,,,,,
,,,,,
CASH FLOWS FROM INVESTING ACTIVITIES,,,,,
Purchase of property and equipment,,"(221,000)","(221,000)",,"(875,000)"
,,,,,
,,,,,
CASH FLOWS FROM FINANCING ACTIVITIES,,,,,
Net (payments) borrowings on revolving credit agreements,,--,--,,1950000
Deferred acquisition cost,,"(125,000)","(125,000)",,--
Loan acquisition cost,,"(84,000)","(84,000)",,--
Proceeds from long-term borrowings,,--,--,,267000
Principal payments on long-term borrowings,,"(1,197,000)","(1,197,000)",,"(899,000)"
,,,,,
,,,,,
Net cash flows provided by (used in) financing activities,,"(1,406,000)","(1,406,000)",,1318000
,,,,,
,,,,,
NET INCREASE (DECREASE) IN CASH,,,,,
AND CASH EQUIVALENTS,AND CASH EQUIVALENTS,366000,366000,,107000
"Cash and cash equivalents, beginning of period",,107000,107000,,--
,,,,,
"Cash and cash equivalents, end of period",$,473000,473000,$,107000
,,,,,
,,,,,
SUPPLEMENTAL DISCLOSURE OF CASH FLOW INFORMATION,SUPPLEMENTAL DISCLOSURE OF CASH FLOW INFORMATION,SUPPLEMENTAL DISCLOSURE OF CASH FLOW INFORMATION,SUPPLEMENTAL DISCLOSURE OF CASH FLOW INFORMATION,SUPPLEMENTAL DISCLOSURE OF CASH FLOW INFORMATION,SUPPLEMENTAL DISCLOSURE OF CASH FLOW INFORMATION
Cash payments for interest,$,1185000,$,$,702000
Cash payments for income taxes,,2600,,,22000
