0,1,2,3,4,5
,Years Ended,Years Ended,Years Ended,Years Ended,Years Ended
,"June 30,  2000",,"July 2,  1999",,"July 3,  1998"
,,,,,
Net sales,"$ 644,488",,"$ 660,248",,"$ 657,169"
Cost of sales,448714,,460754,,451631
Gross profit,195774,,199494,,205538
,,,,,
"Marketing, selling and administrative expenses",144895,,147027,,155998
Research and development expenses,18914,,21075,,17919
Amortization of goodwill and other intangibles,9424,,8589,,8440
Re-engineering expenses and merger costs,-,,-,,29016
,,,,,
Operating income (loss),22541,,22803,,"(5,835)"
,,,,,
Other (expense) income:,,,,,
Interest expense,"(16,094)",,"(16,486)",,"(15,222)"
Interest income,3010,,4293,,3659
"Other income and (expense), net",(985),,"(2,341)",,5596
,"(14,069)",,"(14,534)",,"(5,967)"
,,,,,
Income (loss) before income taxes,8472,,8269,,"(11,802)"
Income tax expense,4345,,3771,,208
,,,,,
Net income (loss),"$ 4,127",,"$ 4,498",,"$ (12,010)"
,,,,,
Basic earnings (loss) per share,$ 0.19,,$ 0.20,,$  (0.55)
,,,,,
Weighted average number of shares outstanding,22239,,22195,,22001
,,,,,
Diluted earnings (loss) per share,$ 0.18,,$ 0.20,,$ (0.55)
,,,,,
Weighted average number of shares assuming dilution,22439,,22253,,22001
