0,1,2,3,4
,3.,Documents Incorporated by Reference,Documents Incorporated by Reference,Documents Incorporated by Reference
Document,Document,Document,Part of Form 10-K405 into which Document is Incorporated,
"Proxy Statement to be filed in connection with the annual meeting of shareholders to be held August 15, 2000","Proxy Statement to be filed in connection with the annual meeting of shareholders to be held August 15, 2000","Proxy Statement to be filed in connection with the annual meeting of shareholders to be held August 15, 2000",Part III,
,,,,
