Unnamed: 0,Unnamed: 1,Unnamed: 2,Unnamed: 3,Page Number
3.1,,"Restated Articles of Incorporation, as amended to date, incorporated by reference to Exhibit 3.1 to the Company's Annual Report on Form 10-K for the fiscal year ended January 31, 1989.",,*
3.2,,"Restated Bylaws, as amended to date, incorporated by reference to the description of such amendment set forth under the caption ""Amendment to Bylaws"" of the Company's definitive proxy statement for its 1988 Annual Meeting of Shareholders.",,*
10.1,,"Management Incentive Compensation Plan, incorporated by reference to the description of such Plan set forth under the caption ""Compensation Plans"" of the Company's definitive proxy statement for its 1989 Annual Meeting of Shareholders.(1)",,*
10.2,,"1985 Incentive Stock Option Plan and Form of Stock Option Agreement, incorporated by reference to Exhibit 10.4 to the Company's Annual Report on Form 10-K for the fiscal year ended January 31, 1985.",,*
10.3,,"1985 Nonqualified Stock Option Plan and Form of Stock Option Agreement, incorporated by reference to Exhibit 10.5 to the Company's Annual Report on Form 10-K for the fiscal year ended January 31, 1986.",,*
10.4,,"1993 Employment Agreement between the Company and Gerald W. Grabowski incorporated by reference to Exhibit 10.10 to the Company's Annual Report on Form 10-KSB for the fiscal year ended June 30, 1993.(1)",,*
10.5,,"1995 Stock Option Plan incorporated by reference to Exhibit 10.5 to the Company's Annual Report on Form 10-KSB for the fiscal year ended June 30, 1996.",,*
10.7,,"1997 Associates Stock Purchase Plan incorporated by reference to Exhibit 10.7 to the Company's Annual Report on Form 10-KSB for the fiscal year ended June 30, 1998.",,*
10.8,,Amendment No. 1 to 1995 Stock Option Plan,,
23.1,,Independent Auditor's Consent,,
24.1,,"Power of Attorney for Jerry W. Grabowski, Gregory J. Anshus, William R. Franta, John A. Grimstad and Charles G. Schiefelbein (included on the signature page of this Form 10-KSB)",,
27.0,,Financial Data Schedule (filed in electronic formal only),,
