0,1,2,3
"(in millions, except  per share data)",2000,1999,1998
,,,
Net sales,"$1,095.8","$1,036.7","$1,176.7"
Costs and expenses:,,,
Cost of sales,816.4,772.0,848.3
Selling and  administrative  expenses,179.4,165.5,160.4
Interest expense,33.4,29.3,29.0
Special charge,-,14.2,-
"Other (income) expense,  net",(13.3),(0.1),2.1
,1015.9,980.9,1039.8
Income before income taxes,79.9,55.8,136.9
Income taxes,26.6,18.7,52.9
Net income,$ 53.3,$ 37.1,$ 84.0
,,,
Earnings per common share:,,,
Basic,$ 2.35,$ 1.61,$ 4.01
Diluted,$ 2.31,$ 1.58,$ 3.84
