0,1,2,3,4,5,6,7,8,9,10,11,12,13,14,15,16
,,,,,,,,,,,,,,,,
,,Balance at,Balance at,Balance at,,Charge to,Charge to,Charge to,,,,,,,,
,,Beginning,Beginning,Beginning,,Costs and,Costs and,Costs and,,,,,,Balance at,Balance at,Balance at
Description,,of Year,of Year,of Year,,Expenses,Expenses,Expenses,,Deductions,Deductions,Deductions,,End of Year,End of Year,End of Year
,,,,,,,,,,,,,,,,
,,,,,,,,,,,,,,,,
,,(In thousands),(In thousands),(In thousands),(In thousands),(In thousands),(In thousands),(In thousands),(In thousands),(In thousands),(In thousands),(In thousands),(In thousands),(In thousands),(In thousands),(In thousands)
,,,,,,,,,,,,,,,,
,,,,,,,,,,,,,,,,
,,,,,,,,,,,,,,,,
,,,,,,,,,,,,,,,,
"Year Ended December 31, 1997:",,,,,,,,,,,,,,,,
,,,,,,,,,,,,,,,,
,,,,,,,,,,,,,,,,
,,,,,,,,,,,,,,,,
,,,,,,,,,,,,,,,,
Accounts receivable reserves,,$,1523,,,$,4241,,,$,1874,(a),,$,3890,
,,,,,,,,,,,,,,,,
,,,,,,,,,,,,,,,,
,,,,,,,,,,,,,,,,
,,,,,,,,,,,,,,,,
"Manufacturing, demonstration, and service inventory reserves",,$,11424,,,$,4476,,,$,760,(b),,$,15140,
,,,,,,,,,,,,,,,,
,,,,,,,,,,,,,,,,
,,,,,,,,,,,,,,,,
,,,,,,,,,,,,,,,,
Warranty reserves,,$,2905,,,$,7396,,,$,5574,(c),,$,4727,
,,,,,,,,,,,,,,,,
,,,,,,,,,,,,,,,,
,,,,,,,,,,,,,,,,
,,,,,,,,,,,,,,,,
"Year Ended December 31, 1998:",,,,,,,,,,,,,,,,
,,,,,,,,,,,,,,,,
,,,,,,,,,,,,,,,,
,,,,,,,,,,,,,,,,
,,,,,,,,,,,,,,,,
Accounts receivable reserves,,$,3890,,,$,4160,,,$,2658,(a),,$,5392,
,,,,,,,,,,,,,,,,
,,,,,,,,,,,,,,,,
,,,,,,,,,,,,,,,,
,,,,,,,,,,,,,,,,
"Manufacturing, demonstration, and service inventory reserves",,$,15140,,,$,6004,,,$,8130,(b),,$,13014,
,,,,,,,,,,,,,,,,
,,,,,,,,,,,,,,,,
,,,,,,,,,,,,,,,,
,,,,,,,,,,,,,,,,
Warranty reserves,,$,4727,,,$,7410,,,$,7289,(c),,$,4848,
,,,,,,,,,,,,,,,,
,,,,,,,,,,,,,,,,
,,,,,,,,,,,,,,,,
,,,,,,,,,,,,,,,,
"Year Ended December 31, 1999:",,,,,,,,,,,,,,,,
,,,,,,,,,,,,,,,,
,,,,,,,,,,,,,,,,
,,,,,,,,,,,,,,,,
,,,,,,,,,,,,,,,,
Accounts receivable reserves,,$,5392,,,$,2474,,,$,2224,(a),,$,5642,
,,,,,,,,,,,,,,,,
,,,,,,,,,,,,,,,,
,,,,,,,,,,,,,,,,
,,,,,,,,,,,,,,,,
"Manufacturing, demonstration, and service inventory reserves",,$,13014,,,$,3834,,,$,4759,(b),,$,12089,
,,,,,,,,,,,,,,,,
,,,,,,,,,,,,,,,,
,,,,,,,,,,,,,,,,
,,,,,,,,,,,,,,,,
Warranty reserves,,$,4848,,,$,5210,,,$,6915,(c),,$,3143,
