0,1,2
Name/Age/Position,Business Experience During Past 5 Years,Year Position Commenced
Daniel L. Feist* Age 68 Trustee & Vice Chairman,"Realtor, Real Estate Developer; General Contractor; President-Owner Feist Construction & Realty; Investor; Businessman; Former Director of First Bank - Minot, N.A.; Director ND Holdings, Inc. - Minot, ND",1985
Patrick G. Jones* Age 52 Trustee,Investor,1986
Timothy P. Mihalick Age 41 Trustee,"Vice President of IRET; Vice President of Odell-Wentz.& Associates, L.L.C.",1999
Jeffrey L. Miller* Age 56 Trustee & Chairman,"Investor; Businessman; President of M&S Concessions, Inc.; Former President of Coca-Cola Bottling, Co.",1985
Stephen L. Stenehjem* Age 45 Trustee,"President & Chief Executive Officer of Watford City BancShares, Inc.; President & Chairman of First International Bank & Trust, Watford City, ND; Vice President & Director of First International Bank & Trust, Scottsdale, AZ",1999
"Thomas A. Wentz, Jr. Age 34 Trustee","Vice President & Legal Counsel of IRET; Director of SRT Communications, Inc.; Sole General Partner of Wenco, Ltd.; Shareholder & Attorney with Pringle & Herigstad, P.C. until 12/31/99",1996
