Name,Unnamed: 1,Age,Unnamed: 3,Position(s) with the Company
Thomas P. Rice,,50,,"President, Chief Executive Officer and Director"
John T. Botek,,43,,"Vice President, Chief Operating Officer"
"Narlin B. Beaty, Ph.D",,50,,"Vice President, Chief Technical Officer and Director"
John T. Janssen,,61,,"Vice President, Chief Financial Officer and Treasurer"
Charles M. Proby(5),,54,,"Vice President, Sales and Marketing"
Regis F. Burke(1)(2),,52,,Director
Harvey L. Miller(1)(3),,60,,Director
"Elliot F. Hahn, Ph.D.(1)(4)",,56,,Director
