0,1,2,3,4
,,,,
Exhibit,Exhibit,Exhibit,,
Number,Number,Number,,Description
,,,,
,10.3*,,,"1992 Non-Employee Director Stock Option Plan as amended through 	April 10, 1996 (incorporated by reference to 	Exhibit 4(a) to Registrants Registration Statement on 	Form S-8, Registration Number 333-10163 effective 	September 2, 1997)."
,10.3.1,,,"1992 Non-Employee Director Stock Option Plan as amended through 	February 27, 1998 (incorporated by reference to 	Exhibit 10.1 to Registrants Quarterly Report on 	Form 10-Q for the quarter ended September 27, 1998)."
,10.3.2,,,"1992 Non-Employee Directors Stock Option Plan as amended through 	June 17, 1999 (incorporated by reference to 	Exhibit 10.3.2 to Registrants Quarterly Report on 	Form 10-Q for the quarter ended July 4, 1999)."
,10.4,,,"PictureTel Corporation 1994 Employee Stock Purchase Plan 	(incorporated by reference to Exhibit 4 to Registrants  Registration Statement on Form S-8, Registration 	Number 33-81848, effective July 22, 1994)."
,10.4.1,,,"Amendment to PictureTel Corporations 1994 Employee Stock 	Purchase Plan increasing the number of shares of Common Stock 	which may be delivered under the plan from 1,000,000 to 2,000,000  (incorporated by reference to Exhibit 10.4.1 to 	Registrants Quarterly Report on Form 10-Q for the 	quarter ended July 4, 1999)."
,10.5,,,"401(k) Profit Sharing Retirement Plan as amended through 	July 1, 1994 (incorporated by reference to 	Exhibit 10.45 to Registrants Annual Report on 	Form 10-K for the year ended December 31, 1994)."
,10.6*,,,"Employment Agreement between PictureTel Corporation and 	Norman E. Gaut dated July 29, 1988 (incorporated by 	reference to Exhibit 10.12 to Registrants Annual 	Report on Form 10-K for the year ended December 31, 	1988)."
,10.6.1*,,,"Amendment dated January 15, 1995 to the Employment Agreement  between PictureTel Corporation and Norman E. Gaut 	(incorporated by reference to Exhibit 10.1 to 	Registrants Quarterly Report on Form 10-Q for the 	quarter ended April 1, 1995)."
,10.6.2*,,,"Employment Agreement Letter by and between Norman Gaut and 	PictureTel Corporation dated August 31, 1999 (incorporated 	by reference to Exhibit 10.6.2 to Registrants 	Quarterly Report on Form 10-Q for the quarter ended 	October 3, 1999)."
,10.7*,,,"Agreement between PictureTel Corporation and Les Strauss as 	amended through January 15, 1995 (incorporated by reference 	to Exhibit 10.2 to Registrants Quarterly Report on 	Form 10-Q for the quarter ended April 1, 1995)."
,10.8*,,,"Agreement between PictureTel Corporation and Domenic J. 	LaCava as amended through January 17, 1995 (incorporated by 	reference to Exhibit 10.4 to Registrants Quarterly 	Report on Form 10-Q for the quarter ended April 1, 	1995)."
,10.9*,,,"Agreement between PictureTel Corporation and Lawrence Bornstein 	as amended through January 16, 1995 (incorporated by 	reference to Exhibit 10.5 to Registrants Quarterly 	Report on Form 10-Q for the quarter ended April 1, 	1995)."
,10.9.1,,,"Employment agreement between PictureTel Corporation and Lawrence 	Bornstein dated December 5, 1997 (incorporated by reference 	to Exhibit 10.9.1 to Registrants Annual Report on Form  10-K for the year ended December 31, 1997)."
,10.9.2,,,"Change in control agreement between PictureTel Corporation and 	Lawrence Bornstein dated December 5, 1997 (incorporated by 	reference to Exhibit 10.9.2 to Registrants Annual 	Report on Form 10-K for the year ended December 31, 	1997)."
,10.9.3,,,"Amendment to employment agreement between PictureTel Corporation 	and Lawrence Bornstein dated January 20, 1999 (incorporated 	by reference to Exhibit 10.10.1 to Registrants Annual 	Report on Form 10-K for the year ended December 31, 	1998)."
