Unnamed: 0,Unnamed: 1,2000,2000.1,Unnamed: 4,1999,1999.1,Unnamed: 7
ASSETS,,,,,,,
Current Assets,,,,,,,
Cash and cash equivalents,,$,595140,,$,410595,
Restricted cash,,,350000,,,350000,
"Accounts receivable, net",,,1832047,,,1114674,
Inventories,,,1636598,,,491177,
Prepaid expenses,,,360579,,,477319,
Deferred tax asset,,,668748,,,124084,
,,,,,,,
Total current assets,,,5443112,,,2967849,
"Property, plant and equipment, net",,,10179913,,,10171932,
Deferred tax asset,,,1233965,,,,
Deferred financing costs and other assets,,,353827,,,101375,
,,,,,,,
Total assets,,$,17210817,,$,13241156,
,,,,,,,
LIABILITIES AND STOCKHOLDERS' EQUITY,,,,,,,
Current Liabilities,,,,,,,
Accounts payable and accrued expenses,,$,1232133,,$,799089,
Line of credit,,,,,,644445,
Current portion of long term debt,,,725018,,,717369,
Current portion of capital lease obligations,,,17072,,,853,
Current portion of accrued restructuring costs,,,591644,,,523094,
Deferred revenue,,,1179736,,,382208,
,,,,,,,
Total current liabilities,,,3745603,,,3067058,
Long Term Liabilities,,,,,,,
"Long term debt, net of current portion",,,6839257,,,7564276,
"Capital lease obligations, net of current portion",,,64529,,,,
"Accrued restructuring costs, net of current portion",,,37479,,,561215,
Other liabilities,,,,,,30000,
Deferred tax liability,,,,,,124084,
,,,,,,,
Total liabilities,,,10686868,,,11346633,
,,,,,,,
Commitments and Contingencies,,,,,,,
Stockholders' Equity,,,,,,,
"Series A-1 convertible preferred stock, par value $.01 per share; liquidation preference $1,451,100 6% cumulative dividends, accruing beginning May 31, 2000, 15,510 and 0 shares authorized, 14,511 and 0 shares issued and outstanding",,,145,,,,
"Class A common stock, par value $.01 per share; 14,984,490 shares authorized; 5,677,781 and 5,365,101 shares issued and outstanding",,,56778,,,53651,
Additional paid-in capital,,,10338049,,,7613014,
Accumulated deficit,,,"(3,871,023",),,"(5,772,142",)
,,,,,,,
Total stockholders' equity,,,6523949,,,1894523,
,,,,,,,
Total liabilities and stockholders' equity,,$,17210817,,$,13241156,
,,,,,,,
