0,1,2,3,4,5,6,7,8,9,10,11
,,,,,,,,,,,
,,,,,2000,2000,2000,,1999,1999,1999
,,,,,,,,,,,
CASH FLOWS FROM OPERATING ACTIVITIES,CASH FLOWS FROM OPERATING ACTIVITIES,CASH FLOWS FROM OPERATING ACTIVITIES,CASH FLOWS FROM OPERATING ACTIVITIES,,,,,,,,
,,,,,,,,,,,
,,,,,,,,,,,
,,,,,,,,,,,
,,,,,,,,,,,
,Net income loss,Net income loss,Net income loss,,$,"(703,149",),,$,"(253,506",)
,,,,,,,,,,,
,,,,,,,,,,,
,,,,,,,,,,,
,,,,,,,,,,,
,Adjustments to reconcile net loss to net cash  used in operating activities  Issuance of common stock options for  consulting expense,Adjustments to reconcile net loss to net cash  used in operating activities  Issuance of common stock options for  consulting expense,Adjustments to reconcile net loss to net cash  used in operating activities  Issuance of common stock options for  consulting expense,,,98000,,,,,
,,,,,,,,,,,
,,,,,,,,,,,
,,,,,,,,,,,
,,,,,,,,,,,
,,Depreciation and amortization,Depreciation and amortization,,,65260,,,,22500,
,,,,,,,,,,,
,,,,,,,,,,,
,,,,,,,,,,,
,,,,,,,,,,,
,,"(Increase) decrease in assets, net of effects  from purchase and disposition of subsidiaries  Miscellaneous receivables","(Increase) decrease in assets, net of effects  from purchase and disposition of subsidiaries  Miscellaneous receivables",,,3556,,,,"(7,970",)
,,,Prepaid expenses,,,17038,,,,"(18,100",)
,,,,,,,,,,,
,,,,,,,,,,,
,,,,,,,,,,,
,,,,,,,,,,,
,,"Increase (decrease) in liabilities, net of effects from  disposition of subsidiaries Accounts payable and accrued expenses","Increase (decrease) in liabilities, net of effects from  disposition of subsidiaries Accounts payable and accrued expenses",,,"(7,197",),,,12266,
,,Payroll taxes payable,Payroll taxes payable,,,,,,,12000,
,,,,,,,,,,,
,,Net cash used in operating activities,Net cash used in operating activities,,,"(526,492",),,,"(232,810",)
,,,,,,,,,,,
,,,,,,,,,,,
,,,,,,,,,,,
,,,,,,,,,,,
CASH FLOWS FROM INVESTING ACTIVITIES,CASH FLOWS FROM INVESTING ACTIVITIES,CASH FLOWS FROM INVESTING ACTIVITIES,CASH FLOWS FROM INVESTING ACTIVITIES,,,,,,,,
,,,,,,,,,,,
,,,,,,,,,,,
,,,,,,,,,,,
,,,,,,,,,,,
,,Capital Expenditures,Capital Expenditures,,,"(35,888",),,,"(11,512",)
,,,,,,,,,,,
,,,,,,,,,,,
,,,,,,,,,,,
,,,,,,,,,,,
CASH FLOWS FROM FINANCING ACTIVITIES,CASH FLOWS FROM FINANCING ACTIVITIES,CASH FLOWS FROM FINANCING ACTIVITIES,CASH FLOWS FROM FINANCING ACTIVITIES,,,,,,,,
,,,,,,,,,,,
,,,,,,,,,,,
,,,,,,,,,,,
,,,,,,,,,,,
,,Net proceeds from issuance of common stock,Net proceeds from issuance of common stock,,,,,,,958196,
,,,,,,,,,,,
,,,,,,,,,,,
,,,,,,,,,,,
,,,,,,,,,,,
EFFECT OF EXCHANGE RATES ON CASH,EFFECT OF EXCHANGE RATES ON CASH,EFFECT OF EXCHANGE RATES ON CASH,EFFECT OF EXCHANGE RATES ON CASH,,,3612,,,,,
,,,,,,,,,,,
NET INCREASE (DECREASE) IN CASH AND CASH EQUIVALENTS,NET INCREASE (DECREASE) IN CASH AND CASH EQUIVALENTS,NET INCREASE (DECREASE) IN CASH AND CASH EQUIVALENTS,NET INCREASE (DECREASE) IN CASH AND CASH EQUIVALENTS,,,"(558,768",),,,713874,
,,,,,,,,,,,
,,,,,,,,,,,
,,,,,,,,,,,
,,,,,,,,,,,
CASH AND CASH EQUIVALENTS BEGINNING OF YEAR,CASH AND CASH EQUIVALENTS BEGINNING OF YEAR,CASH AND CASH EQUIVALENTS BEGINNING OF YEAR,CASH AND CASH EQUIVALENTS BEGINNING OF YEAR,,,713874,,,,,
,,,,,,,,,,,
CASH AND CASH EQUIVALENTS END OF YEAR,CASH AND CASH EQUIVALENTS END OF YEAR,CASH AND CASH EQUIVALENTS END OF YEAR,CASH AND CASH EQUIVALENTS END OF YEAR,,$,155106,,,$,713874,
,,,,,,,,,,,
