PRODUCT,Unnamed: 1,MARKET,Unnamed: 3,STATUS
SUSTAIN® and RESTORE® Dental Implant Systems,,Replacement of lost or extracted teeth,,Commercial sales
STAGE-1 Single Stage Implant System,,One-stage surgical procedure with self-tapping implant design for easier placement and Morse taper prosthetic connection,,Commercial sales
SuperCAT Super Self-Tapping Implant,,Faster and more efficient implant installation to reduce surgical time,,Commercial sales
Implant Support Systems,,Precision oral restorative components compatible with implants,,Commercial sales
CAPSET® Calcium Sulfate Bone Graft Barrier,,For use with natural and synthetic bone graft materials as a resorbable barrier cap and/or binding agent,,Commercial sales
CAPSET® SlowSet Barrier,,Repair of multiple periodontal bone defects,,Commercial sales
TefGen Regenerative Membrane,,Nonresorbable membrane for guided tissue regeneration,,Commercial sales
HAPSET® Hydroxylapatite Bone Graft Plaster,,Repair of jawbone structure requiring a non-resorbable bone matrix,,Commercial sales
MTF® Bone Allograft Tissue,,Grafting material for restoration of dental bone defects,,"Distributed by MTF, represented by Lifecore"
