0,1,2,3,4,5,6,7,8,9,10,11,12,13,14,15
,,Common Stock,,,Retained (Deficit) Earnings,,,Deferred Compensation,,,Unearned ESOP Shares,,,Total Shareholders' Equity,
,,,,,,,,,,,,,,,
"BALANCE AT APRIL 30, 1997",$,5418203,,$,"(149,974",),$,"(117,562",),$,"(325,000",),$,4825667,
,,,,,,,,,,,,,,,
Net income,,--,,,313771,,,--,,,--,,,313771,
"Repurchase of 95,200 shares by the  Company",,"(201,027",),,- --,,,- --,,,- --,,,"(201,027",)
"Issuance of 52,814 shares under  employee stock plans",,98134,,,- --,,,- --,,,- --,,,98134,
Compensation expense,,"(40,180",),,--,,,14250,,,100000,,,74070,
,,,,,,,,,,,,,,,
"BALANCE AT APRIL 30, 1998",,5275130,,,163797,,,"(103,312",),,"(225,000",),,5110615,
,,,,,,,,,,,,,,,
Net income,,--,,,1304570,,,--,,,--,,,1304570,
"Repurchase of 18,500 shares by  the Company",,"(75,480",),,- --,,,- --,,,- --,,,"(75,480",)
"Issuance of 160,529 shares under  employee stock plans",,431823,,,- --,,,"(194,250",),,- --,,,237573,
Compensation expense,,41057,,,--,,,65510,,,100000,,,206567,
,,,,,,,,,,,,,,,
"BALANCE AT APRIL 30, 1999",,5672530,,,1468367,,,"(232,052",),,"(125,000",),,6783845,
,,,,,,,,,,,,,,,
Net income,,--,,,1603845,,,--,,,--,,,1603845,
"Repurchase of 7,315 shares  by the Company",,"(49,819",),,- --,,,- --,,,- --,,,"(49,819",)
"Issuance of 251,590 shares under  employee stock plans and tax benefit  from stock option exercise",,1042976,,,- --,,,"(192,758",),,- --,,,850218,
Compensation expense,,97744,,,--,,,125934,,,100000,,,323678,
"Issuance of 300,000 shares",,,,,,,,,,,,,,,
related to ProVal acquisition,,1944000,,,--,,,--,,,--,,,1944000,
,,,,,,,,,,,,,,,
"BALANCE AT APRIL 30, 2000",$,8707431,,$,3072212,,$,"(298,876",),$,"(25,000",),$,11455767,11455767
