Unnamed: 0_level_0,Unnamed: 1_level_0,"As of June 30,","As of June 30,","As of June 30,","As of June 30,","As of June 30,","As of June 30,","As of June 30,","As of June 30,","As of June 30,","As of June 30,","As of June 30,","As of June 30,","As of June 30,","As of June 30,"
Unnamed: 0_level_1,Unnamed: 1_level_1,2000,2000.1,Unnamed: 4_level_1,1999,1999.1,Unnamed: 7_level_1,1998,1998.1,Unnamed: 10_level_1,1997,1997.1,Unnamed: 13_level_1,1996,1996.1
Balance Sheet Data:,,,,,,,,,,,,,,,
Working capital,,$,15530.0,,$,16649.0,,$,17084.0,,$,26848.0,,$,22207.0
Total assets,,,65788.0,,,68797.0,,,66948.0,,,65509.0,,,64429.0
Long-term obligations,,,6477.0,,,6720.0,,,6658.0,,,7596.0,,,7193.0
Shareholders' equity,,,55421.0,,,55471.0,,,53299.0,,,52096.0,,,52152.0
