0,1,2,3,4,5,6,7,8,9,10,11,12,13,14
,,,,,,,,,,,,,,
,,,,,,,,,,,,,,
,,,,"Year Ended December 31,","Year Ended December 31,","Year Ended December 31,","Year Ended December 31,","Year Ended December 31,","Year Ended December 31,","Year Ended December 31,","Year Ended December 31,","Year Ended December 31,","Year Ended December 31,","Year Ended December 31,"
,,,,,,,,,,,,,,
,,,,1999,1999,1999,,1998,1998,1998,,1997,1997,1997
,,,,,,,,,,,,,,
Cash flows from operating activities:,Cash flows from operating activities:,Cash flows from operating activities:,,,,,,,,,,,,
,,,,,,,,,,,,,,
,,,,,,,,,,,,,,
,,,,,,,,,,,,,,
,,,,,,,,,,,,,,
Net loss,Net loss,Net loss,,$,"(84,526",),,$,"(55,679",),,$,"(39,398",)
,,,,,,,,,,,,,,
,,,,,,,,,,,,,,
,,,,,,,,,,,,,,
,,,,,,,,,,,,,,
,Adjustments to reconcile net loss to net cash provided by (used 	in) operating activities:,Adjustments to reconcile net loss to net cash provided by (used 	in) operating activities:,,,,,,,,,,,,
,,,,,,,,,,,,,,
,,,,,,,,,,,,,,
,,,,,,,,,,,,,,
,,,,,,,,,,,,,,
,,Depreciation and amortization,,,34576,,,,28183,,,,35221,
,,,,,,,,,,,,,,
,,,,,,,,,,,,,,
,,,,,,,,,,,,,,
,,,,,,,,,,,,,,
,,Provision for doubtful accounts,,,2474,,,,4160,,,,4241,
,,,,,,,,,,,,,,
,,,,,,,,,,,,,,
,,,,,,,,,,,,,,
,,,,,,,,,,,,,,
,,Inventory provision,,,3834,,,,6004,,,,4476,
,,,,,,,,,,,,,,
,,,,,,,,,,,,,,
,,,,,,,,,,,,,,
,,,,,,,,,,,,,,
,,Write-down of capitalized software,,,,,,,1088,,,,9881,
,,,,,,,,,,,,,,
,,,,,,,,,,,,,,
,,,,,,,,,,,,,,
,,,,,,,,,,,,,,
,,Write-down of long-lived assets,,,,,,,3149,,,,,
,,,,,,,,,,,,,,
,,,,,,,,,,,,,,
,,,,,,,,,,,,,,
,,,,,,,,,,,,,,
,,Loss on disposal of fixed assets,,,687,,,,,,,,,
,,,,,,,,,,,,,,
,,,,,,,,,,,,,,
,,,,,,,,,,,,,,
,,,,,,,,,,,,,,
,,"Deferred taxes, provision (benefit)",,,,,,,31721,,,,"(21,314",)
,,,,,,,,,,,,,,
,,,,,,,,,,,,,,
,,,,,,,,,,,,,,
,,,,,,,,,,,,,,
,,Gain on sales of securities,,,"(8,495",),,,,,,,,
,,,,,,,,,,,,,,
,,,,,,,,,,,,,,
,,,,,,,,,,,,,,
,,,,,,,,,,,,,,
,,Write-off of incomplete technology,,,,,,,4442,,,,,
,,,,,,,,,,,,,,
,,,,,,,,,,,,,,
,,,,,,,,,,,,,,
,,,,,,,,,,,,,,
,,Other non-cash items,,,(6,),,,896,,,,2107,
,,,,,,,,,,,,,,
,,,,,,,,,,,,,,
,,,,,,,,,,,,,,
,,,,,,,,,,,,,,
,"Changes in operating assets and liabilities, net of effects of 	purchased business:","Changes in operating assets and liabilities, net of effects of 	purchased business:",,,,,,,,,,,,
,,,,,,,,,,,,,,
,,,,,,,,,,,,,,
,,,,,,,,,,,,,,
,,,,,,,,,,,,,,
,,Accounts receivable,,,(638,),,,26513,,,,30267,
,,,,,,,,,,,,,,
,,,,,,,,,,,,,,
,,,,,,,,,,,,,,
,,,,,,,,,,,,,,
,,Inventories,,,"(6,298",),,,8812,,,,2161,
,,,,,,,,,,,,,,
,,,,,,,,,,,,,,
,,,,,,,,,,,,,,
,,,,,,,,,,,,,,
,,Other current assets,,,"(4,619",),,,"(1,086",),,,"(1,022",)
,,,,,,,,,,,,,,
,,,,,,,,,,,,,,
,,,,,,,,,,,,,,
,,,,,,,,,,,,,,
,,Accounts payable,,,"(10,938",),,,2468,,,,"(24,124",)
,,,,,,,,,,,,,,
,,,,,,,,,,,,,,
,,,,,,,,,,,,,,
,,,,,,,,,,,,,,
,,Accrued compensation and benefits and accrued expenses,,,2306,,,,"(4,035",),,,18314,
,,,,,,,,,,,,,,
,,,,,,,,,,,,,,
,,,,,,,,,,,,,,
,,,,,,,,,,,,,,
,,Deferred revenue,,,6274,,,,"(1,086",),,,4020,
,,,,,,,,,,,,,,
Net cash provided by (used in) operating activities,Net cash provided by (used in) operating activities,Net cash provided by (used in) operating activities,,,"(65,369",),,,55550,,,,24830,
,,,,,,,,,,,,,,
Cash flows from investing activities:,Cash flows from investing activities:,Cash flows from investing activities:,,,,,,,,,,,,
,,,,,,,,,,,,,,
,,,,,,,,,,,,,,
,,,,,,,,,,,,,,
,,,,,,,,,,,,,,
,Purchase of marketable securities,Purchase of marketable securities,,,"(120,012",),,,"(126,262",),,,"(26,392",)
,,,,,,,,,,,,,,
,,,,,,,,,,,,,,
,,,,,,,,,,,,,,
,,,,,,,,,,,,,,
,Proceeds from sale of marketable securities,Proceeds from sale of marketable securities,,,128796,,,,120336,,,,42276,
,,,,,,,,,,,,,,
,,,,,,,,,,,,,,
,,,,,,,,,,,,,,
,,,,,,,,,,,,,,
,Purchases of property and equipment,Purchases of property and equipment,,,"(12,591",),,,"(19,421",),,,"(21,645",)
,,,,,,,,,,,,,,
,,,,,,,,,,,,,,
,,,,,,,,,,,,,,
,,,,,,,,,,,,,,
,Proceeds from sales of fixed assets,Proceeds from sales of fixed assets,,,342,,,,506,,,,,
,,,,,,,,,,,,,,
,,,,,,,,,,,,,,
,,,,,,,,,,,,,,
,,,,,,,,,,,,,,
,Capitalized software costs,Capitalized software costs,,,,,,,"(7,446",),,,"(17,133",)
,,,,,,,,,,,,,,
,,,,,,,,,,,,,,
,,,,,,,,,,,,,,
,,,,,,,,,,,,,,
,"Cash paid to acquire business, less cash acquired","Cash paid to acquire business, less cash acquired",,,,,,,"(3,964",),,,,
,,,,,,,,,,,,,,
,,,,,,,,,,,,,,
,,,,,,,,,,,,,,
,,,,,,,,,,,,,,
,Purchase of other assets,Purchase of other assets,,,,,,,"(2,851",),,,"(5,350",)
,,,,,,,,,,,,,,
Net cash used in investing activities,Net cash used in investing activities,Net cash used in investing activities,,,"(3,465",),,,"(39,102",),,,"(28,244",)
,,,,,,,,,,,,,,
Cash flows from financing activities:,Cash flows from financing activities:,Cash flows from financing activities:,,,,,,,,,,,,
,,,,,,,,,,,,,,
,,,,,,,,,,,,,,
,,,,,,,,,,,,,,
,,,,,,,,,,,,,,
,Restricted cash and cash equivalents,Restricted cash and cash equivalents,,,"(1,200",),,,,,,,,
,,,,,,,,,,,,,,
,,,,,,,,,,,,,,
,,,,,,,,,,,,,,
,,,,,,,,,,,,,,
,Payments on short-term/long-term borrowings,Payments on short-term/long-term borrowings,,,(706,),,,"(2,955",),,,"(9,575",)
,,,,,,,,,,,,,,
,,,,,,,,,,,,,,
,,,,,,,,,,,,,,
,,,,,,,,,,,,,,
,Principal payments under capital lease obligations,Principal payments under capital lease obligations,,,"(3,591",),,,"(3,471",),,,"(3,895",)
,,,,,,,,,,,,,,
,,,,,,,,,,,,,,
,,,,,,,,,,,,,,
,,,,,,,,,,,,,,
,Purchase of treasury stock,Purchase of treasury stock,,,(556,),,,,,,,,
,,,,,,,,,,,,,,
,,,,,,,,,,,,,,
,,,,,,,,,,,,,,
,,,,,,,,,,,,,,
,Proceeds from preferred stock issuance,Proceeds from preferred stock issuance,,,30500,,,,,,,,,
,,,,,,,,,,,,,,
,,,,,,,,,,,,,,
,,,,,,,,,,,,,,
,,,,,,,,,,,,,,
,Proceeds from exercise of stock options,Proceeds from exercise of stock options,,,1844,,,,981,,,,954,
,,,,,,,,,,,,,,
,,,,,,,,,,,,,,
,,,,,,,,,,,,,,
,,,,,,,,,,,,,,
,Proceeds from employee stock purchase plan,Proceeds from employee stock purchase plan,,,1445,,,,1718,,,,3537,
,,,,,,,,,,,,,,
Net cash provided by (used in) financing activities,Net cash provided by (used in) financing activities,Net cash provided by (used in) financing activities,,,27736,,,,"(3,727",),,,"(8,979",)
,,,,,,,,,,,,,,
Adjustment to conform fiscal year of MultiLink,Adjustment to conform fiscal year of MultiLink,Adjustment to conform fiscal year of MultiLink,,,,,,,,,,,394,
,,,,,,,,,,,,,,
,,,,,,,,,,,,,,
,,,,,,,,,,,,,,
,,,,,,,,,,,,,,
Effect of exchange rate changes on cash,Effect of exchange rate changes on cash,Effect of exchange rate changes on cash,,,371,,,,62,,,,"(1,475",)
,,,,,,,,,,,,,,
Net increase (decrease) in cash and cash equivalents,Net increase (decrease) in cash and cash equivalents,Net increase (decrease) in cash and cash equivalents,,,"(40,727",),,,12783,,,,"(13,474",)
,,,,,,,,,,,,,,
,,,,,,,,,,,,,,
,,,,,,,,,,,,,,
,,,,,,,,,,,,,,
Cash and cash equivalents at beginning of year,Cash and cash equivalents at beginning of year,Cash and cash equivalents at beginning of year,,,62642,,,,49859,,,,63333,
,,,,,,,,,,,,,,
Cash and cash equivalents at end of year,Cash and cash equivalents at end of year,Cash and cash equivalents at end of year,,$,21915,,,$,62642,,,$,49859,
,,,,,,,,,,,,,,
