0,1,2
,2000,1999
Deferred tax assets:,,
Provision for losses on loans and foreclosed real estate,"$408,664",356139
Accrued compensation and benefits,119704,94631
Base year tax bad debt reserve at 12/31/87  in excess of current tax bad debt reserve,-,30484
Unrealized loss on available for sale securities,369974,147342
Gross deferred tax assets,898342,628596
Valuation allowance,-,"30,484)"
Total deferred tax assets,898342,598112
Deferred tax liabilities:,,
FHLB stock dividends,166566,166566
Purchase accounting adjustments,51327,55327
"Premises and equipment, tax vs book accumulated depreciation",75975,66683
Installment sale,181977,194971
Total deferred tax liabilities,475845,483547
Net deferred tax assets,"$422,497 =======","114,565 ======="
