0,1
*,"IRET's shareholder equity increased to $109,920,591 from $85,783,297 on April 30, 1999, a gain of $24,137,297 (28%). Equity capital on April 30, 1998 was $68,152,626. These increases resulted from the sale of Shares of Beneficial Interest and the reinvestment of dividends in new shares."
*,"Liabilities of the Operating Partnership increased to $287,940,038 from $191,229,475 as of April 30, 1999. IRET's liabilities on April 30, 1998, were $140,276,615."
*,"Total assets of the Operating Partnership increased to $432,978,299 from $291,493,311 as of April 30, 1999. Total assets on April 30, 1998, were $224,718,514."
*,"Cash and marketable securities were $6,623,495 on April 30, 2000, compared to the year earlier figure of $7,412,236 on April 30, 1999, and $6,389,446 on April 30, 1998."
*,"In addition to its cash and marketable securities, IRET Properties has unsecured line of credit agreements with First International Bank & Trust, Bremer Bank and First Western Bank & Trust, all of Minot, North Dakota, totaling $17,500,000. On April 30, 2000, $6,452,420 was in use. Credit lines in Fiscal 1999 totaling $11,500,000 were not in use at the end of 1999."
