0,1,2,3,4,5
,2000,1999,1998,1997,1996
Summary of Operations,,,,,
Net Sales,"$1,095.8","$1,036.7","$1,176.7",$ 939.0,$ 865.3
Net Income,$ 53.3,$  37.1,$ 84.0,$ 60.0,$  60.1
Financial  Position at Year-End,Financial  Position at Year-End,,,,
Total Assets,"$1,745.9","$1,607.8","$1,698.9","$1,223.0",$ 912.0
"Long-term debt, net of current portion",$ 352.3,$ 355.0,$ 370.7,$ 244.7,$ 188.0
Per Share Data,,,,,
Earnings:,,,,,
Basic,$ 2.35,$ 1.61,$ 4.01,$ 3.32,$ 3.54
Diluted,$ 2.31,$ 1.58,$ 3.84,$ 3.16,$ 3.38
Cash dividends-common,$ 1.32,$ 1.32,$ 1.32,$ 1.32,$ 1.32
