Unnamed: 0,Unnamed: 1,Unnamed: 2,Unnamed: 3,"July 1, 2000","July 1, 2000.1",Unnamed: 6,"July 3, 1999","July 3, 1999.1",Unnamed: 9,"June 27, 1998","June 27, 1998.1"
Assets,Assets,Assets,,,,,,,,,
Cash and equivalents,Cash and equivalents,Cash and equivalents,,$,314.0,,$,279.0,,$,273.0
"Trade accounts receivable, less allowances of $195 in 2000, $193 in 1999 and $196 in 1998","Trade accounts receivable, less allowances of $195 in 2000, $193 in 1999 and $196 in 1998","Trade accounts receivable, less allowances of $195 in 2000, $193 in 1999 and $196 in 1998",,,1764.0,,,1611.0,,,1676.0
Inventories,Inventories,Inventories,,,,,,,,,
,Finished goods,Finished goods,,,1941.0,,,1602.0,,,1706.0
,Work in process,Work in process,,,529.0,,,470.0,,,443.0
,Materials and supplies,Materials and supplies,,,481.0,,,463.0,,,630.0
,,,,,,,,,,,
,,,,,2951.0,,,2535.0,,,2779.0
Other current assets,Other current assets,Other current assets,,,382.0,,,294.0,,,240.0
Net assets of businesses held for sale,Net assets of businesses held for sale,Net assets of businesses held for sale,,,563.0,,,315.0,,,329.0
,,,,,,,,,,,
Total current assets,Total current assets,Total current assets,,,5974.0,,,5034.0,,,5297.0
,,,,,,,,,,,
Trademarks and other assets,Trademarks and other assets,Trademarks and other assets,,,697.0,,,533.0,,,501.0
Property,Property,Property,,,,,,,,,
,Land,Land,,,99.0,,,94.0,,,118.0
,Buildings and improvements,Buildings and improvements,,,1745.0,,,1613.0,,,1741.0
,Machinery and equipment,Machinery and equipment,,,3188.0,,,2756.0,,,2656.0
,Construction in progress,Construction in progress,,,330.0,,,260.0,,,182.0
,,,,,,,,,,,
,,,,,5362.0,,,4723.0,,,4697.0
,Accumulated depreciation,Accumulated depreciation,,,3043.0,,,2699.0,,,2753.0
,,,,,,,,,,,
"Property, net","Property, net","Property, net",,,2319.0,,,2024.0,,,1944.0
"Intangible assets, net","Intangible assets, net","Intangible assets, net",,,2621.0,,,2701.0,,,3042.0
,,,,,,,,,,,
,,,,$,11611.0,,$,10292.0,,$,10784.0
,,,,,,,,,,,
