0,1,2,3,4,5
JE Morgan Main,,"Tamaqua, Pennsylvania",,481000.0,
L'eggs Products,,"Clarksville, Arkansas",,337000.0,
L'eggs Products,,"Rockingham, North Carolina",,440000.0,
"Playtex Apparel, Inc.",,"Dover, Delaware",,345000.0,
Sara Lee Direct,,"Rural Hall, North Carolina",,699000.0,*
Sara Lee Hosiery,,"East Rockingham, North Carolina",,330000.0,*
Sara Lee Hosiery,,"Winston-Salem, North Carolina",,770000.0,
Sara Lee Hosiery,,"Darlington, South Carolina",,287000.0,
Sara Lee Intimates,,"Kings Mountain, North Carolina",,420000.0,
Sara Lee Knit Products,,"Jacksonville, Florida",,1592000.0,*
Sara Lee Knit Products,,"Martinsville, Virginia",,704000.0,*
Sara Lee Knit Products,,"Rural Hall, North Carolina",,986000.0,
Sara Lee Knit Products,,"Winston-Salem, North Carolina",,568000.0,
Sara Lee Knit Products,,"Winston-Salem, North Carolina",,395000.0,
Sara Lee Knit Products-Europe,,"Gent, Belgium",,1041000.0,*
Sara Lee Knit Products-Europe,,"Campogalliano, Italy",,301000.0,*
Sara Lee Sock Company,,"Kernersville, North Carolina",,340000.0,
Vatter GmbH,,"Rheine, Germany",,549000.0,*
Household Products,,,,,
Bama Polska,,"Polska, Poland",,261000.0,
Cruz Verde Legrain Benelux,,"Santiago, Spain",,284000.0,*
Household & Body Care Philippines,,"Trias Cavite, Philippines",,556000.0,
Kiwi Brands Pty. Ltd.,,"Clayton, Australia",,313000.0,
Sara Lee/DE Germany,,"Dusseldorf, Germany",,333000.0,*
Sara Lee Household & Body Care U.K. Limited,,"Slough, England",,318000.0,
