0,1,2,3,4,5,6,7,8,9,10,11
,,,,,,,,,,,
,,,,,"June 30,","June 30,","June 30,",,"July 2,","July 2,","July 2,"
,,,,,2000,2000,2000,,1999,1999,1999
,,,,,,,,,,,
,,,,,,,,,,,
,,,,,"(In thousands, except share","(In thousands, except share","(In thousands, except share","(In thousands, except share","(In thousands, except share","(In thousands, except share","(In thousands, except share"
,,,,,amounts),amounts),amounts),amounts),amounts),amounts),amounts)
,,,,,,,,,,,
,,,,,,,,,,,
,,,,,,,,,,,
,,,,,,,,,,,
Assets:,Assets:,Assets:,Assets:,,,,,,,,
,,,,,,,,,,,
,,,,,,,,,,,
,,,,,,,,,,,
,,,,,,,,,,,
,Current assets:,Current assets:,Current assets:,,,,,,,,
,,,,,,,,,,,
,,,,,,,,,,,
,,,,,,,,,,,
,,,,,,,,,,,
,,Cash and cash equivalents,Cash and cash equivalents,,$,167192,,,$,311982,
,,,,,,,,,,,
,,,,,,,,,,,
,,,,,,,,,,,
,,,,,,,,,,,
,,"Receivables, less allowances of $43,623 and $27,626, respectively","Receivables, less allowances of $43,623 and $27,626, respectively",,,1750827,,,,960639,
,,,,,,,,,,,
,,,,,,,,,,,
,,,,,,,,,,,
,,,,,,,,,,,
,,Inventories (Note 3),Inventories (Note 3),,,1887280,,,,997247,
,,,,,,,,,,,
,,,,,,,,,,,
,,,,,,,,,,,
,,,,,,,,,,,
,,Other,Other,,,67956,,,,43455,
,,,,,,,,,,,
,,,Total current assets,,,3873255,,,,2313323,
,,,,,,,,,,,
,,,,,,,,,,,
,,,,,,,,,,,
,,,,,,,,,,,
,"Property, plant and equipment, net (Note 4)","Property, plant and equipment, net (Note 4)","Property, plant and equipment, net (Note 4)",,,289902,,,,194012,
,,,,,,,,,,,
,,,,,,,,,,,
,,,,,,,,,,,
,,,,,,,,,,,
,"Goodwill, net of accumulated amortization of $79,648 and $60,404,  respectively (Note 1)","Goodwill, net of accumulated amortization of $79,648 and $60,404,  respectively (Note 1)","Goodwill, net of accumulated amortization of $79,648 and $60,404,  respectively (Note 1)",,,856831,,,,385648,
,,,,,,,,,,,
,,,,,,,,,,,
,,,,,,,,,,,
,,,,,,,,,,,
,Other assets,Other assets,Other assets,,,224367,,,,91714,
,,,,,,,,,,,
,,,Total assets,,$,5244355,,,$,2984697,
,,,,,,,,,,,
Liabilities:,Liabilities:,Liabilities:,Liabilities:,,,,,,,,
,,,,,,,,,,,
,,,,,,,,,,,
,,,,,,,,,,,
,,,,,,,,,,,
,Current liabilities:,Current liabilities:,Current liabilities:,,,,,,,,
,,,,,,,,,,,
,,,,,,,,,,,
,,,,,,,,,,,
,,,,,,,,,,,
,,Borrowings due within one year (Note 5),Borrowings due within one year (Note 5),,$,499287,,,$,288,
,,,,,,,,,,,
,,,,,,,,,,,
,,,,,,,,,,,
,,,,,,,,,,,
,,Accounts payable,Accounts payable,,,1102510,,,,480377,
,,,,,,,,,,,
,,,,,,,,,,,
,,,,,,,,,,,
,,,,,,,,,,,
,,Accrued expenses and other (Note 6),Accrued expenses and other (Note 6),,,301977,,,,315198,
,,,,,,,,,,,
,,,Total current liabilities,,,1903774,,,,795863,
,,,,,,,,,,,
,,,,,,,,,,,
,,,,,,,,,,,
,,,,,,,,,,,
,"Long-term debt, less due within one year (Note 5)","Long-term debt, less due within one year (Note 5)","Long-term debt, less due within one year (Note 5)",,,1438610,,,,791226,
,,,,,,,,,,,
,,,Total liabilities,,,3342384,,,,1587089,
,,,,,,,,,,,
,Commitments and contingencies (Notes 9 and 11),Commitments and contingencies (Notes 9 and 11),Commitments and contingencies (Notes 9 and 11),,,,,,,,
,,,,,,,,,,,
,,,,,,,,,,,
,,,,,,,,,,,
,,,,,,,,,,,
Shareholders equity (Notes 1 and 10):,Shareholders equity (Notes 1 and 10):,Shareholders equity (Notes 1 and 10):,Shareholders equity (Notes 1 and 10):,,,,,,,,
,,,,,,,,,,,
,,,,,,,,,,,
,,,,,,,,,,,
,,,,,,,,,,,
,"Common stock $1.00 par, authorized 120,000,000 shares, issued 	90,757,000 shares and 44,416,000 shares, respectively","Common stock $1.00 par, authorized 120,000,000 shares, issued 	90,757,000 shares and 44,416,000 shares, respectively","Common stock $1.00 par, authorized 120,000,000 shares, issued 	90,757,000 shares and 44,416,000 shares, respectively",,,90757,,,,44416,
,,,,,,,,,,,
,,,,,,,,,,,
,,,,,,,,,,,
,,,,,,,,,,,
,Additional paid-in capital,Additional paid-in capital,Additional paid-in capital,,,309604,,,,435930,
,,,,,,,,,,,
,,,,,,,,,,,
,,,,,,,,,,,
,,,,,,,,,,,
,Retained earnings,Retained earnings,Retained earnings,,,1616692,,,,1496357,
,,,,,,,,,,,
,,,,,,,,,,,
,,,,,,,,,,,
,,,,,,,,,,,
,Cumulative translation adjustments,Cumulative translation adjustments,Cumulative translation adjustments,,,"(54,582",),,,"(46,041",)
,,,,,,,,,,,
,,,,,,,,,,,
,,,,,,,,,,,
,,,,,,,,,,,
,Valuation adjustments,Valuation adjustments,Valuation adjustments,,,2293,,,,,
,,,,,,,,,,,
,,,,,,,,,,,
,,,,,,,,,,,
,,,,,,,,,,,
,"Treasury stock at cost, 2,396,000 shares and 9,225,000 shares, 	respectively","Treasury stock at cost, 2,396,000 shares and 9,225,000 shares, 	respectively","Treasury stock at cost, 2,396,000 shares and 9,225,000 shares, 	respectively",,,"(62,793",),,,"(533,054",)
,,,,,,,,,,,
,,,Total shareholders equity,,,1901971,,,,1397608,
,,,,,,,,,,,
,,,Total liabilities and shareholders equity,,$,5244355,,,$,2984697,
,,,,,,,,,,,
