Unnamed: 0,Unnamed: 1,Unnamed: 2,Unnamed: 3,Unnamed: 4,Page
Part I,Part I,,,,
,Item 1.,,Business,,2.0
,Item 2.,,Properties,,8.0
,Item 3.,,Legal Proceedings,,8.0
,Item 4.,,Submission of Matters to a Vote of Security Holders,,8.0
Part II,Part II,,,,
,Item 5.,,Market for the Registrant's Common Equity and Related Stockholder Matters,,9.0
,Item 6.,,Selected Financial Data,,9.0
,Item 7.,,Management's Discussion and Analysis of Financial Condition and Results of Operations,,10.0
,Item 7A.,,Quantitative and Qualitative Disclosures About Market Risk,,19.0
,Item 8.,,Financial Statements and Supplementary Data,,20.0
,Item 9.,,Changes in and Disagreements With Accountants on Accounting and Financial Disclosure,,39.0
Part III,Part III,,,,
,Item 10.,,Directors and Executive Officers of the Registrant,,40.0
,Item 11.,,Executive Compensation,,40.0
,Item 12.,,Security Ownership of Certain Beneficial Owners and Management,,40.0
,Item 13.,,Certain Relationships and Related Transactions,,40.0
Part IV,Part IV,,,,
,Item 14.,,"Exhibits, Financial Statement Schedules, and Reports on Form 8-K",,41.0
,,,Signatures,,44.0
