0,1,2,3
,,,"Counter-terrorism and nuclear/biological/chemical warfare preparedness including PPE, training, monitoring, and analytical services."
,,,
,,,Industrys and governments continued focus on productivity improvement with increased need for services to expand or upgrade plant and utility infrastructure.
,,,
,,,Expansion and revitalization of public infrastructure.
,,,
,,,Energy conservation projects resulting from the deregulation of the energy industry.
,,,
,,,Industry and government outsourcing of non-core functions.
,,,
,,,Kyoto Agreement and need to reduce Greenhouse Gases.
,,,
,,,Brownsfield legislation and tax incentives that will provide opportunities in industrial and military base redevelopment projects.
,,,
,,,"Continued availability of new and better technology to increase productivity, prevent pollution, and preserve natural resources."
