0,1,2,3,4,5,6,7,8
,"Years Ended June 30, 2000 Compared to 1999 Increase (Decrease) Due to","Years Ended June 30, 2000 Compared to 1999 Increase (Decrease) Due to","Years Ended June 30, 2000 Compared to 1999 Increase (Decrease) Due to","Years Ended June 30, 2000 Compared to 1999 Increase (Decrease) Due to","Years Ended June 30, 1999 Compared to 1998 Increase (Decrease) Due to","Years Ended June 30, 1999 Compared to 1998 Increase (Decrease) Due to","Years Ended June 30, 1999 Compared to 1998 Increase (Decrease) Due to","Years Ended June 30, 1999 Compared to 1998 Increase (Decrease) Due to"
,Rate,Rate/ Volume,Volume,Net,Rate,Rate/ Volume,Volume,Net
,(Dollars in Thousands),(Dollars in Thousands),(Dollars in Thousands),(Dollars in Thousands),(Dollars in Thousands),(Dollars in Thousands),(Dollars in Thousands),(Dollars in Thousands)
Interest-earning assets:,,,,,,,,
Loans receivable (1),$(140),$ 759,$ (12),$ 607,$ (12),$ 123,$ 0,$ 111
Mortgage-backed securities,70,(164),(12),(106),(70),(138),9,(199)
Investment securities,65,396,27,488,(16),36,1,21
Other interest-earning deposits,(54),(84),24,(114),(3),42,(1),38
Total net change in income  on interest-earning assets,(59),907,27,875,(101),63,9,(29)
Interest-bearing liabilities:,,,,,,,,
Deposits,9,142,8,159,(50),143,20,113
FHLB advances,136,330,46,512,(96),21,(2),(77)
Total net change in expense on interest-bearing liabilities,145,472,54,671,(146),164,18,36
Net change in net interest income,$(204) =======,$ 435 =======,$ (27) =======,$ 204 =======,$ 45 =======,$(101) =======,$(9) =======,$ (65) =======
