0,1,2,3,4,5,6
,"June 30,","June 30,","June 30,","June 30,","June 30,","June 30,"
,2000,2000,1999,1999,1998,1998
,Amount,Percent,Amount,Percent,Amount,Percent
,(Dollars In Thousands),(Dollars In Thousands),(Dollars In Thousands),(Dollars In Thousands),(Dollars In Thousands),(Dollars In Thousands)
Real Estate Loans:,,,,,,
One- to four-family,"$58,636",66.69%,"$54,417",67.93%,"$50,130",65.65%
Commercial and multi-family,10574,12.03,9657,12.06,10367,13.58
Construction or development,6639,7.55,6108,7.63,5602,7.33
Total real estate loans,75849,86.27,70182,87.62,66099,86.56
,,,,,,
Other Loans:,,,,,,
Consumer Loans:,,,,,,
Home equity lines of credit,3818,4.34,3264,4.07,3244,4.25
Automobile,1730,1.97,1575,1.97,1792,2.35
Second mortgage,4008,4.56,2974,3.71,2777,3.64
Other,1605,1.82,1265,1.58,1598,2.09
Total consumer loans,11161,12.69,9078,11.33,9411,12.33
Commercial business loans,914,1.04,842,1.05,852,1.11
Total other loans,12075,13.73,9920,12.38,10263,13.44
"Total loans receivable, gross",87924,100.00% =====,80102,100.00% =====,76362,100.00% =====
,,,,,,
Less:,,,,,,
Loans held for sale,94,,3159,,295,
Loans in process,1492,,1390,,2308,
Deferred loan fees and discounts,446,,287,,303,
Allowance for loan losses,513,,452,,391,
Allowance for loss on loans held for  sale,---,,98,,---,
"Total loans receivable, net","$85,379 =====",,"$74,716 =====",,"$73,065 =====",
