Unnamed: 0_level_0,Unnamed: 1_level_0,Unnamed: 2_level_0,Unnamed: 3_level_0,Unnamed: 4_level_0,Unnamed: 5_level_0,Unnamed: 6_level_0,Common Stock,Common Stock,Common Stock,Common Stock,Unnamed: 11_level_0,Unnamed: 12_level_0,Unnamed: 13_level_0,Unnamed: 14_level_0,Unnamed: 15_level_0,Unnamed: 16_level_0,Unnamed: 17_level_0,Unnamed: 18_level_0,Unnamed: 19_level_0,Unnamed: 20_level_0,Unnamed: 21_level_0,Unnamed: 22_level_0,Unnamed: 23_level_0,Unnamed: 24_level_0,Unnamed: 25_level_0,Unnamed: 26_level_0
Unnamed: 0_level_1,Unnamed: 1_level_1,Unnamed: 2_level_1,Unnamed: 3_level_1,Comprehensive Income (Loss),Comprehensive Income (Loss),Unnamed: 6_level_1,Shares Outstanding,Unnamed: 8_level_1,Amount,Amount.1,Unnamed: 11_level_1,Capital in Excess of Par Value,Capital in Excess of Par Value,Unnamed: 14_level_1,Retained Earnings (Deficit),Retained Earnings (Deficit),Unnamed: 17_level_1,Unamortized Cost of Stock,Unamortized Cost of Stock,Unnamed: 20_level_1,Accumulated Other Comprehensive Income (Loss),Accumulated Other Comprehensive Income (Loss),Unnamed: 23_level_1,Total,Total,Unnamed: 26_level_1
"Balance, April 30, 1997","Balance, April 30, 1997","Balance, April 30, 1997",,,,,9387,,$,939,,$,34556,,$,50192,,$,(142,),$,"(1,175",),$,84370,
,Net income,Net income,,$,3855,,,,,,,,,,,3855,,,,,,,,,3855,
,Stock issued for employee benefit plans,Stock issued for employee benefit plans,,,,,258,,,25,,,3892,,,1,,,(499,),,,,,3419,
,Stock issued for acquisition,Stock issued for acquisition,,,,,319,,,32,,,6293,,,,,,,,,,,,6325,
,Foreign currency translation adjustments,Foreign currency translation adjustments,,,(298,),,,,,,,,,,,,,,,,(298,),,(298,)
,,,,,,,,,,,,,,,,,,,,,,,,,,
,,Comprehensive income,,$,3557,,,,,,,,,,,,,,,,,,,,,
,,,,,,,,,,,,,,,,,,,,,,,,,,
"Balance, April 30, 1998","Balance, April 30, 1998","Balance, April 30, 1998",,,,,9964,,$,996,,$,44741,,$,54048,,$,(641,),$,"(1,473",),$,97671,
,Net income,Net income,,$,5890,,,,,,,,,,,5890,,,,,,,,,5890,
,Stock issued for employee benefit plans,Stock issued for employee benefit plans,,,,,379,,,38,,,6607,,,,,,"(1,164",),,,,,5481,
,Stock issued for acquisition,Stock issued for acquisition,,,,,421,,,42,,,72,,,326,,,,,,,,,440,
,Foreign currency translation adjustments,Foreign currency translation adjustments,,,(147,),,,,,,,,,,,,,,,,(147,),,(147,)
,,,,,,,,,,,,,,,,,,,,,,,,,,
,,Comprehensive income,,$,5743,,,,,,,,,,,,,,,,,,,,,
,,,,,,,,,,,,,,,,,,,,,,,,,,
"Balance, April 30, 1999","Balance, April 30, 1999","Balance, April 30, 1999",,,,,10764,,$,1076,,$,51420,,$,60264,,$,"(1,805",),$,"(1,620",),$,109335,
,Net loss,Net loss,,$,"(68,949",),,,,,,,,,,"(68,949",),,,,,,,,"(68,949",)
,Stock issued for employee benefit plans,Stock issued for employee benefit plans,,,,,475,,,48,,,2100,,,3,,,98,,,,,,2249,
,Foreign currency translation adjustments,Foreign currency translation adjustments,,,(146,),,,,,,,,,,,,,,,,(146,),,(146,)
,,,,,,,,,,,,,,,,,,,,,,,,,,
,,Comprehensive loss,,$,"(69,095",),,,,,,,,,,,,,,,,,,,,
,,,,,,,,,,,,,,,,,,,,,,,,,,
"Balance, April 30, 2000","Balance, April 30, 2000","Balance, April 30, 2000",,,,,11239,,$,1124,,$,53520,,$,"(8,682",),$,"(1,707",),$,"(1,766",),$,42489,
,,,,,,,,,,,,,,,,,,,,,,,,,,
