0,1,2
,,
Signature,,Title
,,
/s/ KENNETH W. BRIMMER 	Kenneth W. Brimmer,,Chairman of the Board of Directors
/s/ GREG H. GUETTLER 	Greg H. Guettler,,President and Director (Principal executive officer)
"/s/ CHARLES F. CHESNEY 	Charles F. Chesney, D.V.M., Ph.D., R.A.C.",,"Executive Vice President, Secretary, Chief Technology Officer and  Director"
/s/ JAMES S. MURPHY 	James S. Murphy,,"Senior Vice President, Finance and Administration, and Chief 	Financial Officer (Principal financial officer)"
"/s/ JAY N. COHN 	Jay N. Cohn, M.D.",,Director
/s/ MELVILLE R. BOIS 	Melville R. Bois,,Director
