Unnamed: 0,Unnamed: 1,Unnamed: 2,Unnamed: 3,Unnamed: 4,2000,2000.1,Unnamed: 7,1999,1999.1,Unnamed: 10
ASSETS,ASSETS,ASSETS,ASSETS,ASSETS,ASSETS,ASSETS,ASSETS,ASSETS,ASSETS,
Current assets,Current assets,Current assets,Current assets,,,,,,,
,Cash and cash equivalents,Cash and cash equivalents,Cash and cash equivalents,,$,503592,,$,780590,
,"Trade accounts receivable (net of allowance for doubtful accounts of $27,248 and $35,260)","Trade accounts receivable (net of allowance for doubtful accounts of $27,248 and $35,260)","Trade accounts receivable (net of allowance for doubtful accounts of $27,248 and $35,260)",,,1966907,,,1583099,
,"Inventories (net of allowance for obsolescence of $38,458 and $183,946)","Inventories (net of allowance for obsolescence of $38,458 and $183,946)","Inventories (net of allowance for obsolescence of $38,458 and $183,946)",,,,,,,
,,Raw materials,Raw materials,,,523227,,,413326,
,,Work in process,Work in process,,,157425,,,61818,
,,Finished goods,Finished goods,,,445826,,,430054,
,,,,,,,,,,
,,,Total inventories,,,1126479,,,905198,
,Other current assets,Other current assets,Other current assets,,,55629,,,76873,
,,,,,,,,,,
,,,Total current assets,,,3652606,,,3345760,
"Property, plant, and equipmentnet","Property, plant, and equipmentnet","Property, plant, and equipmentnet","Property, plant, and equipmentnet",,,534376,,,382806,
,,,,,,,,,,
TOTAL,TOTAL,TOTAL,TOTAL,,$,4186982,,$,3728566,
,,,,,,,,,,
LIABILITIES AND STOCKHOLDERS' EQUITY,LIABILITIES AND STOCKHOLDERS' EQUITY,LIABILITIES AND STOCKHOLDERS' EQUITY,LIABILITIES AND STOCKHOLDERS' EQUITY,LIABILITIES AND STOCKHOLDERS' EQUITY,LIABILITIES AND STOCKHOLDERS' EQUITY,LIABILITIES AND STOCKHOLDERS' EQUITY,LIABILITIES AND STOCKHOLDERS' EQUITY,LIABILITIES AND STOCKHOLDERS' EQUITY,LIABILITIES AND STOCKHOLDERS' EQUITY,
Current liabilities,Current liabilities,Current liabilities,Current liabilities,,,,,,,
,Accounts payabletrade,Accounts payabletrade,Accounts payabletrade,,$,536393,,$,420313,
,Accrued compensation and benefits,Accrued compensation and benefits,Accrued compensation and benefits,,,703029,,,562682,
,Accrued warranty expense,Accrued warranty expense,Accrued warranty expense,,,57911,,,52483,
,Other accrued expenses,Other accrued expenses,Other accrued expenses,,,130881,,,64830,
,Note payablecurrent portion,Note payablecurrent portion,Note payablecurrent portion,,,31779,,,29384,
,,,,,,,,,,
,,,Total current liabilities,,,1459993,,,1129692,
Note payablelong-term portion,Note payablelong-term portion,Note payablelong-term portion,Note payablelong-term portion,,,5529,,,37311,
Commitments,Commitments,Commitments,Commitments,,,,,,,
Stockholders' equity,Stockholders' equity,Stockholders' equity,Stockholders' equity,,,,,,,
,"Convertible preferred stockno par value, authorized 6,000,000 shares; 905,364 and 1,072,641 shares issued and outstanding in 2000 and 1999, respectively ($1,810,728 and $2,145,282 liquidation preference; or $2 per share)","Convertible preferred stockno par value, authorized 6,000,000 shares; 905,364 and 1,072,641 shares issued and outstanding in 2000 and 1999, respectively ($1,810,728 and $2,145,282 liquidation preference; or $2 per share)","Convertible preferred stockno par value, authorized 6,000,000 shares; 905,364 and 1,072,641 shares issued and outstanding in 2000 and 1999, respectively ($1,810,728 and $2,145,282 liquidation preference; or $2 per share)",,,1722596,,,2057149,
,"Common stockno par value; authorized 20,000,000 shares; 6,294,323 and 6,009,796 shares issued and outstanding in 2000 and 1999","Common stockno par value; authorized 20,000,000 shares; 6,294,323 and 6,009,796 shares issued and outstanding in 2000 and 1999","Common stockno par value; authorized 20,000,000 shares; 6,294,323 and 6,009,796 shares issued and outstanding in 2000 and 1999",,,3583885,,,3208685,
,Accumulated deficit,Accumulated deficit,Accumulated deficit,,,"(2,585,021",),,"(2,704,271",)
,,,,,,,,,,
,,,Total stockholders' equity,,,2721460,,,2561563,
,,,,,,,,,,
TOTAL,TOTAL,TOTAL,TOTAL,,$,4186982,,$,3728566,
,,,,,,,,,,
