Unnamed: 0_level_0,Unnamed: 1_level_0,Unnamed: 2_level_0,Unnamed: 3_level_0,"March 31,","March 31,","March 31,","March 31,","March 31,",Unnamed: 9_level_0
Unnamed: 0_level_1,Unnamed: 1_level_1,Unnamed: 2_level_1,Unnamed: 3_level_1,2000,2000.1,Unnamed: 6_level_1,1999,1999.1,Unnamed: 9_level_1
ASSETS,ASSETS,ASSETS,ASSETS,ASSETS,ASSETS,ASSETS,ASSETS,ASSETS,
Current assets:,Current assets:,Current assets:,,,,,,,
,Cash and cash equivalents,Cash and cash equivalents,,$,6883524,,$,1274311,
,"Accounts receivable, net of allowance for doubtful accounts of $20,000 and $64,000","Accounts receivable, net of allowance for doubtful accounts of $20,000 and $64,000",,,126634,,,305064,
,Stock subscription receivable,Stock subscription receivable,,,,,,2400000,
,Inventories,Inventories,,,833416,,,1251186,
,Other current assets,Other current assets,,,64806,,,53599,
,Current assets of discontinued operations (Note 3),Current assets of discontinued operations (Note 3),,,,,,597000,
,,,,,,,,,
,,Total current assets,,,7908380,,,5881160,
"Property and equipment, at cost:","Property and equipment, at cost:","Property and equipment, at cost:",,,,,,,
,Machinery and equipment,Machinery and equipment,,,2320197,,,2235733,
,Production molds,Production molds,,,2060977,,,2051697,
,Furniture and fixtures,Furniture and fixtures,,,175210,,,170436,
,Leasehold improvements,Leasehold improvements,,,94115,,,94115,
,,,,,,,,,
,,,,,4650499,,,4551981,
,Lessaccumulated depreciation,Lessaccumulated depreciation,,,"(3,307,367",),,"(2,615,536",)
,,,,,,,,,
,,,,,1343132,,,1936445,
Other assets,Other assets,Other assets,,,562795,,,535092,
Non-current assets of discontinued operations,Non-current assets of discontinued operations,Non-current assets of discontinued operations,,,,,,238583,
,,,,,,,,,
,,Total assets,,$,9814307,,$,8591280,
,,,,,,,,,
LIABILITIES AND SHAREHOLDERS' EQUITY,LIABILITIES AND SHAREHOLDERS' EQUITY,LIABILITIES AND SHAREHOLDERS' EQUITY,LIABILITIES AND SHAREHOLDERS' EQUITY,LIABILITIES AND SHAREHOLDERS' EQUITY,LIABILITIES AND SHAREHOLDERS' EQUITY,LIABILITIES AND SHAREHOLDERS' EQUITY,LIABILITIES AND SHAREHOLDERS' EQUITY,LIABILITIES AND SHAREHOLDERS' EQUITY,
Current liabilities:,Current liabilities:,Current liabilities:,,,,,,,
,Accounts payable,Accounts payable,,$,194605,,$,190676,
,Accrued payroll,Accrued payroll,,,309160,,,135445,
,Other accrued liabilities,Other accrued liabilities,,,377166,,,554388,
,Deferred revenue,Deferred revenue,,,96727,,,,
,Current liabilities of discontinued operations (Note 3),Current liabilities of discontinued operations (Note 3),,,,,,1962906,
,,,,,,,,,
,,Total current liabilities,,,977658,,,2843415,
,,,,,,,,,
Commitments (Note 6),Commitments (Note 6),Commitments (Note 6),,,,,,,
Shareholders' equity:,Shareholders' equity:,Shareholders' equity:,,,,,,,
,"Preferred stock, no par value, 10,000,000 shares authorized; issued and outstanding:","Preferred stock, no par value, 10,000,000 shares authorized; issued and outstanding:",,,,,,,
,"Series A Convertible692,694 shares, $15 stated value","Series A Convertible692,694 shares, $15 stated value",,,12305533,,,9163025,
,"Series B Convertiblenone and 134,333 shares, $15 stated value","Series B Convertiblenone and 134,333 shares, $15 stated value",,,,,,1566762,
,"Series C Convertible391,830 shares, no stated value","Series C Convertible391,830 shares, no stated value",,,2400000,,,2400000,
,"Common stock, no par, 100,000,000 shares authorized; issued and outstanding 6,305,671 and 5,802,247 shares","Common stock, no par, 100,000,000 shares authorized; issued and outstanding 6,305,671 and 5,802,247 shares",,,55188623,,,50594111,
,Accumulated deficit,Accumulated deficit,,,"(61,057,507",),,"(57,976,033",)
,,,,,,,,,
,,Total shareholders' equity,,,8836649,,,5747865,
,,,,,,,,,
,,Total liabilities and shareholders' equity,,$,9814307,,$,8591280,
,,,,,,,,,
