0,1,2,3,4,5,6,7,8,9,10,11,12,13
,,,,,,,,,,,,,
,,,,,,,,,,,,,
,,,"Year Ended December 31,","Year Ended December 31,","Year Ended December 31,","Year Ended December 31,","Year Ended December 31,","Year Ended December 31,","Year Ended December 31,","Year Ended December 31,","Year Ended December 31,","Year Ended December 31,","Year Ended December 31,"
,,,,,,,,,,,,,
,,,1999,1999,1999,,1998,1998,1998,,1997,1997,1997
,,,,,,,,,,,,,
Group Systems,Group Systems,,$,184909,,,$,265954,,,$,321835,
,,,,,,,,,,,,,
,,,,,,,,,,,,,
,,,,,,,,,,,,,
,,,,,,,,,,,,,
Desktop/Personal Systems,Desktop/Personal Systems,,,19460,,,,29859,,,,41057,
,,,,,,,,,,,,,
,,,,,,,,,,,,,
,,,,,,,,,,,,,
,,,,,,,,,,,,,
Network Server Systems,Network Server Systems,,,28164,,,,27674,,,$,30020,
,,,,,,,,,,,,,
,Total Videoconferencing Products,,$,232533,,,$,323487,,,$,392912,
,,,,,,,,,,,,,
