0,1,2
,2000,1999
LIABILITIES,,
Accounts payable and accrued expenses,"$6,343,595","$ 4,388,270"
Notes payable,6452420,0
Mortgages payable,265056767,175071069
Investment certificates issued,10087256,11770136
Total Liabilities,"$ 287,940,038","$ 191,229,475"
,,
MINORITY INTEREST OF UNIT HOLDERS IN OPERATING PARTNERSHIP,"$35,117,670","$14,480,542"
,,
SHAREHOLDER'S EQUITY,,
"Shares of beneficial interest (unlimited authorization, no par value, 22,452,069 shares outstanding in 2000 and 19,066,954 shares outstanding in 1999)","$119,233,172","$93,095,819"
Accumulated distributions in excess of net income,-9094076,-7255958
Accumulated other comprehensive income/loss,-218505,-56567
Total shareholders' equity,"$109,920,591","$85,783,294"
TOTAL LIABILITIES AND SHAREHOLDERS' EQUITY,"$432,978,299","$ 291,493,311"
