0,1,2,3,4,5,6,7,8,9,10,11,12,13,14,15,16
,,,,,,,,,,,,,,,,
,,,,,,,,,,,,,,,,
,,,,,,1999 Activity,1999 Activity,1999 Activity,1999 Activity,1999 Activity,1999 Activity,1999 Activity,,Accrued,Accrued,Accrued
,,Total,Total,Total,,,,,,,,,,Liability at,Liability at,Liability at
,,Estimated,Estimated,Estimated,,Cash,Cash,Cash,,Asset,Asset,Asset,,"May 31,","May 31,","May 31,"
,,Costs,Costs,Costs,,Expenditures,Expenditures,Expenditures,,Write-downs,Write-downs,Write-downs,,1999,1999,1999
,,,,,,,,,,,,,,,,
Direct merger costs,,$,6900,,,,3300,,,,,,,,3600,
,,,,,,,,,,,,,,,,
,,,,,,,,,,,,,,,,
,,,,,,,,,,,,,,,,
,,,,,,,,,,,,,,,,
Lease termination costs,,,16900,,,,,,,,2300,,,,14600,
,,,,,,,,,,,,,,,,
,,,,,,,,,,,,,,,,
,,,,,,,,,,,,,,,,
,,,,,,,,,,,,,,,,
Demonstration equipment,,,4200,,,,,,,,4200,,,,,
,,,,,,,,,,,,,,,,
,,,,,,,,,,,,,,,,
,,,,,,,,,,,,,,,,
,,,,,,,,,,,,,,,,
Discontinued product lines,,,19400,,,,,,,,19300,,,,100,
,,,,,,,,,,,,,,,,
,,,,,,,,,,,,,,,,
,,,,,,,,,,,,,,,,
,,,,,,,,,,,,,,,,
Severance costs,,,4700,,,,500,,,,,,,,4200,
,,,,,,,,,,,,,,,,
,,,,,,,,,,,,,,,,
,,,,,,,,,,,,,,,,
,,,,,,,,,,,,,,,,
Other costs,,,1800,,,,300,,,,1000,,,,500,
,,,,,,,,,,,,,,,,
,,$,53900,,,,4100,,,,26800,,,,23000,
,,,,,,,,,,,,,,,,
