Unnamed: 0_level_0,Unnamed: 1_level_0,Unnamed: 2_level_0,Unnamed: 3_level_0,Unnamed: 4_level_0,Unnamed: 5_level_0,"Years Ended April 30,","Years Ended April 30,","Years Ended April 30,","Years Ended April 30,","Years Ended April 30,","Years Ended April 30,","Years Ended April 30,","Years Ended April 30,",Unnamed: 14_level_0
Unnamed: 0_level_1,Unnamed: 1_level_1,Unnamed: 2_level_1,Unnamed: 3_level_1,Unnamed: 4_level_1,Unnamed: 5_level_1,2000,2000.1,Unnamed: 8_level_1,1999,1999.1,Unnamed: 11_level_1,1998,1998.1,Unnamed: 14_level_1
OPERATING ACTIVITIES,OPERATING ACTIVITIES,OPERATING ACTIVITIES,OPERATING ACTIVITIES,OPERATING ACTIVITIES,,,,,,,,,,
,Net income (loss),Net income (loss),Net income (loss),Net income (loss),,$,"(68,949",),$,5890,,$,3855,
,Adjustments to reconcile net income (loss) to net cash provided by operating activities:,Adjustments to reconcile net income (loss) to net cash provided by operating activities:,Adjustments to reconcile net income (loss) to net cash provided by operating activities:,Adjustments to reconcile net income (loss) to net cash provided by operating activities:,,,,,,,,,,
,,Restructuring charges,Restructuring charges,Restructuring charges,,,1969,,,1522,,,14667,
,,Restructuring costs paid,Restructuring costs paid,Restructuring costs paid,,,"(2,029",),,"(4,469",),,,
,,Depreciation and amortization,Depreciation and amortization,Depreciation and amortization,,,22609,,,20514,,,21115,
,,Writedown of goodwill,Writedown of goodwill,Writedown of goodwill,,,32244,,,,,,,
,,Deferred income taxes,Deferred income taxes,Deferred income taxes,,,"(16,822",),,2871,,,1944,
,,"Changes in operating items, net of acquisition effects:","Changes in operating items, net of acquisition effects:","Changes in operating items, net of acquisition effects:",,,,,,,,,,
,,,Accounts receivable,Accounts receivable,,,23238,,,1851,,,"(18,803",)
,,,Inventories,Inventories,,,4023,,,"(6,672",),,"(2,397",)
,,,Costs and estimated earnings in excess of billings,Costs and estimated earnings in excess of billings,,,9076,,,"(5,272",),,"(7,584",)
,,,"Prepaid expenses, deposits and other","Prepaid expenses, deposits and other",,,"(1,454",),,"(4,338",),,498,
,,,Accounts payable,Accounts payable,,,4094,,,3808,,,(745,)
,,,Deferred revenue,Deferred revenue,,,(245,),,612,,,1291,
,,,Accrued liabilities,Accrued liabilities,,,2257,,,"(10,705",),,"(5,823",)
,,,Income taxes payable/receivable,Income taxes payable/receivable,,,1104,,,1330,,,"(6,136",)
,,,Billings in excess of costs and estimated earnings,Billings in excess of costs and estimated earnings,,,6739,,,(515,),,3665,
,,,,,,,,,,,,,,
,,,,Net cash provided by operating activities,,,17854,,,6427,,,5547,
,,,,,,,,,,,,,,
INVESTING ACTIVITIES,INVESTING ACTIVITIES,INVESTING ACTIVITIES,INVESTING ACTIVITIES,INVESTING ACTIVITIES,,,,,,,,,,
,"Additions to property and equipment, net","Additions to property and equipment, net","Additions to property and equipment, net","Additions to property and equipment, net",,,"(11,011",),,"(26,760",),,"(19,873",)
,"Cash paid for acquisitions, net of cash acquired","Cash paid for acquisitions, net of cash acquired","Cash paid for acquisitions, net of cash acquired","Cash paid for acquisitions, net of cash acquired",,,,,,,,,"(20,450",)
,Investment in lease contracts,Investment in lease contracts,Investment in lease contracts,Investment in lease contracts,,,"(32,462",),,"(35,569",),,"(28,049",)
,Collections from lease contracts,Collections from lease contracts,Collections from lease contracts,Collections from lease contracts,,,27707,,,26234,,,23589,
,"Other, net","Other, net","Other, net","Other, net",,,(25,),,"(2,423",),,(124,)
,,,,,,,,,,,,,,
,,,,Net cash used for investing activities,,,"(15,791",),,"(38,518",),,"(44,907",)
,,,,,,,,,,,,,,
FINANCING ACTIVITIES,FINANCING ACTIVITIES,FINANCING ACTIVITIES,FINANCING ACTIVITIES,FINANCING ACTIVITIES,,,,,,,,,,
,Repayment of debt assumed in acquisition,Repayment of debt assumed in acquisition,Repayment of debt assumed in acquisition,Repayment of debt assumed in acquisition,,,,,,"(1,267",),,"(2,013",)
,Borrowings on long-term debt,Borrowings on long-term debt,Borrowings on long-term debt,Borrowings on long-term debt,,,252860,,,282380,,,290181,
,Repayments of long-term debt,Repayments of long-term debt,Repayments of long-term debt,Repayments of long-term debt,,,"(248,453",),,"(273,479",),,"(253,102",)
,Borrowings on discounted lease rentals,Borrowings on discounted lease rentals,Borrowings on discounted lease rentals,Borrowings on discounted lease rentals,,,12190,,,36773,,,13472,
,Repayments of discounted lease rentals,Repayments of discounted lease rentals,Repayments of discounted lease rentals,Repayments of discounted lease rentals,,,"(21,492",),,"(18,249",),,"(15,717",)
,Proceeds from sale of common stock,Proceeds from sale of common stock,Proceeds from sale of common stock,Proceeds from sale of common stock,,,1986,,,4936,,,3253,
,,,,,,,,,,,,,,
,,,,Net cash (used for) provided by financing activities,,,"(2,909",),,31094,,,36074,
,,,,,,,,,,,,,,
EFFECT OF EXCHANGE RATE CHANGES ON CASH,EFFECT OF EXCHANGE RATE CHANGES ON CASH,EFFECT OF EXCHANGE RATE CHANGES ON CASH,EFFECT OF EXCHANGE RATE CHANGES ON CASH,EFFECT OF EXCHANGE RATE CHANGES ON CASH,,,8,,,(5,),,8,
,,,,,,,,,,,,,,
NET DECREASE IN CASH,NET DECREASE IN CASH,NET DECREASE IN CASH,NET DECREASE IN CASH,NET DECREASE IN CASH,,,(838,),,"(1,002",),,"(3,278",)
"CASH, BEGINNING OF YEAR","CASH, BEGINNING OF YEAR","CASH, BEGINNING OF YEAR","CASH, BEGINNING OF YEAR","CASH, BEGINNING OF YEAR",,,867,,,1869,,,5147,
,,,,,,,,,,,,,,
"CASH, END OF YEAR","CASH, END OF YEAR","CASH, END OF YEAR","CASH, END OF YEAR","CASH, END OF YEAR",,$,29,,$,867,,$,1869,
,,,,,,,,,,,,,,
