Exhibit Number,Unnamed: 1,Description,Unnamed: 3,Unnamed: 4,Unnamed: 5
10.15,,"First Amendment, dated September 30, 1998, to Share Retention, Non-Competition and Put Option Agreement dated April 27, 1998 among DVI, Inc., Nederlandse Financierings-Maatschappij voor Ontwikkelinglarden N.V., MSF Holding Ltd., Medical Systems Finance S.A., Estolur S.A., Healthcare Systems Finance S.A. and Sistemas Financieros S.A. (13)",,,
,,,,,
10.16,,"Amended and Restated Investment Agreement dated April 27, 1998 (amended and restated September 30, 1998) among DVI, Inc., Nederlandse Financierings-Maatschappij voor Ontwikkelinglarden N.V., MSF Holding Ltd., Medical Systems Finance S.A., Estolur S.A., Healthcare Systems Finance S.A., and Sistemas Financieros S.A. (14)",,,
,,,,,
10.17,,"Amended and Restated Investment Agreement dated April 27, 1998 (amended and restated September 30, 1998) among International Finance Corporation, MSF Holding Ltd., Medical Systems Finance S.A., Estolur S.A., Healthcare Systems Finance S.A. and Sistemas Financieros S.A. (15)",,,
,,,,,
10.18,,"Guaranty Agreement dated as of April 27, 1998 by DVI, Inc. in favor of Cadilur S.A. and Natuler S.A. (11)",,,
,,,,,
10.19,,"Limited Partnership Interest Purchase Agreement dated as of June 30, 1998 by and among Cargill Leasing Corporation, Third Coast SPC-I, L.L.C., Third Coast GP-I and DVI Financial Services Inc. (11)",,,
,,,,,
10.2,,1996 Incentive Stock Option Plan. (15),,,
,,,,,
10.21,,"DVI, Inc. Change-of-Control Agreement, dated December 31, 1999, entered into between the Company and Steven R. Garfinkel, the Companys Executive Vice President and Chief Financial Officer. Richard E. Miller and Anthony J. Turek, both Executive Vice Presidents of the Company, each signed identical agreements with the Company as of the same date. (16)",,,
,,,,,
10.22,,"DVI, Inc. Severance Pay Plan (16)",,,
,,,,,
10.23,,Independent Auditors' Consent,,,
,,,,,
21.0,,Subsidiaries of the Registrant. (1),,,
,,,,,
24.0,,Power of Attorney. (4),,,
,,,,,
,,,,,
1.0,,Filed herewith.,,,
,,,,,
2.0,,"Filed previously as an Exhibit to the Companys Form 10-Q for the quarter ended March 31, 1997 and by this reference incorporated herein.",,,
,,,,,
3.0,,Filed as an Exhibit to the Companys Registration Statement on Form S-3 (Registration No. 33- 84604) and by this reference incorporated herein.,,,
,,,,,
4.0,,"Filed previously as an Exhibit to the Companys Current Report on Form 8-K dated January 27, 1997 and by this reference incorporated herein.",,,
,,,,,
5.0,,"Filed previously as an Exhibit to the Companys Current Report on Form 8-K dated December 23, 1998 and by this reference incorporated herein.",,,
,,,,,
6.0,,Filed previously as an Exhibit to the Companys Registration Statement on Form S-18 (Registration No. 33-8758) and by this reference incorporated herein.,,,
,,,,,
7.0,,"Filed previously as an Exhibit to the Companys Form 10-K (File No. 0-16271) for the year ended June 30, 1990 and by this reference incorporated herein.",,,
,,,,,
8.0,,"Filed previously as an Appendix to the Companys Consent Statement dated as of December 29, 1994 and by this reference incorporated herein.",,,
