0,1,2,3,4,5,6,7,8,9,10
,,,,,,,,,,
,,,,,,Year First,Year First,Year First,,
,,,,,,Elected a,Elected a,Elected a,,Principal Occupations During Last Five Years; Other
Name,,Age,Age,Age,,Director,Director,Director,,Current Public Company Directorships and Activities
,,,,,,,,,,
Frederic Salerno,,,57,,,,1993,,,"Vice Chairman and CFO, Verizon Communications (formerly Bell 	Atlantic prior to merger with GTE) since July 2000 and from 	August 1997  July 2000, Senior Executive Vice 	President & CFO/ Strategy & Business 	Development and a Director of Verizon; previously Director and 	Vice Chairman of the Board of NYNEX Corporation, a 	telecommunications company (from March 1991 to July 1997); also a  Director of Bear Stearns & Co., Inc., Viacom, Inc., The  Hartford, Cable & Wireless Communications, and Keyspan 	Energy."
,,,,,,,,,,
,,,,,,,,,,
,,,,,,,,,,
,,,,,,,,,,
,,,,,,,,,,
Gary L. Tooker,,,61,,,,2000,,,"Senior Advisor, Morgan Stanley Dean Witter Private Equity since 	June 1999; prior thereto, Chairman of Motorola, Inc. (1997-1999);  Former Vice Chairman and Chief Executive Officer of Motorola, 	Inc. (1994-1996); and Director of Axcelis Technology and Eaton 	Corporation."
,,,,,,,,,,
,,,,,,,,,,
,,,,,,,,,,
,,,,,,,,,,
,,,,,,,,,,
Frederick S. Wood,,,72,,,,1992,,,"Consultant to General Dynamics Corporation, a supplier to the 	United States Defense Department and the aerospace industry."
,,,,,,,,,,
,,,,,,,,,,
,,,,,,,,,,
,,,,,,,,,,
,,,,,,,,,,
Roy Vallee,,,48,,,,1991,,,"Chairman of the Board and Chief Executive Officer of Avnet since 	June 1998; prior thereto, Vice Chairman of the Board (November 	1992 to June 1998) and President and Chief Operating Officer of 	Avnet (March 1992 to June 1998); and Director of Teradyne, Inc."
