0,1,2,3,4,5,6,7,8,9,10,11,12,13,14,15
,,,,,,,,,,,,,,,
,,,,,2000,2000,2000,,1999,1999,1999,,1998,1998,1998
,,,,,,,,,,,,,,,
,,,,,,,,,,,,,,,
,,,,,"(in thousands, except per share data)","(in thousands, except per share data)","(in thousands, except per share data)","(in thousands, except per share data)","(in thousands, except per share data)","(in thousands, except per share data)","(in thousands, except per share data)","(in thousands, except per share data)","(in thousands, except per share data)","(in thousands, except per share data)","(in thousands, except per share data)"
,,,,,,,,,,,,,,,
,,,,,,,,,,,,,,,
,,,,,,,,,,,,,,,
,,,,,,,,,,,,,,,
Net sales,Net sales,Net sales,Net sales,,$,274048,,,,216425,,,,374268,
,,,,,,,,,,,,,,,
,,,,,,,,,,,,,,,
,,,,,,,,,,,,,,,
,,,,,,,,,,,,,,,
Cost of sales,Cost of sales,Cost of sales,Cost of sales,,,184527,,,,194989,,,,231332,
,,,,,,,,,,,,,,,
,,,Gross margin,,,89521,,,,21436,,,,142936,
,,,,,,,,,,,,,,,
Operating expenses:,Operating expenses:,Operating expenses:,Operating expenses:,,,,,,,,,,,,
,,,,,,,,,,,,,,,
,,,,,,,,,,,,,,,
,,,,,,,,,,,,,,,
,,,,,,,,,,,,,,,
,"Research, development, and engineering","Research, development, and engineering","Research, development, and engineering",,,53714,,,,61817,,,,67182,
,,,,,,,,,,,,,,,
,,,,,,,,,,,,,,,
,,,,,,,,,,,,,,,
,,,,,,,,,,,,,,,
,"Selling, general, and administrative","Selling, general, and administrative","Selling, general, and administrative",,,52356,,,,68237,,,,72916,
,,,,,,,,,,,,,,,
,,,,,,,,,,,,,,,
,,,,,,,,,,,,,,,
,,,,,,,,,,,,,,,
,"Merger, integration, and restructuring","Merger, integration, and restructuring","Merger, integration, and restructuring",,,,,,,40300,,,,,
,,,,,,,,,,,,,,,
,,,Total operating expenses,,,106070,,,,170354,,,,140098,
,,,,,,,,,,,,,,,
,,,Operating income (loss),,,"(16,549",),,,"(148,918",),,,2838,
,,,,,,,,,,,,,,,
,,,,,,,,,,,,,,,
,,,,,,,,,,,,,,,
,,,,,,,,,,,,,,,
Other income (expense),Other income (expense),Other income (expense),Other income (expense),,,5649,,,,4297,,,,3510,
,,,,,,,,,,,,,,,
,,,Income (loss) before income taxes,,,"(10,900",),,,"(144,621",),,,6348,
,,,,,,,,,,,,,,,
,,,,,,,,,,,,,,,
,,,,,,,,,,,,,,,
,,,,,,,,,,,,,,,
Income tax expense (benefit),Income tax expense (benefit),Income tax expense (benefit),Income tax expense (benefit),,,,,,,"(3,930",),,,29584,
,,,,,,,,,,,,,,,
,,,Loss,,,"(10,900",),,,"(140,691",),,,"(23,236",)
,,,,,,,,,,,,,,,
,,,,,,,,,,,,,,,
,,,,,,,,,,,,,,,
,,,,,,,,,,,,,,,
Equity in net earnings (loss) of affiliates,Equity in net earnings (loss) of affiliates,Equity in net earnings (loss) of affiliates,Equity in net earnings (loss) of affiliates,,,"(3,278",),,,916,,,,4418,
,,,,,,,,,,,,,,,
,,,Loss from continuing operations,,,"(14,178",),,,"(139,775",),,,"(18,818",)
,,,,,,,,,,,,,,,
"Discontinued operations  loss on disposal of IPEC 	Clean, net of taxes","Discontinued operations  loss on disposal of IPEC 	Clean, net of taxes","Discontinued operations  loss on disposal of IPEC 	Clean, net of taxes","Discontinued operations  loss on disposal of IPEC 	Clean, net of taxes",,,,,,,,,,,"(10,578",)
,,,,,,,,,,,,,,,
,,,Net loss,,,"(14,178",),,,"(139,775",),,,"(29,396",)
,,,,,,,,,,,,,,,
,,,,,,,,,,,,,,,
,,,,,,,,,,,,,,,
,,,,,,,,,,,,,,,
Cumulative dividend on preferred stock,Cumulative dividend on preferred stock,Cumulative dividend on preferred stock,Cumulative dividend on preferred stock,,,,,,,(174,),,,(244,)
,,,,,,,,,,,,,,,
,,,Net loss attributable to common stockholders,,$,"(14,178",),,,"(139,949",),,,"(29,640",)
,,,,,,,,,,,,,,,
Net loss per common share:,Net loss per common share:,Net loss per common share:,Net loss per common share:,,,,,,,,,,,,
,,,,,,,,,,,,,,,
,,,,,,,,,,,,,,,
,,,,,,,,,,,,,,,
,,,,,,,,,,,,,,,
,Basic and diluted:,Basic and diluted:,Basic and diluted:,,,,,,,,,,,,
,,,,,,,,,,,,,,,
,,,,,,,,,,,,,,,
,,,,,,,,,,,,,,,
,,,,,,,,,,,,,,,
,,From continuing operations,From continuing operations,,$,(0.48,),,,(4.84,),,,(0.69,)
,,,,,,,,,,,,,,,
,,,,,,,,,,,,,,,
,,,,,,,,,,,,,,,
,,,,,,,,,,,,,,,
,,From discontinued operations,From discontinued operations,,,,,,,,,,,(0.39,)
,,,,,,,,,,,,,,,
,,,,,,,,,,,,,,,
,,,,,,,,,,,,,,,
,,,,,,,,,,,,,,,
,,Net loss attributable to common stockholders,Net loss attributable to common stockholders,,,(0.48,),,,(4.84,),,,(1.08,)
,,,,,,,,,,,,,,,
Weighted average shares used in per share calculation:,Weighted average shares used in per share calculation:,Weighted average shares used in per share calculation:,Weighted average shares used in per share calculation:,,,,,,,,,,,,
,,,,,,,,,,,,,,,
,,,,,,,,,,,,,,,
,,,,,,,,,,,,,,,
,,,,,,,,,,,,,,,
,Basic and diluted,Basic and diluted,Basic and diluted,,,29503,,,,28890,,,,27469,
,,,,,,,,,,,,,,,
