0,1
,Page
Letter to Stockholders,1
Business of the Company and the Bank,2
Common Stock,2
"Selected Consolidated Financial Condition,Operating and Other Data",3-4
Management's Discussion and Analysis of Financial Condition  and Results of Operations,5-15
Independent Auditors' Report,16
,
,
,
,
"Consolidated Statements of Financial Condition as of June 30, 2000 and 1999",17
"Consolidated Statements of Income for the years ended June 30, 2000, 1999 and 1998",18
"Consolidated Statements of Stockholders' Equityfor the years ended June 30,  2000, 1999 and 1998",19
"Consolidated Statements of Cash Flows for the years ended June 30, 2000,  1999 and 1998",20-21
,
,
,
Notes to Consolidated Financial Statements,22-42
,
,
,
Directors and Officers,43
Corporate Information,44
