Unnamed: 0_level_0,Unnamed: 1_level_0,Unnamed: 2_level_0,Unnamed: 3_level_0,June 30,June 30,June 30,June 30,June 30
Unnamed: 0_level_1,Unnamed: 1_level_1,Unnamed: 2_level_1,Unnamed: 3_level_1,2000,2000,Unnamed: 6_level_1,1999,1999
Unnamed: 0_level_2,Unnamed: 1_level_2,Unnamed: 2_level_2,Unnamed: 3_level_2,In Thousands,In Thousands.1,In Thousands,In Thousands,In Thousands.1
Current assets,Current assets,Current assets,,,,,,
,Cash and equivalents (Note 2),Cash and equivalents (Note 2),,$,1563.0,,$,3618.0
,Trade receivables (Notes 3 and 5),Trade receivables (Notes 3 and 5),,,4607.0,,,2835.0
,Inventories (Notes 4 and 5),Inventories (Notes 4 and 5),,,2933.0,,,1871.0
,Prepaid expenses,Prepaid expenses,,,103.0,,,101.0
,Deferred income taxes (Note 6),Deferred income taxes (Note 6),,,207.0,,,282.0
,,,,,,,,
Total current assets,Total current assets,Total current assets,,,9413.0,,,8707.0
"Property, plant and equipment","Property, plant and equipment","Property, plant and equipment",,,,,,
,Land,Land,,,128.0,,,128.0
,Building,Building,,,1518.0,,,1510.0
,Machinery and equipment,Machinery and equipment,,,2561.0,,,2342.0
,Office furniture and equipment,Office furniture and equipment,,,1656.0,,,1637.0
,,,,,,,,
,,,,,5863.0,,,5617.0
Less accumulated depreciation,Less accumulated depreciation,Less accumulated depreciation,,,4449.0,,,4058.0
,,,,,,,,
,"Net property, plant and equipment","Net property, plant and equipment",,,1414.0,,,1559.0
Other assets,Other assets,Other assets,,,,,,
,"Costs in excess of net assets of businesses acquired, net of amortization","Costs in excess of net assets of businesses acquired, net of amortization",,,28.0,,,45.0
,Investments,Investments,,,3.0,,,3.0
,,,,,,,,
Total other assets,Total other assets,Total other assets,,,31.0,,,48.0
,,,,,,,,
Total assets,Total assets,Total assets,,$,10858.0,,$,10314.0
,,,,,,,,
Current liabilities,Current liabilities,Current liabilities,,,,,,
,Trade payables,Trade payables,,,1364.0,,,1495.0
,Accrued expenses,Accrued expenses,,,,,,
,,"Salaries, wages, and other compensation",,,664.0,,,626.0
,,Product warranties,,,231.0,,,231.0
,,Other accrued liabilities,,,242.0,,,128.0
,Income taxes payable,Income taxes payable,,,111.0,,,399.0
,,,,,,,,
Total current liabilities,Total current liabilities,Total current liabilities,,,2612.0,,,2879.0
Deferred income taxes (Note 6),Deferred income taxes (Note 6),Deferred income taxes (Note 6),,,61.0,,,59.0
Stockholders' equity (Note 7),Stockholders' equity (Note 7),Stockholders' equity (Note 7),,,,,,
,"Preferred stock, par value $25; Authorized: 120,000 shares; issued and outstanding: none","Preferred stock, par value $25; Authorized: 120,000 shares; issued and outstanding: none",,,,,,
,"Common stock, par value $.10 per share; Authorized: 5,000,000 shares; issued and outstanding: 1,479,948 shares (2000), 1,471,279 shares (1999)","Common stock, par value $.10 per share; Authorized: 5,000,000 shares; issued and outstanding: 1,479,948 shares (2000), 1,471,279 shares (1999)",,,148.0,,,147.0
Additional paid-in capital,Additional paid-in capital,Additional paid-in capital,,,1316.0,,,1285.0
Retained earnings,Retained earnings,Retained earnings,,,6721.0,,,5944.0
,,,,,,,,
Total stockholders' equity,Total stockholders' equity,Total stockholders' equity,,,8185.0,,,7376.0
,,,,,,,,
Total liabilities and equity,Total liabilities and equity,Total liabilities and equity,,$,10858.0,,$,10314.0
,,,,,,,,
