Unnamed: 0,Unnamed: 1,Unnamed: 2,Unnamed: 3,2000,2000.1,Unnamed: 6,1999,1999.1,Unnamed: 9
Deferred tax assets,Deferred tax assets,Deferred tax assets,,,,,,,
,Net operating loss carryforward,Net operating loss carryforward,,$,9768000,,$,9572000,
,Tax credit carryforward,Tax credit carryforward,,,428000,,,428000,
,Inventories,Inventories,,,2071000,,,883000,
,Other,Other,,,250000,,,289000,
,,,,,,,,,
,Total deferred tax assets,Total deferred tax assets,,,12517000,,,11172000,
Deferred tax liabilities,Deferred tax liabilities,Deferred tax liabilities,,,,,,,
,Depreciation,Depreciation,,,"(1,059,000",),,"(1,430,000",)
,Customer list,Customer list,,,"(164,000",),,,
,,,,,,,,,
,Total deferred tax liabilities,Total deferred tax liabilities,,,"(1,223,000",),,"(1,430,000",)
,,,,,,,,,
Net deferred tax asset before valuation allowance,Net deferred tax asset before valuation allowance,Net deferred tax asset before valuation allowance,,,11294000,,,9742000,
Valuation allowance,Valuation allowance,Valuation allowance,,,"(11,294,000",),,"(9,742,000",)
,,,,,,,,,
Net deferred tax asset,Net deferred tax asset,Net deferred tax asset,,$,,,$,,
,,,,,,,,,
