0,1,2,3,4,5,6
,"June 30,","June 30,","June 30,","June 30,","June 30,","June 30,"
,2000,2000,1999,1999,1998,1998
,Amount,Percent,Amount,Percent,Amount,Percent
,(Dollars in Thousands),(Dollars in Thousands),(Dollars in Thousands),(Dollars in Thousands),(Dollars in Thousands),(Dollars in Thousands)
Fixed-Rate Loans:,,,,,,
Real estate:,,,,,,
One- to four-family,"$19,588",22.28%,"$20,311",25.36%,"$17,202",22.53%
Commercial and multi-family,3322,3.78,2738,3.42,1550,2.03
Construction or development,3430,3.90,3559,4.44,3268,4.28
Total fixed-rate real estate loans,26340,29.96,26608,33.22,22020,28.84
Consumer,6839,7.78,5570,6.95,6135,8.04
Commercial business,914,1.04,842,1.05,796,1.04
Total fixed-rate loans,34093,38.78,33020,41.22,28951,37.92
Adjustable-Rate Loans:,,,,,,
Real estate:,,,,,,
One- to four-family(1),39048,44.41,34106,42.58,32928,43.12
Commercial and multi-family,7252,8.25,6919,8.64,8817,11.54
Construction or development(2),3209,3.65,2549,3.18,2334,3.06
Total adjustable-rate real  estate loans,49509,56.31,43574,54.40,44079,57.72
Consumer,4322,4.91,3508,4.38,3276,4.29
Commercial business,---,---,--,--,56,.07
Total adjustable-rate loans,53831,61.22,47082,58.78,47411,62.08
"Total loans receivable, gross",87924,100.00% =====,80102,100.00% =====,76362,100.00% =====
Less:,,,,,,
Loans held for sale,94,,3159,,295,
Loans in process,1492,,1390,,2308,
Deferred loan fees and discounts,446,,287,,303,
Allowance for loan losses,513,,452,,391,
Allowance for loss on loans held for  sale,---,,98,,---,
"Total loans receivable, net","$85,379 =====",,"$74,716 =====",,"$73,065 =====",
