0,1,2,3,4,5,6
,"June 30,","June 30,","June 30,","June 30,","June 30,","June 30,"
,2000,2000,1999,1999,1998,1998
,Amount of Loan Loss Allowance,% of Loans in Each Category to Total Loans,Amount of Loan Loss Allowance,% of Loans in Each Category to Total Loans,Amount of Loan Loss Allowance,% of Loans in Each Category to Total Loans
,(Dollars in Thousands),(Dollars in Thousands),(Dollars in Thousands),(Dollars in Thousands),(Dollars in Thousands),(Dollars in Thousands)
,,,,,,
One- to four-family,$171,66.69%,$154,67.93%,$ 128,65.65%
Commercial real estate,93,12.03,82,12.06,80,13.58
Construction,58,7.55,52,7.63,43,7.33
Consumer,98,12.69,77,11.33,72,12.33
Commercial business,8,1.04,7,1.05,7,1.11
Unallocated,85,---,80,---,61,---
Total,$513 ===,100.00% =====,$ 452 ===,100.00% =====,$ 391 ===,100.00% =====
