0,1,2,3,4,5,6,7,8,9,10
,,,,,,,,,,
,,,,,,,,,,
,,,,Pension Benefits,Pension Benefits,Pension Benefits,Pension Benefits,Pension Benefits,Pension Benefits,Pension Benefits
,,,,,,,,,,
,,,,2000,2000,2000,,1999,1999,1999
,,,,,,,,,,
Change in benefit obligation:,Change in benefit obligation:,Change in benefit obligation:,,,,,,,,
,,,,,,,,,,
,,,,,,,,,,
,,,,,,,,,,
,,,,,,,,,,
,Benefit obligation at beginning of period,Benefit obligation at beginning of period,,$,2084,,,,2217,
,,,,,,,,,,
,,,,,,,,,,
,,,,,,,,,,
,,,,,,,,,,
,Service cost,Service cost,,,273,,,,199,
,,,,,,,,,,
,,,,,,,,,,
,,,,,,,,,,
,,,,,,,,,,
,Interest cost,Interest cost,,,78,,,,60,
,,,,,,,,,,
,,,,,,,,,,
,,,,,,,,,,
,,,,,,,,,,
,Actuarial gains,Actuarial gains,,,(117,),,,(152,)
,,,,,,,,,,
,,,,,,,,,,
,,,,,,,,,,
,,,,,,,,,,
,Benefits paid,Benefits paid,,,(350,),,,(462,)
,,,,,,,,,,
,,,,,,,,,,
,,,,,,,,,,
,,,,,,,,,,
,Foreign currency translation,Foreign currency translation,,,201,,,,222,
,,,,,,,,,,
Benefit obligation at end of year,Benefit obligation at end of year,Benefit obligation at end of year,,$,2169,,,,2084,
,,,,,,,,,,
Change in plan assets:,Change in plan assets:,Change in plan assets:,,,,,,,,
,,,,,,,,,,
,,,,,,,,,,
,,,,,,,,,,
,,,,,,,,,,
,Fair value of plan assets at beginning of period,Fair value of plan assets at beginning of period,,$,1528,,,,1623,
,,,,,,,,,,
,,,,,,,,,,
,,,,,,,,,,
,,,,,,,,,,
,Actual return on plan assets,Actual return on plan assets,,,201,,,,(41,)
,,,,,,,,,,
,,,,,,,,,,
,,,,,,,,,,
,,,,,,,,,,
,Employer contributions,Employer contributions,,,240,,,,245,
,,,,,,,,,,
,,,,,,,,,,
,,,,,,,,,,
,,,,,,,,,,
,Benefits paid,Benefits paid,,,(350,),,,(462,)
,,,,,,,,,,
,,,,,,,,,,
,,,,,,,,,,
,,,,,,,,,,
,Foreign currency translation,Foreign currency translation,,,149,,,,163,
,,,,,,,,,,
Fair value of plan assets at end of year,Fair value of plan assets at end of year,Fair value of plan assets at end of year,,$,1768,,,,1528,
,,,,,,,,,,
Funded status,Funded status,Funded status,,$,(401,),,,(556,)
,,,,,,,,,,
,,,,,,,,,,
,,,,,,,,,,
,,,,,,,,,,
Unrecognized net transition obligation,Unrecognized net transition obligation,Unrecognized net transition obligation,,,121,,,,125,
,,,,,,,,,,
,,,,,,,,,,
,,,,,,,,,,
,,,,,,,,,,
Unrecognized net actuarial loss,Unrecognized net actuarial loss,Unrecognized net actuarial loss,,,214,,,,461,
,,,,,,,,,,
,,Net amount recognized,,$,(66,),,,30,
,,,,,,,,,,
Amounts recognized in the consolidated balance sheets consist of:,Amounts recognized in the consolidated balance sheets consist of:,Amounts recognized in the consolidated balance sheets consist of:,,,,,,,,
,,,,,,,,,,
,,,,,,,,,,
,,,,,,,,,,
,,,,,,,,,,
,Accrued benefit liability,Accrued benefit liability,,$,(66,),,,(35,)
,,,,,,,,,,
,,,,,,,,,,
,,,,,,,,,,
,,,,,,,,,,
,Intangible assets,Intangible assets,,,,,,,65,
,,,,,,,,,,
Net amount recognized,Net amount recognized,Net amount recognized,,$,(66,),,,30,
,,,,,,,,,,
Actuarial present value of accumulated benefit obligations,Actuarial present value of accumulated benefit obligations,Actuarial present value of accumulated benefit obligations,,$,1622,,,,1562,
,,,,,,,,,,
