Unnamed: 0_level_0,Unnamed: 1_level_0,Unnamed: 2_level_0,Convertible Preferred Stock,Convertible Preferred Stock,Convertible Preferred Stock,Convertible Preferred Stock,Unnamed: 7_level_0,Unnamed: 8_level_0,Unnamed: 9_level_0,Unnamed: 10_level_0,Unnamed: 11_level_0,Unnamed: 12_level_0,Unnamed: 13_level_0,Unnamed: 14_level_0,Unnamed: 15_level_0,Unnamed: 16_level_0,Unnamed: 17_level_0
Unnamed: 0_level_1,Unnamed: 1_level_1,Unnamed: 2_level_1,Convertible Preferred Stock,Convertible Preferred Stock,Convertible Preferred Stock,Convertible Preferred Stock,Unnamed: 7_level_1,Common Stock,Common Stock,Common Stock,Common Stock,Unnamed: 12_level_1,Unnamed: 13_level_1,Unnamed: 14_level_1,Unnamed: 15_level_1,Unnamed: 16_level_1,Unnamed: 17_level_1
Unnamed: 0_level_2,Unnamed: 1_level_2,Unnamed: 2_level_2,Convertible Preferred Stock,Convertible Preferred Stock,Convertible Preferred Stock,Convertible Preferred Stock,Unnamed: 7_level_2,Common Stock,Common Stock,Common Stock,Common Stock,Unnamed: 12_level_2,Accumulated Deficit,Accumulated Deficit,Unnamed: 15_level_2,Unnamed: 16_level_2,Unnamed: 17_level_2
Unnamed: 0_level_3,Unnamed: 1_level_3,Unnamed: 2_level_3,Shares,Unnamed: 4_level_3,Amount,Amount.1,Unnamed: 7_level_3,Shares,Unnamed: 9_level_3,Amount,Amount,Unnamed: 12_level_3,Accumulated Deficit,Accumulated Deficit,Unnamed: 15_level_3,Total,Total
"Balance July 1, 1998","Balance July 1, 1998",,1075641,,$,2063150,,5606796.0,,$,2998685.0,,$,"(3,145,986",),$,1915849.0
Issuance of common stock under employee stock option plan,Issuance of common stock under employee stock option plan,,,,,,,400000.0,,,204000.0,,,,,,204000.0
Conversion of preferred stock into common stock,Conversion of preferred stock into common stock,,"(3,000",),,"(6,000",),3000.0,,,6000.0,,,,,,
Net income,Net income,,,,,,,,,,,,,441714,,,441714.0
,,,,,,,,,,,,,,,,,
"Balance June 30, 1999","Balance June 30, 1999",,1072641,,,2057150,,6009796.0,,,3208685.0,,,"(2,704,272",),,2561563.0
Issuance of common stock under employee stock option plan,Issuance of common stock under employee stock option plan,,,,,,,117250.0,,,40646.0,,,,,,40646.0
Conversion of preferred stock into common stock,Conversion of preferred stock into common stock,,"(167,277",),,"(334,554",),167277.0,,,334554.0,,,,,,
Net income,Net income,,,,,,,,,,,,,119251,,,119251.0
,,,,,,,,,,,,,,,,,
"Balance June 30, 2000","Balance June 30, 2000",,905364,,$,1722596,,6294323.0,,$,3583885.0,,$,"(2,585,021",),$,2721460.0
,,,,,,,,,,,,,,,,,
