0,1,2,3,4
,,,,PAGE
PART I,,,,3
,ITEM 1.,,DESCRIPTION OF BUSINESS,3
,ITEM 2.,,DESCRIPTION OF PROPERTY,5
,ITEM 3.,,LEGAL PROCEEDINGS,5
,ITEM 4.,,SUBMISSION OF MATTERS TO A VOTE OF SECURITY HOLDERS,5
PART II,,,,5
,ITEM 5.,,MARKET FOR COMMON EQUITY AND RELATED STOCKHOLDER MATTERS,5
,ITEM 6.,,MANAGEMENT'S DISCUSSION AND ANALYSIS OR PLAN OF OPERATION,6
,ITEM 7.,,FINANCIAL STATEMENTS,7
,ITEM 8.,,CHANGES IN AND DISAGREEMENTS WITH ACCOUNTANTS ON ACCOUNTING AND FINANCIAL DISCLOSURE,8
PART III,,,,8
,ITEM 9.,,"DIRECTORS, EXECUTIVE OFFICERS, PROMOTERS AND CONTROL PERSONS",8
,ITEM 10.,,EXECUTIVE COMPENSATION,8
,ITEM 11.,,SECURITY OWNERSHIP OF CERTAIN BENEFICIAL OWNERS AND MANAGEMENT,9
,ITEM 12.,,CERTAIN RELATIONSHIPS AND RELATED TRANSACTIONS,10
,ITEM 13.,,EXHIBITS AND REPORTS ON FORM 8-K,11
SIGNATURES,SIGNATURES,,,13
