0,1,2,3,4,5,6,7,8,9,10,11,12,13,14,15,16,17,18,19,20,21
,,,,,,,,,,,,,,,,,,,,,
,,,,,,,,,,,,,,,Long-Term,Long-Term,Long-Term,,,,
,,,,,,,,,,,,,,,Compensation,Compensation,Compensation,,,,
,,,,,,,,,,,,,,,Awards,Awards,Awards,,,,
,,,,,,,,,,,,,,,,,,,,,
,,,,,,,Annual Compensation,Annual Compensation,Annual Compensation,Annual Compensation,Annual Compensation,Annual Compensation,Annual Compensation,,Securities,Securities,Securities,,,,
,,,Fiscal Year,Fiscal Year,Fiscal Year,,,,,,,,,,Underlying,Underlying,Underlying,,All Other,All Other,All Other
Name and Principal Position,Name and Principal Position,,Ended June 30,Ended June 30,Ended June 30,,Salary,Salary,Salary,,Bonus,Bonus,Bonus,,Options,Options,Options,,Compensation,Compensation,Compensation
,,,,,,,,,,,,,,,,,,,,,
Dennis L. Sellke(1),Dennis L. Sellke(1),,,2000,,,$,132308,,,$,12000,,,,,,,$,170723,(2)
,Chief Executive Officer,,,1999,,,,38154,,,,,,,,100000,,,,,
,,,,1998,,,,,,,,,,,,,,,,,
,,,,,,,,,,,,,,,,,,,,,
,,,,,,,,,,,,,,,,,,,,,
,,,,,,,,,,,,,,,,,,,,,
,,,,,,,,,,,,,,,,,,,,,
Greg H. Guettler(3),Greg H. Guettler(3),,,2000,,,,140400,,,,13868,,,,25428,,,,,
,President,,,1999,,,,132423,,,,25200,,,,5000,,,,,
,,,,1998,,,,105000,,,,,,,,150000,,,,,
,,,,,,,,,,,,,,,,,,,,,
,,,,,,,,,,,,,,,,,,,,,
,,,,,,,,,,,,,,,,,,,,,
,,,,,,,,,,,,,,,,,,,,,
"Charles F. Chesney, D.V.M.,","Charles F. Chesney, D.V.M.,",,,2000,,,,136827,,,,14929,,,,25428,,,,,
,"Executive Vice President, Secretary",,,1999,,,,111646,,,,20160,,,,5000,,,,,
,and Chief Technology Officer,,,1998,,,,97026,,,,,,,,75000,,,,,
,,,,,,,,,,,,,,,,,,,,,
,,,,,,,,,,,,,,,,,,,,,
,,,,,,,,,,,,,,,,,,,,,
,,,,,,,,,,,,,,,,,,,,,
James S. Murphy,James S. Murphy,,,2000,,,,127839,,,,12300,,,,23124,,,,,
,"Senior Vice President, Finance and Administration and",,,1999,,,,107905,,,,20020,,,,5000,,,,,
,Chief Financial Officer,,,1998,,,,76800,,,,,,,,53100,,,,,
