0,1,2,3
(in millions),2000,1999,1998
,,,
OPERATIONS,,,
Net income,$ 53.3,$ 37.1,$ 84.0
Adjustments to reconcile  net income to net  cash provided from operations:,Adjustments to reconcile  net income to net  cash provided from operations:,Adjustments to reconcile  net income to net  cash provided from operations:,Adjustments to reconcile  net income to net  cash provided from operations:
Depreciation,53.1,51.8,46.8
Amortization  of intangible assets,15.2,13.9,11.4
Deferred  income taxes,15.0,(6.2),14.6
"Pension  and postretirement costs, net",(38.1),(30.1),(21.9)
Net  (gain) loss on asset disposals,(5.2),1.5,5.0
Special  charge,-,14.2,-
"Changes  in working capital and other,  net of acquisitions:","Changes  in working capital and other,  net of acquisitions:",,
Receivables,(34.5),28.7,5.5
Inventories,(16.7),18.9,(17.2)
Accounts  payable,35.9,(23.2),(12.0)
Accrued  current liabilities,(11.7),(18.9),(7.8)
"Other,  net",(3.9),(0.3),-
Net  cash provided from operations,62.4,87.4,108.4
INVESTING ACTIVITIES,,,
"Purchases of plant,  equipment and software",(105.0),(153.1),(99.5)
Proceeds from disposals  of plant  and equipment,13.4,0.5,1.1
"Acquisitions of  businesses, net of cash  received",(7.0),(23.1),(177.8)
Proceeds from net assets  held for sale,-,121.4,20.7
Proceeds from sale of  interest in joint  venture,-,-,5.3
Net  cash used for investing activities,(98.6),(54.3),(250.2)
FINANCING ACTIVITIES,,,
Net change in short-term  debt,78.5,20.2,39.3
Proceeds from issuance  of long-term debt,7.6,-,198.0
Payments on long-term  debt,(15.5),(36.6),(182.8)
Dividends paid,(30.8),(30.7),(28.5)
Payments to acquire  treasury stock,-,(35.0),-
Proceeds from issuance  of common stock,0.4,2.1,149.6
Net  cash provided from (used for)  financing activities,40.2,(80.0),175.6
INCREASE (DECREASE)  IN CASH AND CASH  EQUIVALENTS,4.0,(46.9),33.8
Cash and cash  equivalents at beginning  of year,5.5,52.4,18.6
Cash and cash  equivalents at end of year,$ 9.5,$ 5.5,$ 52.4
