Unnamed: 0,Unnamed: 1,Unnamed: 2,Unnamed: 3,Unnamed: 4,Page
PART I,,,,,
,Item 1.,,Business,,1.0
,,,Summary,,1.0
,,,Industry Overview,,1.0
,,,The Norstan Solution,,2.0
,,,Norstan's Business Strategy,,3.0
,,,Norstan's Growth Strategy,,4.0
,,,Products and Services,,5.0
,,,Customers,,6.0
,,,Strategic Alliances,,7.0
,,,Sales and Marketing,,7.0
,,,Customer Service,,8.0
,,,Locations,,8.0
,,,Employees,,9.0
,,,Competition,,9.0
,,,Intellectual Property Rights,,9.0
,,,Government Regulation,,9.0
,,,Backlog,,10.0
,Item 2.,,Properties,,10.0
,Item 3.,,Legal Proceedings,,10.0
,Item 4.,,Submission of Matters to a Vote of Security Holders,,10.0
PART II,,,,,
,Item 5.,,Market for the Company's Common Equity and Related Shareholder Matters,,11.0
,Item 6.,,Selected Consolidated Financial Data,,11.0
,Item 7.,,Management's Discussion and Analysis of Financial Condition and Results of Operations,,13.0
,Item 7A.,,Quantitative and Qualitative Disclosure About Market Risk,,20.0
,Item 8.,,Financial Statements and Supplementary Data,,21.0
,Item 9.,,Changes in and Disagreements with Accountants on Accounting and Financial Disclosure,,43.0
PART III,,,,,
,Item 10.,,Directors and Executive Officers of the Registrant,,43.0
,Item 11.,,Executive Compensation,,43.0
,Item 12.,,Security Ownership of Certain Beneficial Owners and Management,,43.0
,Item 13.,,Certain Relationships and Related Transactions,,43.0
PART IV,,,,,
,Item 14.,,"Exhibits, Financial Statement Schedules and Reports on Form 8-K",,43.0
SIGNATURES,,,,,44.0
