Unnamed: 0_level_0,Unnamed: 1_level_0,Unnamed: 2_level_0,Unnamed: 3_level_0,"Years ended June 30,","Years ended June 30,","Years ended June 30,","Years ended June 30,","Years ended June 30,","Years ended June 30,","Years ended June 30,","Years ended June 30,",Unnamed: 12_level_0
Unnamed: 0_level_1,Unnamed: 1_level_1,Unnamed: 2_level_1,Unnamed: 3_level_1,2000,2000.1,Unnamed: 6_level_1,1999,1999.1,Unnamed: 9_level_1,1998,1998.1,Unnamed: 12_level_1
Net sales,Net sales,Net sales,,,,,,,,,,
,Hyaluronan products,Hyaluronan products,,$,12765000,,$,8190000.0,,$,9720000,
,Oral restorative products,Oral restorative products,,,20058000,,,19131000.0,,,15850000,
,,,,,,,,,,,,
,,,,$,32823000,,$,27321000.0,,$,25570000,
,,,,,,,,,,,,
Income (loss) from operations,Income (loss) from operations,Income (loss) from operations,,,,,,,,,,
,Hyaluronan products,Hyaluronan products,,$,"(1,446,000",),$,212000.0,,$,"(918,000",)
,Oral restorative products,Oral restorative products,,,684000,,,2086000.0,,,373000,
,,,,,,,,,,,,
,,,,$,"(762,000",),$,2298000.0,,$,"(545,000",)
,,,,,,,,,,,,
Capital expenditures,Capital expenditures,Capital expenditures,,,,,,,,,,
,Hyaluronan products,Hyaluronan products,,$,668000,,$,1373000.0,,$,15070000,
,Oral restorative products,Oral restorative products,,,333000,,,237000.0,,,277000,
,,,,,,,,,,,,
,,,,$,1001000,,$,1610000.0,,$,15347000,
,,,,,,,,,,,,
Depreciation and amortization expense,Depreciation and amortization expense,Depreciation and amortization expense,,,,,,,,,,
,Hyaluronan products,Hyaluronan products,,$,2100000,,$,2281000.0,,$,1343000,
,Oral restorative products,Oral restorative products,,,1201000,,,823000.0,,,670000,
,,,,,,,,,,,,
,,,,$,3301000,,$,3104000.0,,$,2013000,
,,,,,,,,,,,,
