0,1,2
,,
,,"industry demand for capital equipment, which depends on economic 	conditions in the semiconductor, memory disk and silicon wafer 	markets"
,,
,,timing of new product introductions
,,
,,ability to develop and implement new technologies
,,
,,"timing, cancellation or delay of customer orders and shipments. 	The Company continues to derive a significant portion of revenue 	from the sale of a relatively small number of machines during a 	given quarter. Order and delivery delays and cancellations, even 	of one or two systems, may cause the Company to miss quarterly 	revenue and profit expectations."
,,
,,unexpected costs associated with sales and service of the CMP 	tools and processes
,,
,,"quarterly operating results of the Companys joint ventures,  which are accounted for on the equity method"
,,
,,foreign currency exchange rates
