0,1,2,3,4
,,,,
Exhibit,Exhibit,Exhibit,,
Number,Number,Number,,Description
,,,,
,*10.18,,,"Amendment to Distributorship Agreement between the Registrant and  Fujimi Incorporated, dated August 3, 1995 (incorporated by 	reference to Exhibit 10.8 to the Registrants 	Registration Statement on Form S-1, File No. 33-95628)."
,*10.19,,,"1991 Employee Incentive Stock Option Plan as amended and restated  July 27, 1995 and as further amended as of May 22, 	restated July 27, 1995 and as further amended as of 	May 22, 1997 (incorporated by reference to 	Exhibit 10.10 to the Registrants Form 10-K for 	fiscal 1997, File No. 0-26784)."
,*10.20,,,"1995 Stock Plan for Employees and Director of SpeedFam 	International, Inc. as amended as of May 22, 1997 	(incorporated by reference to Exhibit 10.11 to the 	Registrants Form 10-K for fiscal 1997, File 	No. 0-26784)."
,*10.21,,,"Registrants 1995 Stock Purchase Plan (incorporated by 	reference to Exhibit 10.11 to the Registrants 	Registration Statement on Form S-1, File No. 33-95628)."
,*10.22,,,"SpeedFam Employees Savings and Profit Sharing Plan and 	Trust, as amended and restated June 1, 1989 (incorporated by  reference to Exhibit 10.12 to the Registrants 	Registration Statement on Form S-1, File No. 33-95628)."
,*10.23,,,"Lease Agreement, dated March 8, 1996 relating to IPEC 	Precisions Facility in Bethel, Connecticut. (Incorporated 	by reference to Exhibit 10.9 to IPECs Annual Report on  Form 10-K for the year ended June 30, 1996 (File 	No. 0-20470) (1996 Form 10-K))."
,*10.24,,,"Lease Agreement between Seldin Properties and IPEC, dated 	December 26, 1996. (Incorporated by reference to 	Exhibit 10.1 to IPECs Quarterly Report on 	Form 10-Q filed on February 14, 1997 for the quarter 	ended December 31, 1996)."
,*10.25,,,"Specimen of 6 1/4% Convertible Subordinated Note due 2004 	issued by IPEC on September 17, 1997 in the amount of 	$115,000,000. (Incorporated by reference to Exhibit 10.4 to 	IPECs September 30, 1997 Form 10-Q)."
,*10.26,,,Amendment to the IPEC 1992 Stock Option Plan.
,*10.27,,,"IPEC 1992 Stock Option Plan (as amended December 12, 1995). 	Incorporated by reference to Exhibit 10.1 to IPECs 	Quarterly Report on Form 10-Q for the quarter ended 	December 31, 1995 (File No. 0-20470)."
,*10.28,,,"Second Amendment to the 1995 Stock Plan for Employees and 	Directors of SpeedFam International, Inc."
,*10.29,,,"First Amendment to the 1995 Stock Plan for Employees and 	Directors of SpeedFam International, Inc. (filed as Exhibit 4.1 to the Companys Form S-8 (Registration No. 333-67847)."
,*10.30,,,"1995 Stock Plan for Employees and Directors of SpeedFam 	International, Inc. as amended as of May 22, 1997 (filed as 	Exhibit 10.11 to the Companys Form 10-K for 	fiscal year 1997 (File No. 0-26784))."
,*10.31,,,"Stock Purchase Agreement, dated November 23, 1999, between 	the Company and Fujimi Incorporated."
,*10.32,,,"Confidentiality Agreement, dated November 23, 1999, between 	the Company and Fujimi Incorporated."
,*10.33,,,"No-Hire Agreement, dated November 23, 1999, between the 	Company and Fujimi Incorporated."
,*10.34,,,"No-Hire Agreement, dated November 23, 1999, between the 	Company and Fujimi Incorporated."
,*10.35,,,"Escrow Agreement, dated November 23, 1999, between the 	Company and Fujimi Incorporated."
,10.36,,,Employment Agreement between the Registrant and Giovanni Nocerio.
,21.1,,,"Subsidiaries of the Registrant (incorporated by reference to 	Exhibit 21.1 to Registrants Registration Statement on Form 	S-1, File No. 33-95628)."
,23.1,,,Consent of KPMG LLP.
,*24.1,,,Power of Attorney.
,27.1,,,Financial Data Schedule
,*99,,,Audit Committee of the Board of Directors Charter
