0,1,2,3,4,5,6,7,8,9,10
,,,,,,,,,,
Name,,Age,Age,Age,,Year Elected an Executive Officer,Year Elected an Executive Officer,Year Elected an Executive Officer,,Position with the Company
,,,,,,,,,,
James E. Christenson,,,53,,,,1989,,,"Senior Vice President, Legal Services, and Secretary"
,,,,,,,,,,
,,,,,,,,,,
,,,,,,,,,,
,,,,,,,,,,
Robert Frey,,,57,,,,1996,,,"Executive Vice President, President, International"
,,,,,,,,,,
,,,,,,,,,,
,,,,,,,,,,
,,,,,,,,,,
David M. Knibbe,,,45,,,,1997,,,"Executive Vice President, Sales and Distribution"
,,,,,,,,,,
,,,,,,,,,,
,,,,,,,,,,
,,,,,,,,,,
Gary S. Miller,,,50,,,,1984,,,"Executive Vice President, Product Research and Development"
,,,,,,,,,,
,,,,,,,,,,
,,,,,,,,,,
,,,,,,,,,,
Gene Miyamoto,,,45,,,,1996,,,Chief of Staff
,,,,,,,,,,
,,,,,,,,,,
,,,,,,,,,,
,,,,,,,,,,
Elizabeth A. Nickels,,,38,,,,2000,,,"Executive Vice President, Chief Financial Officer"
,,,,,,,,,,
,,,,,,,,,,
,,,,,,,,,,
,,,,,,,,,,
Christopher A. Norman,,,52,,,,1996,,,"Executive Vice President, Order Fulfillment and Information Technology"
,,,,,,,,,,
,,,,,,,,,,
,,,,,,,,,,
,,,,,,,,,,
Gary VanSpronsen,,,44,,,,1998,,,"Executive Vice President, Offer Development and Marketing"
,,,,,,,,,,
,,,,,,,,,,
,,,,,,,,,,
,,,,,,,,,,
Michael A. Volkema,,,44,,,,1995,,,President and Chief Executive Officer
,,,,,,,,,,
,,,,,,,,,,
,,,,,,,,,,
,,,,,,,,,,
Brian C. Walker,,,38,,,,1996,,,"President, Herman Miller North America"
