0,1,2,3,4,5
,"Year Ending June 30,","Year Ending June 30,","Year Ending June 30,","Year Ending June 30,","Year Ending June 30,"
,(In thousands),(In thousands),(In thousands),(In thousands),(In thousands)
OPERATING DATA:,2000,1999,1998,1997,1996
Interest income,"$12,290","$11,414","$11,444","$11,408","$11,010"
Interest expense,6919,6247,6212,6318,6308
Net interest income,5371,5167,5232,5090,4702
Provision for loan losses,215,235,783,241,60
Net interest income after  provision for loan losses,5156,4932,4449,4849,4642
Noninterest income,568,1255,797,618,639
Noninterest expense,3714,3682,3660,3972,3161
Income before income taxes,2010,2505,1586,1495,2120
Income tax expense,690,860,522,440,653
Net income,"1,320 =========","$ 1,645 =========","$ 1,064 =========","$ 1,055 =========","$ 1,467 ========="
Basic earnings per common share,$ 1.03,1.23,.69,.68,.89
Diluted earnings per common  share,1.02,1.20,.67,.67,.87
Dividends per share,.50,.50,.50,.50,.50
