0,1,2,3,4,5,6,7,8,9,10,11
,,,,,,,,,,,
,,,,,,,,,,,
,,,,,"June 30,","June 30,","June 30,","June 30,","June 30,","June 30,","June 30,"
,,,,,,,,,,,
,,,,,2000,2000,2000,,1999,1999,1999
,,,,,,,,,,,
Liabilities,Liabilities,Liabilities,Liabilities,,,,,,,,
,,,,,,,,,,,
,,,,,,,,,,,
,,,,,,,,,,,
,,,,,,,,,,,
,Current liabilities:,Current liabilities:,Current liabilities:,,,,,,,,
,,,,,,,,,,,
,,,,,,,,,,,
,,,,,,,,,,,
,,,,,,,,,,,
,,Accounts payable,Accounts payable,,$,10554984,,,$,9346244,
,,,,,,,,,,,
,,,,,,,,,,,
,,,,,,,,,,,
,,,,,,,,,,,
,,Short-term contract obligation,Short-term contract obligation,,,22000000,,,,22000000,
,,,,,,,,,,,
,,,,,,,,,,,
,,,,,,,,,,,
,,,,,,,,,,,
,,Income taxes payable,Income taxes payable,,,,,,,10659944,
,,,,,,,,,,,
,,,,,,,,,,,
,,,,,,,,,,,
,,,,,,,,,,,
,,Other current liabilities,Other current liabilities,,,6431617,,,,14973736,
,,,,,,,,,,,
,,,Total current liabilities,,,38986601,,,,56979924,
,,,,,,,,,,,
,,,,,,,,,,,
,,,,,,,,,,,
,,,,,,,,,,,
,Long-term liabilities:,Long-term liabilities:,Long-term liabilities:,,,,,,,,
,,,,,,,,,,,
,,,,,,,,,,,
,,,,,,,,,,,
,,,,,,,,,,,
,,Other non-current liabilities,Other non-current liabilities,,,,,,,130278,
,,,,,,,,,,,
,,,,,,,,,,,
,,,,,,,,,,,
,,,,,,,,,,,
,,Long-term contract obligation,Long-term contract obligation,,,14913603,,,,34716456,
,,,,,,,,,,,
,,,,,,,,,,,
,,,,,,,,,,,
,,,,,,,,,,,
,,Deferred tax liability,Deferred tax liability,,,4000102,,,,1935272,
,,,,,,,,,,,
,,,,,,,,,,,
,,,,,,,,,,,
,,,,,,,,,,,
Commitments and Contingencies,Commitments and Contingencies,Commitments and Contingencies,Commitments and Contingencies,,,,,,,,
,,,,,,,,,,,
,,,,,,,,,,,
,,,,,,,,,,,
,,,,,,,,,,,
Stockholders Equity,Stockholders Equity,Stockholders Equity,Stockholders Equity,,,,,,,,
,,,,,,,,,,,
,,,,,,,,,,,
,,,,,,,,,,,
,,,,,,,,,,,
"Preferred Stock, $0.01 par value; shares authorized: 5,000,000; 	no shares issued","Preferred Stock, $0.01 par value; shares authorized: 5,000,000; 	no shares issued","Preferred Stock, $0.01 par value; shares authorized: 5,000,000; 	no shares issued","Preferred Stock, $0.01 par value; shares authorized: 5,000,000; 	no shares issued",,,,,,,,
,,,,,,,,,,,
,,,,,,,,,,,
,,,,,,,,,,,
,,,,,,,,,,,
"Class A Common Stock, $0.014 par value; shares authorized: 	50,000,000; issued and outstanding: 29,069,085 and 28,239,269 at 	June 30, 2000 and 1999, respectively","Class A Common Stock, $0.014 par value; shares authorized: 	50,000,000; issued and outstanding: 29,069,085 and 28,239,269 at 	June 30, 2000 and 1999, respectively","Class A Common Stock, $0.014 par value; shares authorized: 	50,000,000; issued and outstanding: 29,069,085 and 28,239,269 at 	June 30, 2000 and 1999, respectively","Class A Common Stock, $0.014 par value; shares authorized: 	50,000,000; issued and outstanding: 29,069,085 and 28,239,269 at 	June 30, 2000 and 1999, respectively",,,406967,,,,395350,
,,,,,,,,,,,
,,,,,,,,,,,
,,,,,,,,,,,
,,,,,,,,,,,
"Class B Common Stock, $0.014 par value; shares authorized: 	1,000,000; issued and outstanding: 422,962 at June 30, 2000 	and 1999.","Class B Common Stock, $0.014 par value; shares authorized: 	1,000,000; issued and outstanding: 422,962 at June 30, 2000 	and 1999.","Class B Common Stock, $0.014 par value; shares authorized: 	1,000,000; issued and outstanding: 422,962 at June 30, 2000 	and 1999.","Class B Common Stock, $0.014 par value; shares authorized: 	1,000,000; issued and outstanding: 422,962 at June 30, 2000 	and 1999.",,,5921,,,,5921,
,,,,,,,,,,,
,,,,,,,,,,,
,,,,,,,,,,,
,,,,,,,,,,,
Additional paid-in capital,Additional paid-in capital,Additional paid-in capital,Additional paid-in capital,,,372067685,,,,352155845,
,,,,,,,,,,,
,,,,,,,,,,,
,,,,,,,,,,,
,,,,,,,,,,,
Accumulated other comprehensive income (loss),Accumulated other comprehensive income (loss),Accumulated other comprehensive income (loss),Accumulated other comprehensive income (loss),,,479410,,,,"(293,784",)
,,,,,,,,,,,
,,,,,,,,,,,
,,,,,,,,,,,
,,,,,,,,,,,
Accumulated earnings,Accumulated earnings,Accumulated earnings,Accumulated earnings,,,64479266,,,,21485084,
,,,,,,,,,,,
,,,Total stockholders equity,,,437439249,,,,373748416,
,,,,,,,,,,,
,,,,,$,495339555,,,$,467510346,
,,,,,,,,,,,
