0,1,2
ASSETS,ASSETS,ASSETS
,"March 31,","March 31,"
,1994,1993
INVESTMENTS IN OPERATING LIMITED PARTNERSHIPS,"$10,215,953","$13,997,472"
,,
OTHER ASSETS,,
Cash,1606981,719777
Lockbox and other restricted deposits,1306925,1920780
Receivable from sale of auction interests,-0-,35000
Organization costs,39917,61859
Other,47240,12925
,"$13,217,016","$16,747,813"
,,
LIABILITIES AND PARTNERS CAPITAL,LIABILITIES AND PARTNERS CAPITAL,LIABILITIES AND PARTNERS CAPITAL
,"March 31,","March 31,"
,1994,1993
Accounts payable and accrued expenses,"$ 206,880","$ 802,518"
Contributions payable to operating partnerships,2690700,6931352
Notes payable to secured lenders,1577000,4195600
,4474580,11929470
Partners' capital (deficit),,
Limited partners,15417612,20262930
General partner,61,78
Subscriptions receivable,"(6,675,237)","(15,444,665)"
,8742436,4818343
,"$13,217,016","$16,747,813"
