0,1,2,3
,2000,1999,1998
-----------------------------------------------------------------------------------------------------------------------------------------------------------------------------------------------,-----------------------------------------------------------------------------------------------------------------------------------------------------------------------------------------------,-----------------------------------------------------------------------------------------------------------------------------------------------------------------------------------------------,-----------------------------------------------------------------------------------------------------------------------------------------------------------------------------------------------
Cash Flows from Operating Activities,,,
Net loss,"$(1,170,942)","$(681,306)","$(2,218,642)"
Adjustments to reconcile net loss to net cash provided by (used in) operating activities:,,,
Depreciation and amortization Provision for doubtful accounts Provision for inventory obsolescence (Gain) loss on sale/disposal of assets,"1,111,828 244,326 375,000 (126,988)","1,082,757 130,000 40,000 (346,094)","967,475 213,938 200,000 3,663"
Change in operating assets and liabilities:,,,
Accounts receivable Income taxes receivable Inventories Prepaid expenses Other assets Deferred tax asset Accounts payable and accrued expenses Bank overdraft Deferred tax liability Customer deposits Income taxes payable,"1,367,070 - - 267,317 46,536 95,269 568,000 (552,444) - - - - (280,858) (26,371) - -------------------","1,094,082 786,463 343,020 (55,971) 234,642 (305,000) (699,192) (431,380) - - (201,889) 49,298 - -------------------","(1,692,618) (731,463) (20,956) 22,269 208,485 (263,000) 1,537,629 431,380 (11,060) (897,336) (318,930) - -------------------"
Net cash provided by (used in) operating activities,"1,917,743 - -------------------","1,039,430 - -------------------","(2,569,166) - -------------------"
Cash Flows from Investing Activities,,,
"Proceeds received on sale of property and equipment Purchase of patent Purchase of property and equipment, net","249,069 (245,920) (163,413) - --------------------","714,599 - - (947,071) - --------------------","7,350 - - (2,834,003) - --------------------"
Net cash used in investing activities,"(160,264) - --------------------","(232,472) - -------------------","(2,826,653) - -------------------"
Cash Flows from Financing Activities,,,
Proceeds from short-term borrowings Proceeds from long-term borrowings Principal payments on short-term borrowings Principal payments on long-term borrowings Payments for acquisition of treasury stock Proceeds from the exercise of stock options,"- - - (326,601) (15,225) - - -------------------","- 500,000 (850,000) (225,284) (9,500) 86,249 - -------------------","850,000 1,800,000 - (62,747) - 403,290 - -------------------"
Net cash provided by (used in) financing activities,"(341,826) - -------------------","(498,535) - -------------------","2,990,543 - -------------------"
Net increase (decrease) in cash and cash equivalents,1415653,308423,"(2,405,276)"
"Cash and cash equivalents, beginning of year","656,299 - -------------------","347,876 - -------------------","2,753,152 - -------------------"
"Cash and cash equivalents, end of year","$2,071,952 ===========","$656,299 ===========","$347,876 ==========="
Supplemental cash flows information:,,,
Operating activities include cash payments for interest and income taxes  as follows:,,,
Interest paid Income taxes paid,"$241,020 $45,411","$222,486 $208,472","$127,597 $299,117"
Investing and financing activities exclude the following non-cash activity:,,,
Reduction of note and interest receivable in exchange for common stock placed into treasury Acquisition of capitalized lease equipment through lease arrangement,$ - $ -,"$164,005 $790,000",$ - $ -
