Unnamed: 0,Unnamed: 1,Unnamed: 2,"April 30, 2000","April 30, 2000.1",Unnamed: 5,"December 31, 1999","December 31, 1999.1",Unnamed: 8,"December 31, 1998","December 31, 1998.1"
"Real estate mortgage at U.S. Treasury rate plus 2.5 percent (7.97 percent at April 30, 2000) adjusted every 5 years, payable in monthly payments of $8,373, including interest, with a balloon payment of $695,954 due on August 15, 2008, collateralized by real estate","Real estate mortgage at U.S. Treasury rate plus 2.5 percent (7.97 percent at April 30, 2000) adjusted every 5 years, payable in monthly payments of $8,373, including interest, with a balloon payment of $695,954 due on August 15, 2008, collateralized by real estate",,$,953060,,$,960680,,$,980920
"Bank term note at prime rate (9.0 percent at April 30, 2000), payable in monthly amount of $9,096, including interest through January 20, 2004, collateralized by equipment","Bank term note at prime rate (9.0 percent at April 30, 2000), payable in monthly amount of $9,096, including interest through January 20, 2004, collateralized by equipment",,,355312,,,380730,,,
"Bank term note at 8.98 percent, payable in 59 payments of $8,555, including interest, through September 5, 2001, collateralized by accounts receivable, inventory and equipment","Bank term note at 8.98 percent, payable in 59 payments of $8,555, including interest, through September 5, 2001, collateralized by accounts receivable, inventory and equipment",,,,,,,,,257055
"Bank term note at 8.42 percent, payable in monthly amounts of $5,836, including interest, through April 5, 2003, collateralized by equipment","Bank term note at 8.42 percent, payable in monthly amounts of $5,836, including interest, through April 5, 2003, collateralized by equipment",,,,,,,,,253920
"Bank term note at 7.92 percent, payable in monthly amounts of $6,375, including interest, through April 5, 2003, collateralized by equipment","Bank term note at 7.92 percent, payable in monthly amounts of $6,375, including interest, through April 5, 2003, collateralized by equipment",,,,,,,,,280261
"Bank term note at 8.58 percent, payable in monthly amounts of $505 including interest through December 5, 2000, collateralized by equipment","Bank term note at 8.58 percent, payable in monthly amounts of $505 including interest through December 5, 2000, collateralized by equipment",,,,,,,,,11089
"Other loans payable in a monthly amount of $542 through December 13, 2000, collateralized by equipment","Other loans payable in a monthly amount of $542 through December 13, 2000, collateralized by equipment",,,4254,,,9317,,,25324
,,,,,,,,,,
,,,,1312626,,,1350727,,,1808569
Lesscurrent portion,Lesscurrent portion,,,114386,,,113866,,,235113
,,,,,,,,,,
,,,$,1198240,,$,1236861,,$,1573456
,,,,,,,,,,
