0,1,2,3,4,5,6,7,8,9,10
,Real Estate,Real Estate,Real Estate,Real Estate,,,,,,
,Mortgage(1),Mortgage(1),Construction or Development,Construction or Development,Consumer,Consumer,Commercial Business,Commercial Business,Total,Total
,Amount,Weighted Average Rate,Amount,Weighted Average Rate,Amount,Weighted Average Rat e,Amount,Weighted Average Rate,Amount,Weighted Average Rat e
,(Dollars in Thousands),(Dollars in Thousands),(Dollars in Thousands),(Dollars in Thousands),(Dollars in Thousands),(Dollars in Thousands),(Dollars in Thousands),(Dollars in Thousands),(Dollars in Thousands),(Dollars in Thousands)
"Due During Years Ending June 30,",,,,,,,,,,
2001(2),$ 456,9.25%,"$1,957",9.62%,"$1,554",9.53%,$110,9.58%,"$ 4,077",9.54%
2002 to 2005,1468,8.39,134,8.48,3514,9.38,529,9.09,5645,9.07
2006 and following,67286,7.70,4548,8.48,6093,10.07,275,8.90,78202,7.93
