0,1,2,3
,"June 30, 2000",,"July 2, 1999"
Deferred income tax assets:,,,
Allowance for doubtful accounts,$ (730),,$ (908)
Inventories,3329,,4496
Accrued expenses,5845,,11539
Net operating losses and credit carryovers,6462,,4684
State and local taxes,54,,374
,,,
Total deferred income tax assets,14960,,20185
Less: Valuation allowance,(882),,(402)
Net deferred income tax assets,14078,,19783
,,,
Deferred income tax liabilities:,,,
Depreciation and amortization and other,6172,,11108
Net deferred income taxes,"$ 7,906",,"$ 8,675"
