0,1,2,3,4,5,6,7,8,9,10,11,12
,,"For the Fiscal Year Ended April 30, 1999","For the Fiscal Year Ended April 30, 1999","For the Fiscal Year Ended April 30, 1999","For the Fiscal Year Ended April 30, 1999","For the Fiscal Year Ended April 30, 1999","For the Fiscal Year Ended April 30, 1999","For the Fiscal Year Ended April 30, 1999","For the Fiscal Year Ended April 30, 1999","For the Fiscal Year Ended April 30, 1999","For the Fiscal Year Ended April 30, 1999",
,,Information Software Systems and Services,,Property Mass Appraisal Services,Property Mass Appraisal Services,,Corporate Overhead(1),Corporate Overhead(1),,Total Combined Company(2),Total Combined Company(2),
,,,,,,,,,,,,
Revenues,,"$ 21,417",,,"$ 16,132",,$,--,,$,37549,
,,,,,,,,,,,,
Unallocated amounts,,--,,,--,,,"(3,732",),,"(3,732",)
,,,,,,,,,,,,
Amortization and  depreciation expense,,"(1,598",),,(313,),,(185,),,"(2,096",)
,,,,,,,,,,,,
EBITDA,,4313,,,2819,,,"(3,784",),,3348,
,,,,,,,,,,,,
Capital expenditures,,526,,,96,,,--,,,622,
,,,,,,,,,,,,
Segment assets,,17612,,,5616,,,--,,,23228,
