0,1,2,3,4,5
,2000,1999,1998,1997,1996
Consolidated Income Statement Data,,,,,
Revenue,"$55,445,193","$39,927,262","$32,407,545","$23,833,981","$18,659,665"
Income before gain/loss on properties and minority interest,9867874,6401676,4691198,3499443,3617807
Gain on repossession/ Sale of properties,1754496,1947184,465499,398424,994163
Loss on Impairment of Properties,-1319316,0,0,0,0
Minority interest of portion of operating partnership income,-1495209,-744725,-141788,-18,0
,,,,,
Net income,8807845,7604135,5014909,3897849,4611970
Consolidated Balance Sheet Data,,,,,
Total real estate investments,"$418,216,516","$280,311,442","$213,211,369","$177,891,168","$122,377,909"
Total assets,432978299,291493311,224718514,186993943,131355638
Shareholders' equity,109920591,85783294,88152626,59997619,50711920
Consolidated Per Share Data (basic and diluted),,,,,
Income before gain/loss on properties and minority interest,$.47,$37,$.30,$.25,$ .30
Net Income,.42,.44,.32,.28,.38
Dividends,.51,.47,.42,.39,.37
,,,,,
CALENDAR YEAR,1999,1998,1997,1996,1995
Tax status of dividend,,,,,
Capital gain,30.3%,6.3%,2.9%,21.0%,1.6%
Ordinary income,69.7%,76.0%,97.1%,79.0%,98.4%
Return of capital,0%,17.7%,0.0%,0.0%,0.0%
