0,1,2,3,4,5,6,7,8,9,10,11,12,13,14,15,16
,,,,,,,,,,,,,,,,
,,,,,,,,,,,,,,,,
,,Accrued,Accrued,Accrued,,2000 Activity,2000 Activity,2000 Activity,2000 Activity,2000 Activity,2000 Activity,2000 Activity,,Accrued,Accrued,Accrued
,,Liability at,Liability at,Liability at,,,,,,,,,,Liability at,Liability at,Liability at
,,"May 31,","May 31,","May 31,",,Cash,Cash,Cash,,Asset,Asset,Asset,,"June 3,","June 3,","June 3,"
,,1999,1999,1999,,Expenditures,Expenditures,Expenditures,,Write-downs,Write-downs,Write-downs,,2000,2000,2000
,,,,,,,,,,,,,,,,
Direct merger costs,,$,3600,,,,3600,,,,,,,,,
,,,,,,,,,,,,,,,,
,,,,,,,,,,,,,,,,
,,,,,,,,,,,,,,,,
,,,,,,,,,,,,,,,,
Lease termination costs,,,14600,,,,6035,,,,,,,,8565,
,,,,,,,,,,,,,,,,
,,,,,,,,,,,,,,,,
,,,,,,,,,,,,,,,,
,,,,,,,,,,,,,,,,
Discontinued product lines,,,100,,,,100,,,,,,,,,
,,,,,,,,,,,,,,,,
,,,,,,,,,,,,,,,,
,,,,,,,,,,,,,,,,
,,,,,,,,,,,,,,,,
Severance costs,,,4200,,,,3828,,,,,,,,372,
,,,,,,,,,,,,,,,,
,,,,,,,,,,,,,,,,
,,,,,,,,,,,,,,,,
,,,,,,,,,,,,,,,,
Other costs,,,500,,,,,,,,236,,,,264,
,,,,,,,,,,,,,,,,
,,$,23000,,,,13563,,,,236,,,,9201,
,,,,,,,,,,,,,,,,
