0,1,2
,,
,,"According to the American Heart Association, cardiovascular 	disease is the leading cause of death in the United States 	accounting for more than one-half of all deaths (over one 	million) every year."
,,
,,"More than one million Americans suffer heart attacks annually, 	and it is the first sign of cardiovascular disease in 20% to 40% 	of these patients. (Sources: 1997 Heart and Stroke Statistical 	Update, American Heart Association 1996; Johns Hopkins Coronary 	Heart Disease)."
,,
,,"According to a 1997 release by the National Heart, Lung and Blood  Institute, approximately 50 million adults (approximately 	28% of the adult American population) are currently diagnosed 	with high blood pressure, with nearly 75% of those (or 	37.5 million) not properly treated for the condition."
,,
,,"According to the Johns Hopkins White Papers on Hypertension 	(1998), an additional 30 million American adults are 	estimated to have high-normal or borderline 	hypertension."
,,
,,"Hypertension is present in more than 50% of Americans age 60  or older. (Source: Archives of Internal Medicine, 	Volume 157, Number 6, March 24, 1997)."
,,
,,"Stroke accounts for about one in every 15 deaths in the United 	States. (Sources: 1997 Health Care Almanac & Yearbook; 1997 	Heart and Stroke Statistical Update, American Heart Association) 	."
,,
,,"According to a March 1997 survey by the Pharmaceutical 	Research and Manufacturers of America, research expenditures 	within the United States by all research-based pharmaceutical 	companies is estimated at $15 billion in 1997."
,,
,,"Cardiovascular research and development is estimated to account 	for approximately $3.1 billion to $3.97 billion (or 16%  to 21% of all United States research and development spending in  1997). (Source: Parexels Pharmaceutical R&D 	Statistical Sourcebook, (1997))."
,,
,,"In 1998, more than 180 million adults in the seven major 	markets including the United States, France, Germany, Italy, 	Spain, United Kingdom and Japan, suffered from hypertension and 	the market for anti-hypertensive therapy is expected to reach 	$22 billion by the year 2008. (Source: Decision Resources, 	Inc., Hypertension Report, 1999)."
