(in thousands of dollars),Unnamed: 1_level_0,Unnamed: 2_level_0,Unnamed: 3_level_0,Unnamed: 4_level_0,Unnamed: 5_level_0,Unnamed: 6_level_0,Unnamed: 7_level_0,Unnamed: 8_level_0
Unnamed: 0_level_1,Unnamed: 1_level_1,Unnamed: 2_level_1,Unnamed: 3_level_1,Unnamed: 4_level_1,Unnamed: 5_level_1,"Year Ended June 30, 2000","Year Ended June 30, 2000","Year Ended June 30, 2000"
Description of Investee,Unnamed: 1_level_2,Classification,Unnamed: 3_level_2,Date Acquired,Unnamed: 5_level_2,Total Investment,Unnamed: 7_level_2,Total Receivables
Operator of radiation therapy centers,,Cost,,Mar 1999,,"$ 7,500",,"$2,107"
Internet/hardware solutions provider,,Trading,,Nov 1999,,912,,
Operator of MRI center,,Cost,,Sep 1999,,890,,
Online healthcare transaction processor,,Avail-for-sale,,Oct 1998,,325,,
Other,,Various,,Various,,489,,3675
,,,,,,,,
Total,,,,,,"$10,116",,"$5,782"
,,,,,,,,
