Unnamed: 0_level_0,Unnamed: 1_level_0,Fiscal Year 1999,Fiscal Year 1999,Fiscal Year 1999,Fiscal Year 1999,Fiscal Year 1999,Fiscal Year 1999,Fiscal Year 1999
Unnamed: 0_level_1,Unnamed: 1_level_1,Three Months Ended,Three Months Ended,Three Months Ended,Three Months Ended,Three Months Ended,Three Months Ended,Three Months Ended
(in thousands of dollars except per share data),Unnamed: 1_level_2,September 30,Unnamed: 3_level_2,December 31,Unnamed: 5_level_2,March 31,Unnamed: 7_level_2,June 30
Finance and other income,,"$21,815",,"$25,664",,"$26,611",,"$29,708"
Net operating income,,16126,,18101,,18385,,20149
"Earnings before minority interest, equity in  net loss of investees, and provision for  income taxes",,7975,,8428,,8681,,9847
Net earnings,,4544,,4823,,4943,,5358
Net earnings per common and common  equivalent sharebasic,,$ 0.32,,$ 0.34,,$ 0.35,,$ 0.38
,,,,,,,,
Net earnings per common and common  equivalent sharediluted,,$ 0.30,,$ 0.32,,$ 0.33,,$ 0.35
,,,,,,,,
