0,1,2,3,4,5,6,7,8,9
,,,,,,,,,
"June 3, 2000, and May 29, 1999 (In Millions, Except Share and Per Share Data)","June 3, 2000, and May 29, 1999 (In Millions, Except Share and Per Share Data)",,2000,2000,2000,,1999,1999,1999
,,,,,,,,,
Assets,Assets,,,,,,,,
,,,,,,,,,
,,,,,,,,,
,,,,,,,,,
,,,,,,,,,
Current Assets:,Current Assets:,,,,,,,,
,,,,,,,,,
,,,,,,,,,
,,,,,,,,,
,,,,,,,,,
,Cash and cash equivalents,,$,95.8,,,$,80.0,
,,,,,,,,,
,,,,,,,,,
,,,,,,,,,
,,,,,,,,,
,"Accounts receivable, less allowances of $17.7 in 2000, and $14.1 in 1999",,,227.2,,,,192.4,
,,,,,,,,,
,,,,,,,,,
,,,,,,,,,
,,,,,,,,,
,Inventories,,,53.7,,,,32.6,
,,,,,,,,,
,,,,,,,,,
,,,,,,,,,
,,,,,,,,,
,Prepaid expenses and other,,,48.6,,,,45.1,
,,,,,,,,,
,Total Current Assets,,,425.3,,,,350.1,
,,,,,,,,,
Property and Equipment:,Property and Equipment:,,,,,,,,
,,,,,,,,,
,,,,,,,,,
,,,,,,,,,
,,,,,,,,,
,Land and improvements,,,28.0,,,,25.1,
,,,,,,,,,
,,,,,,,,,
,,,,,,,,,
,,,,,,,,,
,Buildings and improvements,,,152.3,,,,137.4,
,,,,,,,,,
,,,,,,,,,
,,,,,,,,,
,,,,,,,,,
,Machinery and equipment,,,540.1,,,,428.9,
,,,,,,,,,
,,,,,,,,,
,,,,,,,,,
,,,,,,,,,
,Construction in progress,,,50.8,,,,55.3,
,,,,,,,,,
,,,,771.2,,,,646.7,
,,,,,,,,,
,,,,,,,,,
,,,,,,,,,
,,,,,,,,,
,Less: accumulated depreciation,,,372.5,,,,330.0,
,,,,,,,,,
,Net Property and Equipment,,,398.7,,,,316.7,
,,,,,,,,,
"Notes Receivable, less allowances of $4.2 in 2000, and $5.5 in 1999","Notes Receivable, less allowances of $4.2 in 2000, and $5.5 in 1999",,,22.6,,,,17.4,
,,,,,,,,,
,,,,,,,,,
,,,,,,,,,
,,,,,,,,,
,,,,,,,,,
,,,,,,,,,
,,,,,,,,,
,,,,,,,,,
,,,,,,,,,
Other Assets,Other Assets,,,94.6,,,,67.3,
,,,,,,,,,
,Total Assets,,$,941.2,,,$,751.5,
,,,,,,,,,
Liabilities and Shareholders Equity,Liabilities and Shareholders Equity,,,,,,,,
,,,,,,,,,
,,,,,,,,,
,,,,,,,,,
,,,,,,,,,
Current Liabilities:,Current Liabilities:,,,,,,,,
,,,,,,,,,
,,,,,,,,,
,,,,,,,,,
,,,,,,,,,
,Unfunded checks,,$,26.5,,,$,22.6,
,,,,,,,,,
,,,,,,,,,
,,,,,,,,,
,,,,,,,,,
,Current portion of long-term debt,,,25.1,,,,10.1,
,,,,,,,,,
,,,,,,,,,
,,,,,,,,,
,,,,,,,,,
,Notes payable,,,122.7,,,,46.6,
,,,,,,,,,
,,,,,,,,,
,,,,,,,,,
,,,,,,,,,
,Accounts payable,,,114.2,,,,82.4,
,,,,,,,,,
,,,,,,,,,
,,,,,,,,,
,,,,,,,,,
,Accrued liabilities,,,185.5,,,,189.6,
,,,,,,,,,
,Total Current Liabilities,,,474.0,,,,351.3,
,,,,,,,,,
"Long-Term Debt, less current portion above","Long-Term Debt, less current portion above",,,77.8,,,,90.9,
,,,,,,,,,
,,,,,,,,,
,,,,,,,,,
,,,,,,,,,
Other Liabilities,Other Liabilities,,,94.9,,,,100.2,
,,,,,,,,,
,Total Liabilities,,,646.7,,,,542.4,
,,,,,,,,,
Shareholders Equity:,Shareholders Equity:,,,,,,,,
,,,,,,,,,
,,,,,,,,,
,,,,,,,,,
,,,,,,,,,
,"Preferred stock, no par value (10,000,000 shares authorized, none issued)",,,,,,,,
,,,,,,,,,
,,,,,,,,,
,,,,,,,,,
,,,,,,,,,
,"Common stock, $.20 par value (240,000,000 shares authorized, 78,298,392 and 79,565,860 shares issued and outstanding in 2000 and 1999)",,,15.6,,,,15.9,
,,,,,,,,,
,,,,,,,,,
,,,,,,,,,
,,,,,,,,,
,Additional paid-in capital,,,,,,,,
,,,,,,,,,
,,,,,,,,,
,,,,,,,,,
,,,,,,,,,
,Retained earnings,,,301.5,,,,210.1,
,,,,,,,,,
,,,,,,,,,
,,,,,,,,,
,,,,,,,,,
,Accumulated other comprehensive loss,,,(13.5,),,,(10.7,)
,,,,,,,,,
,,,,,,,,,
,,,,,,,,,
,,,,,,,,,
,Key executive stock programs,,,(9.1,),,,(6.2,)
,,,,,,,,,
,Total Shareholders Equity,,,294.5,,,,209.1,
,,,,,,,,,
,Total Liabilities and Shareholders Equity,,$,941.2,,,$,751.5,
,,,,,,,,,
