0,1,2,3,4,5,6,7,8,9
,Loans Delinquent For:,Loans Delinquent For:,Loans Delinquent For:,Loans Delinquent For:,Loans Delinquent For:,Loans Delinquent For:,,,
,60-89 Days,60-89 Days,60-89 Days,90 Days and Over,90 Days and Over,90 Days and Over,Total Delinquent Loans,Total Delinquent Loans,Total Delinquent Loans
,Number,Amount,Percent of Loan Category,Number,Amount,Percent of Loan Category,Number,Amount,Percent of Loan Category
,(Dollars in Thousands),(Dollars in Thousands),(Dollars in Thousands),(Dollars in Thousands),(Dollars in Thousands),(Dollars in Thousands),(Dollars in Thousands),(Dollars in Thousands),(Dollars in Thousands)
,,,,,,,,,
One- to four-family,2,$ 199,0.34%,6,$223,0.38%,8,$422,0.72%
Consumer,4,73,0.65,5,42,0.38,9,115,1.03
Commercial business,1,3,0.33,---,---,---,1,3,0.33
,,,,,,,,,
Total,7 ===,$275 ====,0.31,11 ===,$265 ====,0.30,18 ===,$540 ====,0.61
