0,1
,
(a),"Includes the impact of incremental special charges associated 	with the reorganization of the Electronics Marketing European 	operations amounting to $6.1 million pre-tax, $4.0 million 	after-tax and $0.06 per share on a diluted basis."
,
(b),"Includes the impact of incremental special charges associated 	with the integration of Marshall Industries, the reorganization 	of the Companys Asian operations, costs related to the 	consolidation of the Companys Electronics Marketing 	European Warehousing operations and costs incurred in connection 	with its lawsuit against Wyle Laboratories, Inc. amounting to 	$28.0 million pre-tax, $17.6 million after-tax and $0.21 per 	share on a diluted basis."
,
(c),"Includes the impact of incremental special charges associated 	with the integration of Eurotronics B.V. (SEI), the integration 	of the SEI Macro Group, the integration of JBA Computer Solutions  and costs related to the consolidation of EMs European 	Warehousing operations amounting to $14.8 million pre-tax, $8.9 	million after-tax and $0.10 per share on a diluted basis."
,
(d),"Includes the impact of incremental special charges associated 	with the reorganization of the Companys Electronics 	Marketing Group amounting to $26.5 million pre-tax, $15.7 million  after-tax and $0.21 per share on a diluted basis."
,
(e),"Includes the net gain on exiting the printed catalog business 	consisting of the July 2, 1999 sale of Allied Electronics, 	offset somewhat by charges recorded in connection with the 	disposition of the Avnet Setron catalog operations in Germany. 	The net positive effect on fourth quarter 1999 pre-tax income, 	net income and diluted earnings per share was $209.5 million, 	$79.7 million and $1.13, respectively."
,
(f),Diluted earnings per share for fiscal 2000 is greater by $0.06 	and in fiscal 1999 is less by $0.02 than the sum of the 	applicable amounts for each of the quarters due to the impact on 	the weighted average number of shares outstanding of the issuance  of shares in connection with the acquisitions of Marshall 	Industries and Eurotronics B.V. (SEI) in 2000 and the effect of 	the stock repurchase program in 1999.
