0,1,2
,,
,,"incurring substantial expenses, including fines, penalties, legal  fees and costs to comply with the FDAs requirements;"
,,
,,changes in the methods of marketing and selling products;
,,
,,"taking FDA-mandated corrective action, which may include placing 	advertisements or sending letters to physicians rescinding 	previous advertisements or promotion; and"
,,
,,disruption in the distribution of products and loss of sales 	until compliance with the FDAs position is obtained.
