0,1
Item No.,Page No.
,
Cover Page,1
Index,3
PART I,
1. Business,4
2. Risk Factors,6
3. Properties,14
4. Legal Proceedings,22
5. Submission of Matters to a Vote of Security Holders,22
PART II,
6. Market for Registrant's Common Stock and Related Security Holder Matters,22
7. Sales of Shares of Beneficial Interest,24
8. Selected Financial Data,27
9. Management's Discussion and Analysis of Financial Condition and Results of Operations,28
9a. Quantitative and Qualitative Disclosures About Market Risk,37
10. Financial Statements and Supplementary Data,37
11. Disagreements on Accounting and Financial Disclosure,37
PART III,
12. Directors and Executive Officers of the Registrant,37
13. Executive Compensation,38
14. Security Ownership of Certain Beneficial Owners and Management,38
15. Certain Relationships and Related Transactions,39
PART IV,
"16. Exhibits, Financial Statement Schedules and Reports on Form 8-K",39
Exhibit Index,39
Signatures,42
Report of Independent Certified Public Accountants,F-1
