Unnamed: 0_level_0,Unnamed: 1_level_0,Unnamed: 2_level_0,Unnamed: 3_level_0,Unnamed: 4_level_0,Unnamed: 5_level_0,Unnamed: 6_level_0,Unnamed: 7_level_0,Unnamed: 8_level_0,Unnamed: 9_level_0,Unnamed: 10_level_0,Potential Realizable Value At Assumed Annual Rates of Stock Price Appreciation for Option Term(2),Potential Realizable Value At Assumed Annual Rates of Stock Price Appreciation for Option Term(2),Potential Realizable Value At Assumed Annual Rates of Stock Price Appreciation for Option Term(2),Potential Realizable Value At Assumed Annual Rates of Stock Price Appreciation for Option Term(2),Potential Realizable Value At Assumed Annual Rates of Stock Price Appreciation for Option Term(2)
Individual Grants(1),Individual Grants(1),Individual Grants(1),Individual Grants(1),Individual Grants(1),Individual Grants(1),Individual Grants(1),Individual Grants(1),Individual Grants(1),Individual Grants(1),Unnamed: 10_level_1,Potential Realizable Value At Assumed Annual Rates of Stock Price Appreciation for Option Term(2),Potential Realizable Value At Assumed Annual Rates of Stock Price Appreciation for Option Term(2),Potential Realizable Value At Assumed Annual Rates of Stock Price Appreciation for Option Term(2),Potential Realizable Value At Assumed Annual Rates of Stock Price Appreciation for Option Term(2),Potential Realizable Value At Assumed Annual Rates of Stock Price Appreciation for Option Term(2)
Unnamed: 0_level_2,Unnamed: 1_level_2,Unnamed: 2_level_2,Unnamed: 3_level_2,% of Total Options Granted to Employees in Fiscal Year,Unnamed: 5_level_2,Unnamed: 6_level_2,Unnamed: 7_level_2,Unnamed: 8_level_2,Unnamed: 9_level_2,Unnamed: 10_level_2,Potential Realizable Value At Assumed Annual Rates of Stock Price Appreciation for Option Term(2),Potential Realizable Value At Assumed Annual Rates of Stock Price Appreciation for Option Term(2),Potential Realizable Value At Assumed Annual Rates of Stock Price Appreciation for Option Term(2),Potential Realizable Value At Assumed Annual Rates of Stock Price Appreciation for Option Term(2),Potential Realizable Value At Assumed Annual Rates of Stock Price Appreciation for Option Term(2)
Name,Unnamed: 1_level_3,Number of Securities Underlying Options Granted,Unnamed: 3_level_3,% of Total Options Granted to Employees in Fiscal Year,Unnamed: 5_level_3,Exercise Price ($/Sh.),Exercise Price ($/Sh.),Unnamed: 8_level_3,Expiration Date,Unnamed: 10_level_3,5% ($),5% ($).1,Unnamed: 13_level_3,10% ($),10% ($).1
Ronald L. Bogh,,7000,,12.3,%,$,3.42,,04/25/05,,$,6614,,$,14616
Paul M. Gilson,,7000,,12.3,%,$,3.42,,04/25/05,,$,6614,,$,14616
