0,1,2,3
"(in millions,  except per share data)",2000,1999,1998
Basic EPS:,,,
Net  income,$53.3,$37.1,$84.0
"Dividends  accrued on convertible  preferred stock, net of tax  benefits",(1.8),(1.5),(1.6)
Earnings  available for common  shareholders,$51.5,$35.6,$82.4
Weighted  average common shares  outstanding,22.0,22.1,20.5
Basic  earnings per share,$2.35,$1.61,$4.01
,,,
Diluted EPS:,,,
Net  income,$53.3,$37.1,$84.0
Assumed  shortfall between  common and preferred dividends,(0.6),(0.7),(0.6)
Earnings  available for common  shareholders,$52.7,$36.4,$83.4
Weighted  average common shares  outstanding,22.0,22.1,20.5
Assumed  conversion of preferred  shares,0.8,0.9,0.9
Effect  of shares issuable under stock option plans,-,0.1,0.3
Adjusted  weighted average common  shares,22.8,23.1,21.7
Diluted  earnings per share,$2.31,$1.58,$3.84
