0,1,2,3,4,5,6,7,8,9,10,11,12,13,14
,,,,,,,,,,,,,,
,,,,,,,,,,,,,,
,,,,"Year Ended June 30,","Year Ended June 30,","Year Ended June 30,","Year Ended June 30,","Year Ended June 30,","Year Ended June 30,","Year Ended June 30,","Year Ended June 30,","Year Ended June 30,","Year Ended June 30,","Year Ended June 30,"
,,,,,,,,,,,,,,
,,,,2000,2000,2000,,1999,1999,1999,,1998,1998,1998
,,,,,,,,,,,,,,
Net revenues,Net revenues,Net revenues,,$,139099152,,,$,116870540,,,$,77571419,
,,,,,,,,,,,,,,
,,,,,,,,,,,,,,
,,,,,,,,,,,,,,
,,,,,,,,,,,,,,
Operating costs and expenses:,Operating costs and expenses:,Operating costs and expenses:,,,,,,,,,,,,
,,,,,,,,,,,,,,
,,,,,,,,,,,,,,
,,,,,,,,,,,,,,
,,,,,,,,,,,,,,
,Cost of sales,Cost of sales,,,25911579,,,,21633902,,,,13979793,
,,,,,,,,,,,,,,
,,,,,,,,,,,,,,
,,,,,,,,,,,,,,
,,,,,,,,,,,,,,
,"Selling, general and administrative","Selling, general and administrative",,,45403841,,,,38219119,,,,27423574,
,,,,,,,,,,,,,,
,,,,,,,,,,,,,,
,,,,,,,,,,,,,,
,,,,,,,,,,,,,,
,Research and development,Research and development,,,4902715,,,,3396393,,,,2884479,
,,,,,,,,,,,,,,
,,,,,,,,,,,,,,
,,,,,,,,,,,,,,
,,,,,,,,,,,,,,
,In-process research and development,In-process research and development,,,,,,,9500000,,,,35400000,
,,,,,,,,,,,,,,
,,,,,,,,,,,,,,
,,,,,,,,,,,,,,
,,,,,,,,,,,,,,
,Depreciation and amortization,Depreciation and amortization,,,7374534,,,,5810288,,,,2903423,
,,,,,,,,,,,,,,
,,Operating costs and expenses,,,83592669,,,,78559702,,,,82591269,
,,,,,,,,,,,,,,
Operating income (loss),Operating income (loss),Operating income (loss),,,55506483,,,,38310838,,,,"(5,019,850",)
,,,,,,,,,,,,,,
,,,,,,,,,,,,,,
,,,,,,,,,,,,,,
,,,,,,,,,,,,,,
Interest income,Interest income,Interest income,,,14120839,,,,11503256,,,,7060354,
,,,,,,,,,,,,,,
,,,,,,,,,,,,,,
,,,,,,,,,,,,,,
,,,,,,,,,,,,,,
Interest expense,Interest expense,Interest expense,,,"(2,245,578",),,,"(1,825,200",),,,"(23,635",)
,,,,,,,,,,,,,,
,,,,,,,,,,,,,,
,,,,,,,,,,,,,,
,,,,,,,,,,,,,,
Gain on sale of assets,Gain on sale of assets,Gain on sale of assets,,,,,,,17650903,,,,,
,,,,,,,,,,,,,,
Income before taxes,Income before taxes,Income before taxes,,,67381744,,,,65639797,,,,2016869,
,,,,,,,,,,,,,,
,,,,,,,,,,,,,,
,,,,,,,,,,,,,,
,,,,,,,,,,,,,,
Income tax expense,Income tax expense,Income tax expense,,,"(24,387,562",),,,"(24,202,571",),,,"(14,424,045",)
,,,,,,,,,,,,,,
Net income (loss),Net income (loss),Net income (loss),,$,42994182,,,$,41437226,,,$,"(12,407,176",)
,,,,,,,,,,,,,,
Basic net income (loss) per common share,Basic net income (loss) per common share,Basic net income (loss) per common share,,$,1.48,,,$,1.46,,,$,(0.51,)
,,,,,,,,,,,,,,
Diluted net income (loss) per common share,Diluted net income (loss) per common share,Diluted net income (loss) per common share,,$,1.41,,,$,1.41,,,$,(0.51,)
,,,,,,,,,,,,,,
Shares used in computing basic net income (loss) per common  share,Shares used in computing basic net income (loss) per common  share,Shares used in computing basic net income (loss) per common  share,,,29028896,,,,28413608,,,,24101658,
,,,,,,,,,,,,,,
Shares used in computing diluted net income (loss) per 	common share,Shares used in computing diluted net income (loss) per 	common share,Shares used in computing diluted net income (loss) per 	common share,,,30498776,,,,29462311,,,,24101658,
,,,,,,,,,,,,,,
