0,1,2
10(l)(5),,"Seventh Amendment to Credit Agreement, dated as of May 31, 1999, by and among the Company, certain banks as signatories thereto (the ""Banks"") and US Bank National Association, as one of the Banks and as agent for the Banks [filed as Exhibit 10(l)(5) to the Company's Annual Report on Form 10-K for the year ended April 30, 1999 and incorporated herein by reference]"
10(l)(6),,"Eighth Amendment to Credit Agreement, dated as of January 24, 2000, by and among the Company, certain banks as signatories thereto (the ""Banks"") and US Bank National Association, as one of the Banks and as agent for the Banks [filed as Exhibit 10(a) to the Company's Quarterly Report on Form 10-Q for the period ended January 29, 2000 and incorporated herein by reference]"
10(l)(7),,"Ninth Amendment to Credit Agreement, dated as of April 26, 2000, by and among the Company, certain banks as signatories thereto (the ""Banks"") and US Bank National Association, as one of the Banks and as agent for the Banks"
10(l)(8),,"Tenth Amendment to Credit Agreement, dated as of June 30, 2000, by and among the Company, certain banks as signatories thereto (the ""Banks"") and US Bank National Association, as one of the Banks and as agent for the Banks"
10(1)(9),,"Eleventh Amendment to Credit Agreement, dated as of July 28, 2000, by and among the Company, certain banks as signatories hereto (the ""Banks"") and US Bank National Association, as one of the Banks and as agent for the Banks"
10(m),,"Lease Agreement, dated December 23, 1997, by and between Thomas Edward Limited Partnership and the Company [filed as Exhibit 10(m) to the Company's Annual Report on Form 10-K for the year ended April 30, 1998 and incorporated herein by reference]"
10(n),,"Employment agreement dated December 1, 1999 between Richard Cohen and the Company"
23(a),,Consent of Independent Public Accountants
27,,Financial Data Schedule
