0,1,2,3,4,5,6,7,8
,,,,,,,,
Exhibit No.,Exhibit No.,Exhibit No.,,,,,,Description
,,,,,,,,
,10.72(d),,,,,,,"Third Amendment to Credit and Security Agreement, dated 	November 22, 1998 by and between the Company and Norwest 	Bank Arizona, N.A., as successor-in-interest to Norwest Business 	Credit, Inc.(14)"
,10.73(a),,,,,,,"Patent Collateral Assignment and Security Agreement, dated 	August 3, 1995 by the Company to Norwest Business Credit, 	Inc.(8)"
,10.73(b),,,,,,,"First Amendment to Patent Collateral Assignment and Security 	Agreement, dated May 29, 1996, by the Company to Norwest 	Bank Arizona, N.A.(10)"
,10.73(c),,,,,,,"Amended and Restated Patent Collateral Assignment and Security 	Agreement, dated November 22, 1998, by the Company to 	Norwest Bank Arizona, N.A.(14)"
,10.74(a),,,,,,,"Trademark Collateral Assignment and Security Agreement, dated 	August 3, 1995, by the Company to Norwest Business Credit, 	Inc.(9)"
,10.74(b),,,,,,,"First Amendment to Trademark Collateral Assignment and Security 	Agreement, dated May 29, 1996, by the Company to Norwest 	Bank Arizona, N.A.(10)"
,10.74(c),,,,,,,"Amended and Restated Trademark, Tradename, and Service Mark 	Collateral Assignment and Security Agreement, dated 	November 22, 1998, by the Company to Norwest Bank Arizona, 	N.A.(14)"
,10.75,,,,,,,"Assignment and Assumption of Loan Documents, dated May 29, 	1996, from Norwest Business Credit, Inc., to and by Norwest Bank 	Arizona, N.A.(10)"
,10.76,,,,,,,"Multiple Advance Note, dated May 29, 1996, from the Company 	to Norwest Bank Arizona, N.A.(10)"
,10.77,,,,,,,"Securities Account Pledge and Security Agreement, dated 	November 22, 1996, by and between the Company and Norwest 	Bank Arizona, N.A.(12)"
,10.77(a),,,,,,,"First Amendment to Securities Account Pledge and Security 	Agreement dated November 22, 1998, by and between the 	Company and Norwest Bank Arizona, N.A.(14)"
,10.78,,,,,,,"Acknowledgment of Control of Pledged Securities Account, dated 	November 22, 1996, by and among Norwest Bank Arizona, N.A. 	and the Company and Norwest Bank Minnesota, N.A.(12)"
,10.78(a),,,,,,,"First Amendment to Acknowledgement of Control of Pledged 	Securities Account dated November 22, 1998, by and between 	the Company and Norwest Bank Arizona, N.A.(14)"
,10.89,,,,,,,"Asset Purchase Agreement dated November 15, 1998, by and 	among the Company and Hoechst Marion Roussel, Inc., Hoechst 	Marion Roussel Deutschland GMHB and Hoechst Marion Roussel, 	S.A.(14)"
,10.90,,,,,,,"License and Option Agreement dated November 15, 1998, by and  among the Company and Hoechst Marion Roussel, Inc., Hoechst 	Marion Roussel Deutschland GMBH and Hoechst Marion Roussel, 	S.A.(14)"
,10.91,,,,,,,"Loprox Lotion Supply Agreement dated November 15, 1998, by 	and between the Company and Hoechst Marion Roussel, Inc.(14)"
,10.92,,,,,,,"Supply Agreement dated November 15, 1998, by and between the  Company and Hoechst Marion Roussel Deutschland GMBH(14)"
,10.93,,,,,,,"Asset Purchase Agreement effective January 31, 1999, between  the Company and Bioglan Pharma Plc(16)"
,10.94,,,,,,,"Stock Purchase Agreement by and among the Company, Ucyclyd 	Pharma, Inc. and Syed E. Abidi, William Brusilow, 	Susan E. Brusilow and Norbert L. Wiech, dated 	April 19, 1999(16)"
,10.95,,,,,,,"Asset Purchase Agreement by and between the Company and Bioglan 	Pharma Plc dated June 29, 1999(16)"
