Exhibit Number,Unnamed: 1,Exhibit Description
3.1,,"Articles of Incorporation of Bioject Medical Technologies Inc. incorporated by reference to the same exhibit number of the Company's Form 10-K for the year ended January 31, 1993."
3.1.1,,"Articles of Amendment to the Articles of Incorporation of the Incorporation of the Company incorporated by reference to the same exhibit number of the Company's Form 8-K filed March 6, 1998."
3.1.2,,"Articles of Amendment to the Articles of Incorporation of the Incorporation of the Company dated September 11, 1998, and filed October 15, 1998, incorporated by reference to the same exhibit number of the Company's Form 8-K filed April 20, 1999."
3.1.3,,"Articles of Amendment to the Articles of Incorporation of the Incorporation of the Company dated March 18, 1999, and filed March 24, 1999, incorporated by reference to the same exhibit number of the Company's Form 8-K filed April 20, 1999."
3.1.4,,"Articles of Amendment to the Articles of Incorporation of the Incorporation of the Company dated October 11, 1999, and filed October 12, 1999. Incorporated by reference to the Company's Form 10-Q for the quarter ended September 30, 1999."
3.2,,"Amended and Restated By-laws of Bioject Medical Technologies Inc. Incorporated by reference to the same exhibit number of the Company's Form 10-Q for the quarter ended September 30, 1994."
10.1,*,"Employment Agreement with James C. O'Shea dated October 3, 1995 incorporated by reference to the Company's Form 10-Q for the quarter ended September 30, 1995."
10.2,*,"Executive Employment Agreement dated April 17, 1998, between Bioject Medical Technologies Inc., Bioject Inc., and Michael A. Temple. Incorporated by reference to the Company's Form 10-K for the year ended march 31, 1998."
10.3,*,"Employment Contract between Bioject JV Subsidiary Inc. and Bradley J. Enegren. Incorporated by reference to the Company's Form 10-Q for the quarter ended September 30, 1998"
10.4,*,"Confidentiality/Inventions/Noncompetition Agreement between Bioject JV Subsidiary Inc. and Bradley J. Enegren. Incorporated by reference to the Company's Form 10-Q for the quarter ended September 30, 1998."
10.5,*,"Amended Employment Agreement between Bioject, Inc. and Joseph Michael Redmond dated February 8, 2000. Incorporated by reference to the Company's Form 10-K for the year ended March 31, 2000 as filed with the Securities and Exchange Commission on June 29, 2000."
10.6,*,Restated 1992 Stock Incentive Plan.
10.7,,"Lease Agreement dated September 10, 1996 between Bridgeport Woods Business Park and Bioject Inc. for the Portland, Oregon facility. Incorporated by reference to the same exhibit number of the Company's Form  10-Q for the period ended September 30, 1996."
10.8,,"Lease Extension Agreement dated October 4, 1994, between Earl J. Itel and Loris Itel Trust and Bioject Inc., for the 6000 sq. ft. Tualatin, Oregon warehouse. Incorporated by reference to the Company's Form  10-Q/A for the period ended December 31, 1996."
