0,1,2,3,4
,,"*17. Severance Policy for Corporate Officers, as amended",,"Exhibit 10(23) to Report on Form 10-K for Fiscal Year ended June 28, 1997"
,,"*18. Employment Agreement, dated January 1, 1996, between Sara Lee Corporation and Frank L. Meysman",,"Exhibit 10(24) to Report on Form 10-K for Fiscal Year ended June 28, 1997"
,,"*19. Employment Agreement, dated January 1, 1996, between Sara Lee/DE N.V. and Frank L. Meysman and attachments (translated from Dutch)",,"Exhibit 10(25) to Report on Form 10-K for Fiscal Year ended June 28, 1997"
,,"*20. Restricted Share Unit Agreement dated April 29, 1998 between Sara Lee Corporation and Frank L. Meysman",,"Exhibit 10(27) to Report on Form 10-K for Fiscal Year ended June 27, 1998"
,,"*21. Consulting and Retirement Agreement dated February 25, 2000 between Sara Lee Corporation and John H. Bryan",,
,,"*22. Employment Transition Agreement dated July 17, 2000 between Sara Lee Corporation and Judith A. Sprieser",,
,,"*23. Consulting and Retirement Agreement dated March 15, 2000 between Sara Lee Corporation and James R. Carlson",,
(12),,1. Computation of Ratio of Earnings to Fixed Charges,,
,,2. Computation of Ratio of Earnings to Fixed Charges and Preferred Stock Dividend Requirements,,
(21),,List of Subsidiaries,,
(23),,Consent of Arthur Andersen LLP,,
(24),,Powers of Attorney,,
(27),,Financial Data Schedules,,
,,,,
