0,1,2,3,4,5,6,7,8,9,10,11,12,13,14,15
,,,,,,,,,,,,,,,
,,,,,2000,2000,2000,,1999.0,1999,1999,,1998.0,1998.0,1998.0
,,,,,,,,,,,,,,,
Sales:,Sales:,Sales:,Sales:,,,,,,,,,,,,
,,,,,,,,,,,,,,,
,,,,,,,,,,,,,,,
,,,,,,,,,,,,,,,
,,,,,,,,,,,,,,,
,Net sales to customers:,Net sales to customers:,Net sales to customers:,,,,,,,,,,,,
,,,,,,,,,,,,,,,
,,,,,,,,,,,,,,,
,,,,,,,,,,,,,,,
,,,,,,,,,,,,,,,
,,CMP Group,CMP Group,,$,230191,,,,160639,,,,280064.0,
,,,,,,,,,,,,,,,
,,,,,,,,,,,,,,,
,,,,,,,,,,,,,,,
,,,,,,,,,,,,,,,
,,Surface Technology Group,Surface Technology Group,,,29155,,,,42440,,,,80219.0,
,,,,,,,,,,,,,,,
,,,,,,,,,,,,,,,
,,,,,,,,,,,,,,,
,,,,,,,,,,,,,,,
,,Industrial Applications Group,Industrial Applications Group,,,14702,,,,13346,,,,13985.0,
,,,,,,,,,,,,,,,
,,,Total net sales,,$,274048,,,,216425,,,,374268.0,
,,,,,,,,,,,,,,,
Segment operating profit (loss):,Segment operating profit (loss):,Segment operating profit (loss):,Segment operating profit (loss):,,,,,,,,,,,,
,,,,,,,,,,,,,,,
,,,,,,,,,,,,,,,
,,,,,,,,,,,,,,,
,,,,,,,,,,,,,,,
,CMP Group,CMP Group,CMP Group,,$,"(1,157",),,,"(89,527",),,,18917.0,
,,,,,,,,,,,,,,,
,,,,,,,,,,,,,,,
,,,,,,,,,,,,,,,
,,,,,,,,,,,,,,,
,Surface Technology Group,Surface Technology Group,Surface Technology Group,,,(651,),,,"(30,429",),,,6751.0,
,,,,,,,,,,,,,,,
,,,,,,,,,,,,,,,
,,,,,,,,,,,,,,,
,,,,,,,,,,,,,,,
,Industrial Applications Group,Industrial Applications Group,Industrial Applications Group,,,2341,,,,1186,,,,1738.0,
,,,,,,,,,,,,,,,
,,,Total segment operating profit (loss),,,533,,,,"(118,770",),,,27406.0,
