0,1,2,3,4
,,2000,,1999
,,,,
Net sales,$,26670000,$,18342000
,,,,
Cost of sales (Includes rent paid to a director of,,,,
"$352,000 and $340,000 for 2000 and 1999.)",,12125000,,9763000
,,,,
Gross profits,,14545000,,8579000
,,,,
Operating expenses:,,,,
Selling,,3997000,,4604000
General and administrative,,4661000,,4356000
Research and development,,1668000,,1700000
Amortization,,489000,,784000
Unusual charges,,--,,7389000
,,,,
Total operating expenses,,10815000,,18833000
,,,,
Income (loss) from operations,,3730000,,"(10,254,000)"
,,,,
Other income (expense):,,,,
Other income,,5000,,61000
Interest (expense),,"(1,136,000)",,"(1,032,000)"
,,,,
Total,,"(1,131,000)",,"(971,000)"
,,,,
Income (loss) before income taxes (credits),,2599000,,"(11,225,000)"
Income taxes (credits),,1058000,,"(2,291,000)"
,,,,
Net income (loss),$,1541000,$,"(8,934,000)"
,,,,
Earnings (loss) per common and,,,,
common equivalent share:,,,,
Basic,$,0.18,$,(1.02)
Diluted,,0.17,,(1.02)
,,,,
Weighted average common and common equivalents,,,,
Shares outstanding,,,,
Basic,,8787300,,8787300
Diluted,,8949300,,8787300
