0,1
Item 1.  Item 2.  Item 3.  Item 4.,Business  Properties  Legal Proceedings  Submission of Matters to a Vote of Security Holders
Executive Officers of the Company,Executive Officers of the Company
,PART II
Item 5.,Market for the Registrant's Common Equity and  Related Stockholder matters
Item 6.,Selected Financial Data
Item 7.,Management's Discussion and Analysis of  Financial Condition and Results of Operations
Item 7A.,Quantitative and Qualitative Disclosures about  Market Risk
Item 8.,Financial Statements and Supplementary Data
Item 9.,Changes in and Disagreements with Accountants  and Accounting and Financial Disclosure
,PART III
Item 10.,Directors and Executive Officers of the  Registrant
Item 11.,Executive Compensation
Item 12.,Security Ownership of Certain Beneficial Owners  and Management
Item 13.,Certain Relationships and Related Transactions
,PART IV
Item 14.,"Exhibits, Financial Statement Schedules and  Reports on Form 8-K"
Signatures,
