Unnamed: 0_level_0,Unnamed: 1_level_0,"Year Ended June 30,","Year Ended June 30,","Year Ended June 30,","Year Ended June 30,","Year Ended June 30,",Unnamed: 7_level_0,Unnamed: 8_level_0,Unnamed: 9_level_0,Unnamed: 10_level_0,Unnamed: 11_level_0,Unnamed: 12_level_0,Unnamed: 13_level_0
(in thousands of dollars except per share data),Unnamed: 1_level_1,2000,Unnamed: 3_level_1,1999,Unnamed: 5_level_1,1998,Unnamed: 7_level_1,Unnamed: 8_level_1,Unnamed: 9_level_1,Unnamed: 10_level_1,Unnamed: 11_level_1,Unnamed: 12_level_1,Unnamed: 13_level_1
Basic,,,,,,,,,,,,,
,,,,,,,,,,,,,
Income available to common shareholders,,"$23,442",,"$19,668",,"$12,858",,,,,,,
Average common shares,,14210,,14108,,11464,,,,,,,
Basic earnings per common share,,$ 1.65,,$ 1.39,,$ 1.12,,,,,,,
,,,,,,,,,,,,,
Diluted,,,,,,,,,,,,,
,,,,,,,,,,,,,
Income available to common shareholders,,"$23,442",,"$19,668",,"$12,858",,,,,,,
Effect of dilutive securities:,,,,,,,,,,,,,
Convertible debentures,,736,,736,,736,,,,,,,
,,,,,,,,,,,,,
Diluted income available to common shareholders,,"$24,178",,"$20,404",,"$13,594",,,,,,,
,,,,,,,,,,,,,
Average common shares,,14210,,14108,,11464,,,,,,,
Effect of dilutive securities:,,,,,,,,,,,,,
Warrants,,9,,12,,97,,,,,,,
Options,,184,,255,,374,,,,,,,
Convertible debentures,,1311,,1311,,1311,,,,,,,
,,,,,,,,,,,,,
Diluted average common shares,,15714,,15686,,13246,,,,,,,
,,,,,,,,,,,,,
Diluted earnings per common share,,$ 1.54,,$ 1.30,,$ 1.03,,,,,,,
,,,,,,,,,,,,,
