0,1,2,3,4,5,6,7,8,9,10,11,12,13,14
,,,,,,,,,,,,,,
,,,,,,,,,,,,,,
,,,,"Year Ended December 31,","Year Ended December 31,","Year Ended December 31,","Year Ended December 31,","Year Ended December 31,","Year Ended December 31,","Year Ended December 31,","Year Ended December 31,","Year Ended December 31,","Year Ended December 31,","Year Ended December 31,"
,,,,,,,,,,,,,,
,,,,1999,1999,1999,,1998,1998,1998,,1997,1997,1997
,,,,,,,,,,,,,,
Revenue:,Revenue:,Revenue:,,,,,,,,,,,,
,,,,,,,,,,,,,,
,,,,,,,,,,,,,,
,,,,,,,,,,,,,,
,,,,,,,,,,,,,,
,Product revenue,Product revenue,,$,251198,,,$,345076,,,$,417115,
,,,,,,,,,,,,,,
,,,,,,,,,,,,,,
,,,,,,,,,,,,,,
,,,,,,,,,,,,,,
,Service revenue,Service revenue,,,72081,,,,61076,,,,49310,
,,,,,,,,,,,,,,
,,Total revenue,,,323279,,,,406152,,,,466425,
,,,,,,,,,,,,,,
Cost of revenue:,Cost of revenue:,Cost of revenue:,,,,,,,,,,,,
,,,,,,,,,,,,,,
,,,,,,,,,,,,,,
,,,,,,,,,,,,,,
,,,,,,,,,,,,,,
,Product cost of revenue,Product cost of revenue,,,158289,,,,184734,,,,234953,
,,,,,,,,,,,,,,
,,,,,,,,,,,,,,
,,,,,,,,,,,,,,
,,,,,,,,,,,,,,
,Service cost of revenue,Service cost of revenue,,,62854,,,,48352,,,,40958,
,,,,,,,,,,,,,,
,,Total cost of revenue,,,221143,,,,233086,,,,275911,
,,,,,,,,,,,,,,
Gross margin,Gross margin,Gross margin,,,102136,,,,173066,,,,190514,
,,,,,,,,,,,,,,
Operating expense:,Operating expense:,Operating expense:,,,,,,,,,,,,
,,,,,,,,,,,,,,
,,,,,,,,,,,,,,
,,,,,,,,,,,,,,
,,,,,,,,,,,,,,
,"Selling, general and administrative","Selling, general and administrative",,,126290,,,,130662,,,,167841,
,,,,,,,,,,,,,,
,,,,,,,,,,,,,,
,,,,,,,,,,,,,,
,,,,,,,,,,,,,,
,Research and development,Research and development,,,66130,,,,66054,,,,79523,
,,,,,,,,,,,,,,
,,Total operating expense,,,192420,,,,196716,,,,247364,
,,,,,,,,,,,,,,
Loss from operations,Loss from operations,Loss from operations,,,"(90,284",),,,"(23,650",),,,"(56,850",)
,,,,,,,,,,,,,,
,,,,,,,,,,,,,,
,,,,,,,,,,,,,,
,,,,,,,,,,,,,,
Interest income,Interest income,Interest income,,,4261,,,,4857,,,,4339,
,,,,,,,,,,,,,,
,,,,,,,,,,,,,,
,,,,,,,,,,,,,,
,,,,,,,,,,,,,,
Interest expense,Interest expense,Interest expense,,,4636,,,,2909,,,,1821,
,,,,,,,,,,,,,,
,,,,,,,,,,,,,,
,,,,,,,,,,,,,,
,,,,,,,,,,,,,,
"Other income (expense), net","Other income (expense), net","Other income (expense), net",,,10517,,,,1804,,,,"(1,158",)
,,,,,,,,,,,,,,
Loss before income tax expense (benefit),Loss before income tax expense (benefit),Loss before income tax expense (benefit),,,"(80,142",),,,"(19,898",),,,"(55,490",)
,,,,,,,,,,,,,,
,,,,,,,,,,,,,,
,,,,,,,,,,,,,,
,,,,,,,,,,,,,,
Income tax expense (benefit),Income tax expense (benefit),Income tax expense (benefit),,,4384,,,,35781,,,,"(16,092",)
,,,,,,,,,,,,,,
Net loss,Net loss,Net loss,,,"(84,526",),,,"(55,679",),,,"(39,398",)
,,,,,,,,,,,,,,
,,,,,,,,,,,,,,
,,,,,,,,,,,,,,
,,,,,,,,,,,,,,
Preferred stock beneficial conversion feature,Preferred stock beneficial conversion feature,Preferred stock beneficial conversion feature,,,5612,,,,,,,,,
,,,,,,,,,,,,,,
Net loss applicable to common shareholders,Net loss applicable to common shareholders,Net loss applicable to common shareholders,,$,"(90,138",),,$,"(55,679",),,$,"(39,398",)
,,,,,,,,,,,,,,
Net loss per common share  basic and diluted,Net loss per common share  basic and diluted,Net loss per common share  basic and diluted,,$,(2.23,),,$,(1.45,),,$,(1.04,)
,,,,,,,,,,,,,,
Weighted average common shares outstanding  basic and 	diluted,Weighted average common shares outstanding  basic and 	diluted,Weighted average common shares outstanding  basic and 	diluted,,,40376,,,,38527,,,,37760,
,,,,,,,,,,,,,,
