Unnamed: 0,Unnamed: 1,Unnamed: 2,Unnamed: 3,2000,2000.1,Unnamed: 6,1999,1999.1,Unnamed: 9,1998,1998.1,Unnamed: 12
Deferred tax (assets) liabilities:,Deferred tax (assets) liabilities:,Deferred tax (assets) liabilities:,,,,,,,,,,
,Restructuring reserves,Restructuring reserves,,$,(11,),$,(22,),$,(55,)
,Reserves not deductible until paid,Reserves not deductible until paid,,,(400,),,(419,),,(361,)
,"Pension, postretirement and other employee benefits","Pension, postretirement and other employee benefits",,,(56,),,(85,),,(7,)
,Net operating loss and other tax carryforwards,Net operating loss and other tax carryforwards,,,(37,),,(15,),,(12,)
,"Property, plant and equipment","Property, plant and equipment",,,(55,),,4,,,(3,)
,Other,Other,,,87,,,(5,),,(133,)
,,,,,,,,,,,,
Net deferred tax (assets),Net deferred tax (assets),Net deferred tax (assets),,$,(472,),$,(542,),$,(571,)
,,,,,,,,,,,,
