Unnamed: 0_level_0,Unnamed: 1_level_0,Unnamed: 2_level_0,Unnamed: 3_level_0,"As of April 30,","As of April 30,","As of April 30,","As of April 30,","As of April 30,",Unnamed: 9_level_0
Unnamed: 0_level_1,Unnamed: 1_level_1,Unnamed: 2_level_1,Unnamed: 3_level_1,2000,2000.1,Unnamed: 6_level_1,1999,1999.1,Unnamed: 9_level_1
ASSETS,ASSETS,ASSETS,ASSETS,ASSETS,ASSETS,ASSETS,ASSETS,ASSETS,
CURRENT ASSETS,CURRENT ASSETS,CURRENT ASSETS,,,,,,,
,Cash,Cash,,$,29,,$,867,
,"Accounts receivable, net of allowances for doubtful accounts of $5,628 and $1,437","Accounts receivable, net of allowances for doubtful accounts of $5,628 and $1,437",,,74106,,,97446,
,Lease receivables,Lease receivables,,,25859,,,23299,
,Inventories,Inventories,,,12799,,,16846,
,"Costs and estimated earnings in excess of billings of $14,986 and $18,508","Costs and estimated earnings in excess of billings of $14,986 and $18,508",,,15252,,,24389,
,Deferred income taxes,Deferred income taxes,,,7468,,,1516,
,"Prepaid expenses, deposits and other","Prepaid expenses, deposits and other",,,11819,,,11500,
,,,,,,,,,
,,Total Current Assets,,,147332,,,175863,
,,,,,,,,,
PROPERTY AND EQUIPMENT,PROPERTY AND EQUIPMENT,PROPERTY AND EQUIPMENT,,,,,,,
,Machinery and equipment,Machinery and equipment,,,104070,,,97385,
,Lessaccumulated depreciation and amortization,Lessaccumulated depreciation and amortization,,,"(61,886",),,"(47,656",)
,,,,,,,,,
,,Net Property and Equipment,,,42184,,,49729,
,,,,,,,,,
OTHER ASSETS,OTHER ASSETS,OTHER ASSETS,,,,,,,
,"Goodwill, net of accumulated amortization of $533 and $11,033","Goodwill, net of accumulated amortization of $533 and $11,033",,,4462,,,39994,
,"Lease receivables, net of current portion","Lease receivables, net of current portion",,,41874,,,39736,
,Deferred income taxes,Deferred income taxes,,,3320,,,,
,Other assets,Other assets,,,4421,,,3194,
,,,,,,,,,
,,Total Other Assets,,,54077,,,82924,
,,,,,,,,,
,,,,$,243593,,$,308516,
,,,,,,,,,
LIABILITIES AND SHAREHOLDERS' EQUITY,LIABILITIES AND SHAREHOLDERS' EQUITY,LIABILITIES AND SHAREHOLDERS' EQUITY,LIABILITIES AND SHAREHOLDERS' EQUITY,LIABILITIES AND SHAREHOLDERS' EQUITY,LIABILITIES AND SHAREHOLDERS' EQUITY,LIABILITIES AND SHAREHOLDERS' EQUITY,LIABILITIES AND SHAREHOLDERS' EQUITY,LIABILITIES AND SHAREHOLDERS' EQUITY,
CURRENT LIABILITIES,CURRENT LIABILITIES,CURRENT LIABILITIES,,,,,,,
,Current maturities of long-term debt,Current maturities of long-term debt,,$,1194,,$,3004,
,Current maturities of discounted lease rentals,Current maturities of discounted lease rentals,,,20550,,,21550,
,Accounts payable,Accounts payable,,,32463,,,28394,
,Deferred revenue,Deferred revenue,,,20696,,,20967,
,Accrued liabilities:,Accrued liabilities:,,,,,,,
,,Salaries and wages,,,8332,,,7950,
,,Warranty costs,,,1790,,,1795,
,,Other liabilities,,,6850,,,5046,
,"Billings in excess of costs and estimated earnings of $20,624 and $10,858","Billings in excess of costs and estimated earnings of $20,624 and $10,858",,,15635,,,8918,
,,,,,,,,,
,,Total Current Liabilities,,,107510,,,97624,
"LONG-TERM DEBT, net of current maturities","LONG-TERM DEBT, net of current maturities","LONG-TERM DEBT, net of current maturities",,,67445,,,61411,
"DISCOUNTED LEASE RENTALS, net of current maturities","DISCOUNTED LEASE RENTALS, net of current maturities","DISCOUNTED LEASE RENTALS, net of current maturities",,,24285,,,32604,
OTHER LIABILITIES,OTHER LIABILITIES,OTHER LIABILITIES,,,1864,,,,
DEFERRED INCOME TAXES,DEFERRED INCOME TAXES,DEFERRED INCOME TAXES,,,,,,7542,
,,,,,,,,,
COMMITMENTS AND CONTINGENCIES (Note 11),COMMITMENTS AND CONTINGENCIES (Note 11),COMMITMENTS AND CONTINGENCIES (Note 11),,,,,,,
SHAREHOLDERS' EQUITY,SHAREHOLDERS' EQUITY,SHAREHOLDERS' EQUITY,,,,,,,
,"Common stock$.10 par value; 40,000,000 authorized shares; 11,239,113 and 10,763,726 shares issued and outstanding","Common stock$.10 par value; 40,000,000 authorized shares; 11,239,113 and 10,763,726 shares issued and outstanding",,,1124,,,1076,
,Capital in excess of par value,Capital in excess of par value,,,53520,,,51420,
,Retained earnings (deficit),Retained earnings (deficit),,,"(8,682",),,60264,
,Unamortized cost of stock,Unamortized cost of stock,,,"(1,707",),,"(1,805",)
,Accumulated other comprehensive income (loss),Accumulated other comprehensive income (loss),,,"(1,766",),,"(1,620",)
,,,,,,,,,
,,Total Shareholders' Equity,,,42489,,,109335,
,,,,,,,,,
,,,,$,243593,,$,308516,
,,,,,,,,,
