Unnamed: 0,Unnamed: 1,Unnamed: 2,Unnamed: 3,2000,2000.1,Unnamed: 6,1999,1999.1,Unnamed: 9
Accelerated depreciation,Accelerated depreciation,Accelerated depreciation,,$,"(49,652",),$,"(43,124",)
Capital and operating leases,Capital and operating leases,Capital and operating leases,,,41268,,,34738,
Long-term contract costs,Long-term contract costs,Long-term contract costs,,,755,,,"(1,213",)
Inventory and warranty reserves,Inventory and warranty reserves,Inventory and warranty reserves,,,2231,,,713,
Allowance for doubtful accounts,Allowance for doubtful accounts,Allowance for doubtful accounts,,,2887,,,1111,
Vacation reserves,Vacation reserves,Vacation reserves,,,120,,,541,
Self insurance reserve,Self insurance reserve,Self insurance reserve,,,663,,,518,
Net operating loss carryforwards,Net operating loss carryforwards,Net operating loss carryforwards,,,11042,,,,
"Other, net","Other, net","Other, net",,,1474,,,690,
,,,,,,,,,
,Net deferred taxes,Net deferred taxes,,$,10788,,$,"(6,026",)
,,,,,,,,,
