0,1,2
,"At June 30,","At June 30,"
Assets,2000,1999
,,
Cash,"$ 167,503",508585
Investment securities - available for sale,-,1048701
ESOP note receivable,362060,437241
Accrued interest receivable,16,28787
Other assets,111404,121063
Equity in net assets of the Bank,20852378,20523068
Total assets,"$21,493,361 ========","22,667,445 ========="
,,
Liabilities and Stockholders' Equity,,
,,
Accrued expenses and other liabilities,"$ 36,774",37983
Total liabilities,36774,37983
,,
Stockholders' equity,21456587,22629462
,,
Total liabilities and stockholders' equity,"$21,493,361 =======","22,667,445 ======="
