0,1,2,3,4,5
,,,,,
,,,Page,Page,Page
,,,,,
Financial Statements:,Financial Statements:,,,,
,,,,,
,,,,,
,,,,,
,,,,,
,Report of Independent Accountants,,,22,
,,,,,
,,,,,
,,,,,
,,,,,
,Consolidated Balance Sheets,,,23,
,,,,,
,,,,,
,,,,,
,,,,,
,Consolidated Statements of Operations,,,24,
,,,,,
,,,,,
,,,,,
,,,,,
,Consolidated Statements of Stockholders Equity,,,25,
,,,,,
,,,,,
,,,,,
,,,,,
,Consolidated Statements of Cash Flows,,,26,
,,,,,
,,,,,
,,,,,
,,,,,
,Notes to Consolidated Financial Statements,,,27,
,,,,,
,,,,,
,,,,,
,,,,,
,,,,,
Supplementary Data:,Supplementary Data:,,,,
,,,,,
,,,,,
,,,,,
,,,,,
,Report of Independent Accountants,,,48,
,,,,,
,,,,,
,,,,,
,,,,,
,Schedule II Valuation and Qualifying Accounts,,,49,
