Unnamed: 0_level_0,Unnamed: 1_level_0,Unnamed: 2_level_0,Unnamed: 3_level_0,Unnamed: 4_level_0,Unnamed: 5_level_0,"Four Months Ended April 30,","Four Months Ended April 30,","Four Months Ended April 30,","Four Months Ended April 30,","Four Months Ended April 30,",Unnamed: 11_level_0,"Year Ended December 31,","Year Ended December 31,","Year Ended December 31,","Year Ended December 31,","Year Ended December 31,",Unnamed: 17_level_0
Unnamed: 0_level_1,Unnamed: 1_level_1,Unnamed: 2_level_1,Unnamed: 3_level_1,Unnamed: 4_level_1,Unnamed: 5_level_1,2000,2000,Unnamed: 8_level_1,1999,1999,Unnamed: 11_level_1,1999,1999,Unnamed: 14_level_1,1998,1998,Unnamed: 17_level_1
Unnamed: 0_level_2,Unnamed: 1_level_2,Unnamed: 2_level_2,Unnamed: 3_level_2,Unnamed: 4_level_2,Unnamed: 5_level_2,Unnamed: 6_level_2,Unnamed: 7_level_2,Unnamed: 8_level_2,(Unaudited),(Unaudited).1,Unnamed: 11_level_2,Unnamed: 12_level_2,Unnamed: 13_level_2,Unnamed: 14_level_2,Unnamed: 15_level_2,Unnamed: 16_level_2,Unnamed: 17_level_2
Cash flows from operating activities:,Cash flows from operating activities:,Cash flows from operating activities:,Cash flows from operating activities:,Cash flows from operating activities:,,,,,,,,,,,,,
,Net Income (loss),Net Income (loss),Net Income (loss),Net Income (loss),,$,219105,,$,125676,,$,578557,,$,"(104,748",)
,Adjustments to reconcile net income (loss) to net cash provided by operating activities:,Adjustments to reconcile net income (loss) to net cash provided by operating activities:,Adjustments to reconcile net income (loss) to net cash provided by operating activities:,Adjustments to reconcile net income (loss) to net cash provided by operating activities:,,,,,,,,,,,,,
,,Depreciation and amortization,Depreciation and amortization,Depreciation and amortization,,,304897,,,353828,,,983371,,,740674,
,,Loss on impairment of long-term assets,Loss on impairment of long-term assets,Loss on impairment of long-term assets,,,,,,3747,,,136120,,,396050,
,,Loss on disposal of equipment,Loss on disposal of equipment,Loss on disposal of equipment,,,,,,,,,121198,,,5979,
,,Deferred income taxes,Deferred income taxes,Deferred income taxes,,,"(39,726",),,21477,,,"(148,952",),,"(104,356",)
,,Changes in current assets and liabilities:,Changes in current assets and liabilities:,Changes in current assets and liabilities:,,,,,,,,,,,,,
,,,"Accounts receivable, net","Accounts receivable, net",,,280199,,,"(196,253",),,"(54,520",),,"(114,556",)
,,,"Inventories, net","Inventories, net",,,"(373,482",),,4784,,,"(55,678",),,"(75,409",)
,,,Prepaid expenses and other,Prepaid expenses and other,,,69622,,,"(21,870",),,"(130,518",),,"(52,607",)
,,,Accounts payable,Accounts payable,,,64494,,,"(193,986",),,"(125,996",),,268453,
,,,Accrued expenses,Accrued expenses,,,169515,,,89886,,,140949,,,"(15,114",)
,,,Income taxes payable,Income taxes payable,,,"(378,173",),,47991,,,417404,,,"(19,180",)
,,,,,,,,,,,,,,,,,
,,,,Net cash provided by operating activities,,,316451,,,235280,,,1861935,,,925186,
,,,,,,,,,,,,,,,,,
Cash flows from investing activities:,Cash flows from investing activities:,Cash flows from investing activities:,Cash flows from investing activities:,Cash flows from investing activities:,,,,,,,,,,,,,
,"Additions to property, plant and equipment","Additions to property, plant and equipment","Additions to property, plant and equipment","Additions to property, plant and equipment",,,"(297,784",),,"(167,236",),,"(541,045",),,"(1,995,460",)
,Cash paid for acquisitions (Note 8),Cash paid for acquisitions (Note 8),Cash paid for acquisitions (Note 8),Cash paid for acquisitions (Note 8),,,,,,"(785,367",),,"(785,367",),,"(600,000",)
,Proceeds from sale of equipment,Proceeds from sale of equipment,Proceeds from sale of equipment,Proceeds from sale of equipment,,,,,,,,,,,,13100,
,"Other, net","Other, net","Other, net","Other, net",,,8631,,,"(17,242",),,21016,,,7597,
,,,,,,,,,,,,,,,,,
,,,,Net cash used in investing activities,,,"(289,153",),,"(969,845",),,"(1,305,396",),,"(2,574,763",)
,,,,,,,,,,,,,,,,,
Cash flows from financing activities:,Cash flows from financing activities:,Cash flows from financing activities:,Cash flows from financing activities:,Cash flows from financing activities:,,,,,,,,,,,,,
,Net borrowings (repayments) under short-term line of credit,Net borrowings (repayments) under short-term line of credit,Net borrowings (repayments) under short-term line of credit,Net borrowings (repayments) under short-term line of credit,,,,,,124062,,,"(261,478",),,261478,
,Proceeds from long-term debt,Proceeds from long-term debt,Proceeds from long-term debt,Proceeds from long-term debt,,,,,,450000,,,450000,,,1592000,
,Payments on long-term debt,Payments on long-term debt,Payments on long-term debt,Payments on long-term debt,,,"(38,101",),,"(600,878",),,"(907,842",),,"(690,804",)
,Payments on capital lease obligations,Payments on capital lease obligations,Payments on capital lease obligations,Payments on capital lease obligations,,,"(72,237",),,"(60,824",),,"(198,012",),,"(122,655",)
,Proceeds from sale/leaseback transactions,Proceeds from sale/leaseback transactions,Proceeds from sale/leaseback transactions,Proceeds from sale/leaseback transactions,,,,,,827648,,,1849410,,,352607,
,,,,,,,,,,,,,,,,,
,,,,Net cash provided by (used in) financing activities,,,"(110,338",),,740008,,,932078,,,1392626,
,,,,,,,,,,,,,,,,,
Increase (decrease) in cash and cash equivalents,Increase (decrease) in cash and cash equivalents,Increase (decrease) in cash and cash equivalents,Increase (decrease) in cash and cash equivalents,Increase (decrease) in cash and cash equivalents,,,"(83,040",),,5443,,,1488617,,,"(256,951",)
Cash and cash equivalents:,Cash and cash equivalents:,Cash and cash equivalents:,Cash and cash equivalents:,Cash and cash equivalents:,,,,,,,,,,,,,
,Beginning of period,Beginning of period,Beginning of period,Beginning of period,,,1523656,,,35039,,,35039,,,291990,
,,,,,,,,,,,,,,,,,
,End of period,End of period,End of period,End of period,,$,1440616,,$,40482,,$,1523656,,$,35039,
,,,,,,,,,,,,,,,,,
