0,1
,Asset management systems and services
,Customer database management systems
,Debt management systems and services
,Electronic commerce and automated purchasing and payment systems and services
,Information management systems
,Intelligent document management systems and services
,Litigation support services
,"Logistics and engineering support services and products, computer-aided logistics/data information systems"
,"Marketing data, demographic information systems and services, site location planning and analysis systems"
,"Network services, information assurance/security, and telecommunications network services"
,Product data and supply chain management
,Records management systems and services
,Simulation and modeling products and services
,Software development and reuse
,Systems and process reengineering
,Systems integration
,State motor vehicle registration and related management information systems
,Weapons systems/equipment configuration management systems
,World Wide Web integration; web hosting and application management services
