0,1,2,3,4,5,6,7,8,9,10,11
,,,,,,,,,,,
,,2000,2000.0,2000,,,,1999,1999,1999.0,
,,,,,,,,,,,
SUPPLEMENTAL SCHEDULE OF NONCASH  INVESTING AND FINANCING ACTIVITIES,SUPPLEMENTAL SCHEDULE OF NONCASH  INVESTING AND FINANCING ACTIVITIES,,,,,,,,,,
,,,,,,,,,,,
,,,,,,,,,,,
,,,,,,,,,,,
,,,,,,,,,,,
"The company disposed of the assets of its subsidiary, Northern NY,  to a principal stockholder for the assumption of  liabilities. The net liabilities assumed were as follows:","The company disposed of the assets of its subsidiary, Northern NY,  to a principal stockholder for the assumption of  liabilities. The net liabilities assumed were as follows:",,,,,,,,,,
,,,,,,,,,,,
,,,,,,,,,,,
,,,,,,,,,,,
,,,,,,,,,,,
"Property and equipment, net","Property and equipment, net",$,,,,,$,14455,,,
,,,,,,,,,,,
,,,,,,,,,,,
,,,,,,,,,,,
,,,,,,,,,,,
Accounts payable and accrued expenses,Accounts payable and accrued expenses,,,,,,,"(29,010",),,
,,,,,,,,,,,
Payroll taxes payable,Payroll taxes payable,,,,,,,"(449,037",),,
,,,,,,,,,,,
Net liabilities,Net liabilities,$,,,,,$,"(463,592",),,
,,,,,,,,,,,
Issuance of common stock for purchase of subsidiary (BC),Issuance of common stock for purchase of subsidiary (BC),$,,,,,$,300000,,,
,,,,,,,,,,,
