0,1,2,3,4,5,6
,,,,,,
Item,Item,Item,,,,
No.,No.,No.,,Caption,,Page
,,,,,,
,,,,Part I,,
,,,,,,
,,,,,,
,,,,,,
,,,,,,
,1.,,,Business,,1
,,,,,,
,,,,,,
,,,,,,
,,,,,,
,2.,,,Properties,,8
,,,,,,
,,,,,,
,,,,,,
,,,,,,
,3.,,,Legal Proceedings,,8
,,,,,,
,,,,,,
,,,,,,
,,,,,,
,4.,,,Submission of Matters to a Vote of Security Holders,,8
,,,,Part II,,
,,,,,,
,,,,,,
,,,,,,
,,,,,,
,5.,,,Market for Common Equity and Related Stockholder Matters,,8
,,,,,,
,,,,,,
,,,,,,
,,,,,,
,6.,,,Selected Financial Data,,10
,,,,,,
,,,,,,
,,,,,,
,,,,,,
,7.,,,Managements Discussion and Analysis of Financial Condition 	and Results of Operations,,12
,,,,,,
,,,,,,
,,,,,,
,,,,,,
,7,A.,,Quantitative and Qualitative Disclosures about Market Risk,,25
,,,,,,
,,,,,,
,,,,,,
,,,,,,
,8.,,,Financial Statements and Supplementary Data,,26
,,,,,,
,,,,,,
,,,,,,
,,,,,,
,9.,,,Changes in and Disagreements with Accountants on Accounting and 	Financial Disclosure,,75
,,,,Part III,,
,,,,,,
,,,,,,
,,,,,,
,,,,,,
,10.,,,Directors and Executive Officers of the Company,,75
,,,,,,
,,,,,,
,,,,,,
,,,,,,
,11.,,,Executive Compensation,,75
,,,,,,
,,,,,,
,,,,,,
,,,,,,
,12.,,,Security Ownership of Certain Beneficial Owners and Management,,75
,,,,,,
,,,,,,
,,,,,,
,,,,,,
,13.,,,Certain Relationships and Related Transactions,,75
,,,,Part IV,,
,,,,,,
,,,,,,
,,,,,,
,,,,,,
,14.,,,"Exhibits, Financial Statement Schedules, and Reports on 	Form 8-K",,75
,,,,,,
,,,,,,
,,,,,,
,,,,,,
,,,,Signatures,,76
,,,,,,
,,,,,,
,,,,,,
,,,,,,
,,,,List of Exhibits,,EXHIBIT INDEX
