Consolidated Balance Sheet Data,Unnamed: 1_level_0,"As of March 31,","As of March 31,","As of March 31,","As of March 31,","As of March 31,","As of March 31,","As of March 31,","As of March 31,","As of March 31,","As of March 31,","As of March 31,","As of March 31,","As of March 31,","As of March 31,"
Unnamed: 0_level_1,Unnamed: 1_level_1,2000,2000,Unnamed: 4_level_1,1999,1999,Unnamed: 7_level_1,1998,1998,Unnamed: 10_level_1,1997,1997,Unnamed: 13_level_1,1996,1996
Unnamed: 0_level_2,Unnamed: 1_level_2,(in thousands),(in thousands).1,(in thousands),(in thousands),(in thousands).1,(in thousands),(in thousands),(in thousands).1,(in thousands),(in thousands),(in thousands).1,(in thousands),(in thousands),(in thousands).1
Working capital,,$,1698,,$,(99,),$,4873,,$,2794,,$,2161
Total assets,,,17211,,,13241,,,16493,,,13445,,,4320
Long term obligations,,,6941,,,8280,,,8431,,,8715,,,319
Stockholders' equity,,,6524,,,1895,,,7064,,,4043,,,3384
