0,1,2
,,
,,"The Company incurs substantial costs to ensure the functionality 	and reliability of products earlier in their life cycle. This can  reduce orders, increase manufacturing costs, adversely impact 	working capital and increase service and warranty expenses."
,,
,,"The Company requires significant lead-times between product 	introduction and commercial shipment. As a result, the Company 	may have to write off inventory and other assets related to 	products and could lose customers and revenue."
