0,1,2,3,4,5,6,7,8,9,10
,,,,,,,,,,
,,,,2000,2000,2000,,1999,1999,1999
,,,,,,,,,,
,,ASSETS,,,,,,,,
,,,,,,,,,,
,,,,,,,,,,
,,,,,,,,,,
,,,,,,,,,,
CURRENT ASSETS  Cash and cash equivalents,CURRENT ASSETS  Cash and cash equivalents,CURRENT ASSETS  Cash and cash equivalents,,$,155106,,,$,713874,
,,,,,,,,,,
,,,,,,,,,,
,,,,,,,,,,
,,,,,,,,,,
,Miscellaneous receivables,Miscellaneous receivables,,,4382,,,,7970,
,,,,,,,,,,
,,,,,,,,,,
,,,,,,,,,,
,,,,,,,,,,
,Prepaid expenses,Prepaid expenses,,,1011,,,,18100,
,,,,,,,,,,
,,,,,160499,,,,739944,
,,,,,,,,,,
,,,,,,,,,,
,,,,,,,,,,
,,,,,,,,,,
PROPERTY AND EQUIPMENT Net,PROPERTY AND EQUIPMENT Net,PROPERTY AND EQUIPMENT Net,,,41997,,,,11512,
,,,,,,,,,,
,,,,,,,,,,
,,,,,,,,,,
,,,,,,,,,,
"INTANGIBLE ASSETS, NET","INTANGIBLE ASSETS, NET","INTANGIBLE ASSETS, NET",,,217500,,,,277500,
,,,,,,,,,,
TOTAL ASSETS,TOTAL ASSETS,TOTAL ASSETS,,$,419996,,,$,1028956,
,,,,,,,,,,
,,LIABILITIES AND STOCKHOLDERS EQUITY,,,,,,,,
,,,,,,,,,,
,,,,,,,,,,
,,,,,,,,,,
,,,,,,,,,,
CURRENT LIABILITIES  Account payable and  accrued expenses,CURRENT LIABILITIES  Account payable and  accrued expenses,CURRENT LIABILITIES  Account payable and  accrued expenses,,$,10893,,,$,18123,
,,,,,,,,,,
TOTAL CURRENT LIABILITIES,TOTAL CURRENT LIABILITIES,TOTAL CURRENT LIABILITIES,,,10893,,,,18123,
,,,,,,,,,,
,,STOCKHOLDERS EQUITY,,,,,,,,
,,,,,,,,,,
,,,,,,,,,,
,,,,,,,,,,
,,,,,,,,,,
"PREFERRED STOCK; $.0001 par value, 5,000,000 shares authorized;  and no shares issued and outstanding","PREFERRED STOCK; $.0001 par value, 5,000,000 shares authorized;  and no shares issued and outstanding","PREFERRED STOCK; $.0001 par value, 5,000,000 shares authorized;  and no shares issued and outstanding",,,,,,,,
,,,,,,,,,,
,,,,,,,,,,
,,,,,,,,,,
,,,,,,,,,,
"COMMON STOCK; $.0001 par value; 30,000,000 shares authorized;  19,654,000 shares issued; 16,154,000 shares outstanding","COMMON STOCK; $.0001 par value; 30,000,000 shares authorized;  19,654,000 shares issued; 16,154,000 shares outstanding","COMMON STOCK; $.0001 par value; 30,000,000 shares authorized;  19,654,000 shares issued; 16,154,000 shares outstanding",,,1615,,,,1615,
,,,,,,,,,,
,,,,,,,,,,
,,,,,,,,,,
,,,,,,,,,,
ADDITIONAL PAID-IN CAPITAL,ADDITIONAL PAID-IN CAPITAL,ADDITIONAL PAID-IN CAPITAL,,,2761186,,,,2663186,
,,,,,,,,,,
,,,,,,,,,,
,,,,,,,,,,
,,,,,,,,,,
ACCUMULATED DEFICIT,ACCUMULATED DEFICIT,ACCUMULATED DEFICIT,,,"(2,357,117",),,,"(1,653,968",)
,,,,,,,,,,
,,,,,,,,,,
,,,,,,,,,,
,,,,,,,,,,
ACCUMULATED OTHER COMPREHENSIVE INCOME,ACCUMULATED OTHER COMPREHENSIVE INCOME,ACCUMULATED OTHER COMPREHENSIVE INCOME,,,3419,,,,,
,,,,,,,,,,
,,,,,,,,,,
,,,,,,,,,,
,,,,,,,,,,
"LESS: TREASURY STOCK -  3,500,000 shares at cost","LESS: TREASURY STOCK -  3,500,000 shares at cost","LESS: TREASURY STOCK -  3,500,000 shares at cost",,,,,,,,
,,,,,,,,,,
TOTAL STOCKHOLDERS EQUITY,TOTAL STOCKHOLDERS EQUITY,TOTAL STOCKHOLDERS EQUITY,,,409103,,,,1010833,
,,,,,,,,,,
TOTAL LIABILITIES AND STOCKHOLDERS EQUITY,TOTAL LIABILITIES AND STOCKHOLDERS EQUITY,TOTAL LIABILITIES AND STOCKHOLDERS EQUITY,,$,419996,,,$,1028956,
,,,,,,,,,,
