0,1,2,3,4,5,6,7,8,9,10
,,,,,,,,,,
,,,,2000,2000,2000,,1999,1999,1999
,,,,,,,,,,
,,,,,,,,,,
,,,,"(dollars in thousands,","(dollars in thousands,","(dollars in thousands,","(dollars in thousands,","(dollars in thousands,","(dollars in thousands,","(dollars in thousands,"
,,,,except share data),except share data),except share data),except share data),except share data),except share data),except share data)
,,,,,,,,,,
,,,,,,,,,,
,,,,,,,,,,
,,,,,,,,,,
Assets,Assets,Assets,Assets,Assets,Assets,Assets,Assets,Assets,Assets,Assets
,,,,,,,,,,
,,,,,,,,,,
,,,,,,,,,,
,,,,,,,,,,
Current assets:,Current assets:,Current assets:,,,,,,,,
,,,,,,,,,,
,,,,,,,,,,
,,,,,,,,,,
,,,,,,,,,,
,Cash and cash equivalents,Cash and cash equivalents,,$,9584,,,,4058,
,,,,,,,,,,
,,,,,,,,,,
,,,,,,,,,,
,,,,,,,,,,
,Short-term investments,Short-term investments,,,5300,,,,4905,
,,,,,,,,,,
,,,,,,,,,,
,,,,,,,,,,
,,,,,,,,,,
,"Trade accounts and notes receivable, less allowance for doubtful 	accounts of $576 and $615 in 2000 and 1999, respectively","Trade accounts and notes receivable, less allowance for doubtful 	accounts of $576 and $615 in 2000 and 1999, respectively",,,41753,,,,51959,
,,,,,,,,,,
,,,,,,,,,,
,,,,,,,,,,
,,,,,,,,,,
,Inventories,Inventories,,,8150,,,,13445,
,,,,,,,,,,
,,,,,,,,,,
,,,,,,,,,,
,,,,,,,,,,
,Due from affiliated companies,Due from affiliated companies,,,10332,,,,3711,
,,,,,,,,,,
,,,,,,,,,,
,,,,,,,,,,
,,,,,,,,,,
,Refundable income taxes,Refundable income taxes,,,,,,,1467,
,,,,,,,,,,
,,,,,,,,,,
,,,,,,,,,,
,,,,,,,,,,
,Deferred income taxes,Deferred income taxes,,,3110,,,,1445,
,,,,,,,,,,
,,,,,,,,,,
,,,,,,,,,,
,,,,,,,,,,
,Prepaid expenses and other current assets,Prepaid expenses and other current assets,,,874,,,,770,
,,,,,,,,,,
,,Total current assets,,,79103,,,,81760,
,,,,,,,,,,
,,,,,,,,,,
,,,,,,,,,,
,,,,,,,,,,
Investment in affiliates,Investment in affiliates,Investment in affiliates,,,1202,,,,840,
,,,,,,,,,,
,,,,,,,,,,
,,,,,,,,,,
,,,,,,,,,,
"Property, plant, and equipment, net","Property, plant, and equipment, net","Property, plant, and equipment, net",,,33535,,,,36003,
,,,,,,,,,,
,,,,,,,,,,
,,,,,,,,,,
,,,,,,,,,,
Deferred income taxes,Deferred income taxes,Deferred income taxes,,,6648,,,,2075,
,,,,,,,,,,
,,,,,,,,,,
,,,,,,,,,,
,,,,,,,,,,
Other assets,Other assets,Other assets,,,7045,,,,7844,
,,,,,,,,,,
,,,,$,127533,,,,128522,
,,,,,,,,,,
,,,,,,,,,,
,,,,,,,,,,
,,,,,,,,,,
,,,,,,,,,,
Liabilities and Stockholders Equity,Liabilities and Stockholders Equity,Liabilities and Stockholders Equity,Liabilities and Stockholders Equity,Liabilities and Stockholders Equity,Liabilities and Stockholders Equity,Liabilities and Stockholders Equity,Liabilities and Stockholders Equity,Liabilities and Stockholders Equity,Liabilities and Stockholders Equity,Liabilities and Stockholders Equity
,,,,,,,,,,
,,,,,,,,,,
,,,,,,,,,,
,,,,,,,,,,
Current liabilities:,Current liabilities:,Current liabilities:,,,,,,,,
,,,,,,,,,,
,,,,,,,,,,
,,,,,,,,,,
,,,,,,,,,,
,Short-term borrowings,Short-term borrowings,,$,17445,,,,22094,
,,,,,,,,,,
,,,,,,,,,,
,,,,,,,,,,
,,,,,,,,,,
,Current portion of long-term debt,Current portion of long-term debt,,,6700,,,,3896,
,,,,,,,,,,
,,,,,,,,,,
,,,,,,,,,,
,,,,,,,,,,
,Current portion of obligations under capital leases,Current portion of obligations under capital leases,,,441,,,,391,
,,,,,,,,,,
,,,,,,,,,,
,,,,,,,,,,
,,,,,,,,,,
,Accounts payable,Accounts payable,,,25713,,,,25546,
,,,,,,,,,,
,,,,,,,,,,
,,,,,,,,,,
,,,,,,,,,,
,Accrued expenses,Accrued expenses,,,8412,,,,5862,
,,,,,,,,,,
,,,,,,,,,,
,,,,,,,,,,
,,,,,,,,,,
,Income taxes payable,Income taxes payable,,,1610,,,,,
,,,,,,,,,,
,,Total current liabilities,,,60321,,,,57789,
,,,,,,,,,,
Long-term liabilities:,Long-term liabilities:,Long-term liabilities:,,,,,,,,
,,,,,,,,,,
,,,,,,,,,,
,,,,,,,,,,
,,,,,,,,,,
,Long-term debt,Long-term debt,,,20455,,,,19607,
,,,,,,,,,,
,,,,,,,,,,
,,,,,,,,,,
,,,,,,,,,,
,Obligations under capital leases,Obligations under capital leases,,,439,,,,823,
,,,,,,,,,,
,,,,,,,,,,
,,,,,,,,,,
,,,,,,,,,,
,Liability for employee benefits,Liability for employee benefits,,,6048,,,,6119,
,,,,,,,,,,
,,,,,,,,,,
,,,,,,,,,,
,,,,,,,,,,
,Minority interest,Minority interest,,,654,,,,657,
,,,,,,,,,,
,,Total long-term liabilities,,,27596,,,,27206,
,,,,,,,,,,
Stockholders equity:,Stockholders equity:,Stockholders equity:,,,,,,,,
,,,,,,,,,,
,,,,,,,,,,
,,,,,,,,,,
,,,,,,,,,,
,"Common stock, $3 par value, 240,000 shares authorized, 198,000 	shares issued and outstanding at April 30, 2000 and 1999 and  paid in capital","Common stock, $3 par value, 240,000 shares authorized, 198,000 	shares issued and outstanding at April 30, 2000 and 1999 and  paid in capital",,,664,,,,664,
,,,,,,,,,,
,,,,,,,,,,
,,,,,,,,,,
,,,,,,,,,,
,Retained earnings,Retained earnings,,,32800,,,,40326,
,,,,,,,,,,
,,,,,,,,,,
,,,,,,,,,,
,,,,,,,,,,
,Accumulated other comprehensive income,Accumulated other comprehensive income,,,6152,,,,2537,
,,,,,,,,,,
,,Total stockholders equity,,,39616,,,,43527,
,,,,,,,,,,
,,Total liabilities and stockholders equity,,$,127533,,,,128522,
,,,,,,,,,,
