0,1,2,3
(in millions),2000,1999,1998
Cost Data:,,,
Research and  development costs,$ 14.4,$  15.4,$  16.1
Repairs and  maintenance costs,$ 62.3,$  61.4,$  63.7
Cash Flow Data:,,,
Cash paid during the  year for:,,,
"Interest payments, net of  amounts capitalized",$ 33.4,$  28.3,$  25.6
"Income tax payments, net of  refunds",$ 12.0,$  19.1,$  54.2
Non-cash investing  and financing  activities:,,,
Debt assumed in business  acquisitions,$  1.6,$ -,$141.7
"Property, plant and equipment  exchanges",$  3.4,$ -,$  -
Treasury stock issued for  business acquisitions,$ -,$ -,$ 1.0
