Unnamed: 0,Unnamed: 1,Unnamed: 2,Unnamed: 3,"July 1, 2000","July 1, 2000.1",Unnamed: 6,"July 3, 1999","July 3, 1999.1",Unnamed: 9,"June 27, 1998","June 27, 1998.1",Unnamed: 12
Liabilities and stockholders' equity,Liabilities and stockholders' equity,Liabilities and stockholders' equity,,,,,,,,,,
Notes payable,Notes payable,Notes payable,,$,2054,,$,1116,,$,570,
Accounts payable,Accounts payable,Accounts payable,,,1762,,,1645,,,1854,
Accrued liabilities,Accrued liabilities,Accrued liabilities,,,,,,,,,,
,Payroll and employee benefits,Payroll and employee benefits,,,928,,,779,,,657,
,Advertising and promotion,Advertising and promotion,,,421,,,386,,,337,
,Taxes other than payroll and income,Taxes other than payroll and income,,,104,,,89,,,220,
,Income taxes,Income taxes,,,55,,,45,,,159,
,Other,Other,,,1054,,,1320,,,1498,
Current maturities of long-term debt,Current maturities of long-term debt,Current maturities of long-term debt,,,381,,,336,,,221,
,,,,,,,,,,,,
Total current liabilities,Total current liabilities,Total current liabilities,,,6759,,,5716,,,5516,
,,,,,,,,,,,,
Long-term debt,Long-term debt,Long-term debt,,,2248,,,1892,,,2270,
Deferred income taxes,Deferred income taxes,Deferred income taxes,,,148,,,71,,,34,
Other liabilities,Other liabilities,Other liabilities,,,581,,,701,,,538,
Minority interest in subsidiaries,Minority interest in subsidiaries,Minority interest in subsidiaries,,,616,,,613,,,560,
"Preferred stock (authorized 13,500,000 shares; no par value)","Preferred stock (authorized 13,500,000 shares; no par value)","Preferred stock (authorized 13,500,000 shares; no par value)",,,,,,,,,,
,"ESOP convertible: Issued and outstanding  3,481,017 shares in 2000, 3,654,073 shares in 1999 and 4,208,297 shares in 1998","ESOP convertible: Issued and outstanding  3,481,017 shares in 2000, 3,654,073 shares in 1999 and 4,208,297 shares in 1998",,,252,,,265,,,305,
,Unearned deferred compensation,Unearned deferred compensation,,,(227,),,(232,),,(255,)
Common stockholders' equity,Common stockholders' equity,Common stockholders' equity,,,,,,,,,,
,"Common stock: (authorized 1,200,000,000 shares; $.01 par value)","Common stock: (authorized 1,200,000,000 shares; $.01 par value)",,,,,,,,,,
,,"Issued and outstanding  846,330,749 shares in 2000, 883,782,525 shares in 1999 and 460,664,857 shares in 1998",,,8,,,9,,,614,
,Capital surplus,Capital surplus,,,,,,508,,,,
,Retained earnings,Retained earnings,,,2393,,,1760,,,2036,
,Accumulated other comprehensive loss,Accumulated other comprehensive loss,,,"(1,146",),,"(1,006",),,(784,)
,Unearned restricted stock issued for future services,Unearned restricted stock issued for future services,,,(21,),,(5,),,(50,)
,,,,,,,,,,,,
Total common stockholders' equity,Total common stockholders' equity,Total common stockholders' equity,,,1234,,,1266,,,1816,
,,,,,,,,,,,,
,,,,$,11611,,$,10292,,$,10784,
,,,,,,,,,,,,
