0,1,2,3,4,5,6
"For the years ended June 30,","For the years ended June 30,","For the years ended June 30,","For the years ended June 30,","For the years ended June 30,",2000,1999
,,,,,,
Cash flows from operating activities:,Cash flows from operating activities:,Cash flows from operating activities:,Cash flows from operating activities:,Cash flows from operating activities:,,
,Net income,Net income,Net income,Net income,"$ 381,789","$ 292,978"
,Adjustments to reconcile net income to net cash flows from operating activities:,Adjustments to reconcile net income to net cash flows from operating activities:,Adjustments to reconcile net income to net cash flows from operating activities:,Adjustments to reconcile net income to net cash flows from operating activities:,,
,,Depreciation and amortization,Depreciation and amortization,Depreciation and amortization,16450,16039
,,Equity in net income of affiliates,Equity in net income of affiliates,Equity in net income of affiliates,"(235,057)","(195,517)"
,,Deferred income taxes,Deferred income taxes,Deferred income taxes,(600),(700)
,,Changes in other current assets and current liabilities:,Changes in other current assets and current liabilities:,Changes in other current assets and current liabilities:,,
,,,"Receivable - affiliate, net","Receivable - affiliate, net","(152,600)","(52,695)"
,,,Prepaid expenses,Prepaid expenses,"(2,171)","(1,388)"
,,,Accrued income taxes,Accrued income taxes,31873,2225
,,,Accrued expenses,Accrued expenses,"(8,820)",5521
,,,,,,
,,,,Net cash flows from operating activities,30864,66463
,,,,,,
Cash flows from investing activities:,Cash flows from investing activities:,Cash flows from investing activities:,Cash flows from investing activities:,Cash flows from investing activities:,,
,,Increase in short-term investments,Increase in short-term investments,Increase in short-term investments,"(1,402)","(1,305)"
,,Acquisition of patents,Acquisition of patents,Acquisition of patents,"(16,646)","(7,887)"
,,"Increase in cash value of life insurance, net","Increase in cash value of life insurance, net","Increase in cash value of life insurance, net","(9,310)","(9,318)"
,,,,,,
,,,,Net cash flows for investing activities,"(27,358)","(18,510)"
,,,,,,
Cash flows for financing activities:,Cash flows for financing activities:,Cash flows for financing activities:,Cash flows for financing activities:,Cash flows for financing activities:,,
,,Repayment of long-term debt,Repayment of long-term debt,Repayment of long-term debt,"(14,411)","(33,437)"
,,,,,,
,,,,Net increase (decrease) in cash,"(10,905)",14516
,,,,,,
Cash - beginning,Cash - beginning,Cash - beginning,Cash - beginning,Cash - beginning,16313,1797
,,,Cash - ending,Cash - ending,"$ 5,408","$ 16,313"
