Unnamed: 0,Unnamed: 1,Unnamed: 2,Unnamed: 3,2000,2000.1,Unnamed: 6,1999,1999.1
ASSETS,ASSETS,ASSETS,,,,,,
CURRENT ASSETS,CURRENT ASSETS,CURRENT ASSETS,,,,,,
,Cash and Cash Equivalents,Cash and Cash Equivalents,,$,416477,,$,232636
,"Accounts Receivable, Net of Allowance for Doubtful Accounts of $40,000 and $60,000, Respectively","Accounts Receivable, Net of Allowance for Doubtful Accounts of $40,000 and $60,000, Respectively",,,683233,,,1242963
,Inventories,Inventories,,,1629911,,,1921345
,Prepaid Expenses and Other,Prepaid Expenses and Other,,,25402,,,21215
,Income Taxes Receivable,Income Taxes Receivable,,,65657,,,
,Deferred Tax Asset,Deferred Tax Asset,,,177025,,,177025
,,,,,,,,
,,Total Current Assets,,$,2997705,,$,3595184
,,,,,,,,
PROPERTY AND EQUIPMENT,PROPERTY AND EQUIPMENT,PROPERTY AND EQUIPMENT,,,,,,
,Land,Land,,$,396043,,$,396043
,Building,Building,,,1310062,,,1310062
,Furniture and Fixtures,Furniture and Fixtures,,,249024,,,231060
,Production Equipment,Production Equipment,,,340643,,,323724
,,,,,,,,
,,Total,,$,2295772,,$,2260889
,Less: Accumulated Depreciation,Less: Accumulated Depreciation,,,529209,,,429577
,,,,,,,,
,,Net Property and Equipment,,$,1766563,,$,1831312
,,,,,,,,
,,Total Assets,,$,4764268,,$,5426496
,,,,,,,,
LIABILITIES AND STOCKHOLDERS' INVESTMENT,LIABILITIES AND STOCKHOLDERS' INVESTMENT,LIABILITIES AND STOCKHOLDERS' INVESTMENT,,,,,,
CURRENT LIABILITIES,CURRENT LIABILITIES,CURRENT LIABILITIES,,,,,,
,Current Maturities of Long-Term Debt,Current Maturities of Long-Term Debt,,$,105496,,$,69605
,Accounts Payable,Accounts Payable,,,376031,,,413065
,Accrued Expenses,Accrued Expenses,,,365718,,,425591
,Income Taxes Payable,Income Taxes Payable,,,,,,80642
,,,,,,,,
,,Total Current Liabilities,,$,847245,,$,988903
LONG-TERM DEBT,LONG-TERM DEBT,LONG-TERM DEBT,,,247693,,,663131
,,,,,,,,
,,Total Liabilities,,$,1094938,,$,1652034
,,,,,,,,
COMMITMENTS AND CONTINGENCIES,COMMITMENTS AND CONTINGENCIES,COMMITMENTS AND CONTINGENCIES,,,,,,
STOCKHOLDERS' INVESTMENT,STOCKHOLDERS' INVESTMENT,STOCKHOLDERS' INVESTMENT,,,,,,
,"Undesignated Stock, 5,000,000 Shares Authorized; None Issued or Outstanding","Undesignated Stock, 5,000,000 Shares Authorized; None Issued or Outstanding",,$,,,$,
,"Common Stock, No Par Value, 5,000,000 Shares Authorized; 4,452,597 Issued and Outstanding","Common Stock, No Par Value, 5,000,000 Shares Authorized; 4,452,597 Issued and Outstanding",,,1104289,,,1104289
,Retained Earnings,Retained Earnings,,,2565041,,,2670173
,,,,,,,,
,,Total Stockholders' Investment,,$,3669330,,$,3774462
,,,,,,,,
,,Total Liabilities and Stockholders' Investment,,$,4764268,,$,5426496
,,,,,,,,
