0,1,2
,10.3,"Executive Employment Agreement with Randall L. Peat.* Previously filed as an exhibit to the Company's Form 10-K Annual Report for the fiscal year ended April 30, 1995, and incorporated herein by reference."
,,
,10.4,"Manatron, Inc. Employee Stock Ownership and Salary Deferral Plan.* Previously filed as an exhibit to the Company's Form 10-K Annual Report for the fiscal year ended April 30, 1995, and incorporated herein by reference."
,,
,10.5,"Manatron, Inc. 1994 Long-Term Incentive Plan.* Previously filed as an exhibit to the Company's Form 10-K Annual Report for the fiscal year ended April 30, 1997, and incorporated herein by reference."
,,
,10.6,"Employment Agreement with Douglas A. Peat dated October 10, 1996.* Previously filed as an exhibit to the Company's Form 10-K Annual Report for the fiscal year ended April 30, 1997, and incorporated herein by reference."
,,
,10.7,"Employment Agreement with Jane M. Rix dated October 10, 1996.* Previously filed as an exhibit to the Company's Form 10-K Annual Report for the fiscal year ended April 30, 1997, and incorporated herein by reference."
,,
,10.8,"Employment Agreement with James W. Sanderbeck dated October 10, 1996.* Previously filed as an exhibit to the Company's Form 10-K Annual Report for the fiscal year ended April 30, 1997, and incorporated herein by reference."
,,
,10.9,"Employment Agreement with Paul R. Sylvester dated October 10, 1996.* Previously filed as an exhibit to the Company's Form 10-K Annual Report for the fiscal year ended April 30, 1997, and incorporated herein by reference."
