Unnamed: 0_level_0,Unnamed: 1_level_0,Unnamed: 2_level_0,Employee Stock Option Plan,Employee Stock Option Plan,Employee Stock Option Plan,Unnamed: 6_level_0,Directors' Stock Option Plan,Directors' Stock Option Plan,Directors' Stock Option Plan
Unnamed: 0_level_1,Unnamed: 1_level_1,Unnamed: 2_level_1,Shares,Unnamed: 4_level_1,Weighted Average Exercise Price,Unnamed: 6_level_1,Shares,Unnamed: 8_level_1,Weighted Average Exercise Price
Shares under option:,Shares under option:,,,,,,,,
"Outstanding at July 1, 1998","Outstanding at July 1, 1998",,1082000,,0.48,,200000.0,,0.5
Options granted,Options granted,,319000,,0.57,,,,
Options exercised,Options exercised,,"(400,000",),0.51,,,,
Options lapsed,Options lapsed,,"(86,000",),0.5,,,,
,,,,,,,,,
"Outstanding at June 30, 1999","Outstanding at June 30, 1999",,915000,,0.49,,200000.0,,0.5
Options granted,Options granted,,412000,,0.65,,,,
Options exercised,Options exercised,,"(117,250",),0.35,,,,
Options lapsed,Options lapsed,,"(64,750",),0.54,,,,
,,,,,,,,,
"Balance, June 30, 2000","Balance, June 30, 2000",,1145000,,0.56,,200000.0,,0.5
"Available to grant at June 30, 2000","Available to grant at June 30, 2000",,30500,,,,120000.0,,
Options exercisable:,Options exercisable:,,,,,,,,
,"June 30, 2000",,377250,,0.49,,200000.0,,0.5
,"June 30, 1999",,333750,,0.42,,162500.0,,0.5
