0,1,2,3,4,5,6,7,8
,,,,,,,,
Owned Locations,,Square Footage,Square Footage,Square Footage,,Use,,
,,,,,,,,
,,,,,,,,
,,,,,,,,
,,,,,,,,
"Spring Lake, Michigan",,921700,,,,"Manufacturing, Warehouse, and Office",,
,,,,,,,,
,,,,,,,,
,,,,,,,,
,,,,,,,,
"Holland, Michigan",,850500,,,,"Manufacturing, Distribution, Warehouse, and Office",,
,,,,,,,,
,,,,,,,,
,,,,,,,,
,,,,,,,,
"Zeeland, Michigan",,749000,,,,"Manufacturing, Warehouse, and Office",,
,,,,,,,,
,,,,,,,,
,,,,,,,,
,,,,,,,,
"Rocklin, California",,338100,,,,Manufacturing and Warehouse,,
,,,,,,,,
,,,,,,,,
,,,,,,,,
,,,,,,,,
"Holland, Michigan",,216700,,,,Design Center and Office,,
,,,,,,,,
,,,,,,,,
,,,,,,,,
,,,,,,,,
,,,,,,,,
,,,,,,,,
,,,,,,,,
,,,,,,,,
,,,,,,,,
,,,,,,,,
,,,,,,,,
,,,,,,,,
,,,,,,,,
,,,,,,,,
,,,,,,,,
,,,,,,,,
Leased Locations,,Square Footage,Square Footage,Square Footage,,Use,,
,,,,,,,,
,,,,,,,,
,,,,,,,,
,,,,,,,,
"Zeeland, Michigan",,399100,,,,"Manufacturing, Warehouse, and Office",,
,,,,,,,,
,,,,,,,,
,,,,,,,,
,,,,,,,,
"Canton, Georgia",,327800,,,,Manufacturing and Warehouse,,
,,,,,,,,
,,,,,,,,
,,,,,,,,
,,,,,,,,
"Fulton, Georgia",,176700,,,,"Manufacturing, Warehouse, and Office",,
,,,,,,,,
,,,,,,,,
,,,,,,,,
,,,,,,,,
"Chippenham, England, U.K",,168900,,,,Manufacturing and Warehouse,,
,,,,,,,,
,,,,,,,,
,,,,,,,,
,,,,,,,,
"Atlanta, Georgia",,115000,,,,Warehouse and Distribution,,
,,,,,,,,
,,,,,,,,
,,,,,,,,
,,,,,,,,
"Mexico City, Mexico",,68100,,,,"Manufacturing, Warehouse, and Office",,
