0,1,2,3,4,5,6
LIABILITIES AND SHAREHOLDERS' EQUITY,,2000,,,1999,
CURRENT LIABILITIES:,,,,,,
Current portion of long-term debt,$,50000,,$,155000,
Line of credit borrowings,,474336,,,--,
Accounts payable,,1337099,,,1726397,
Billings in excess of revenues earned,,,,,,
on long-term contracts,,3057534,,,3308140,
Billings for future services,,5659960,,,5914071,
Restructuring reserve,,24953,,,189942,
Accrued liabilities:,,,,,,
Payroll and employee benefits,,3331375,,,2563195,
Income taxes,,570355,,,1835320,
Accrued commissions,,367808,,,511996,
Other,,128927,,,190523,
,,,,,,
Total current liabilities,,15002347,,,16394584,
,,,,,,
DEFERRED INCOME TAXES,,242878,,,--,
,,,,,,
"LONG-TERM DEBT, less current portion",,--,,,50000,
,,,,,,
OTHER LONG-TERM LIABILITIES,,23733,,,--,
,,,,,,
SHAREHOLDERS' EQUITY,,,,,,
"Preferred stock, no par value,",,,,,,
"2,000,000 shares authorized, none issued",,--,,,--,
"Common stock, no par value, 7,500,000",,,,,,
"shares authorized, 3,518,245 and",,,,,,
"2,973,970 shares issued and outstanding",,,,,,
"at April 30, 2000 and 1999, respectively",,8707431,,,5672530,
Retained earnings,,3072212,,,1468367,
Deferred compensation,,"(298,876",),,"(232,052",)
Unearned ESOP shares,,"(25,000",),,"(125,000",)
,,,,,,
Total shareholders' equity,,11455767,,,6783845,
,,,,,,
,$,26724725,,$,23228429,
