Unnamed: 0,Unnamed: 1,Unnamed: 2,Unnamed: 3,2000,2000.1,Unnamed: 6,1999,1999.1,Unnamed: 9,1998,1998.1,Unnamed: 12
Cash flows from operating activities:,Cash flows from operating activities:,Cash flows from operating activities:,,,,,,,,,,
Net income (loss),Net income (loss),Net income (loss),,$,"(1,599,000",),$,1576000,,$,233000,
Adjustments to reconcile net income (loss) to net cash provided by (used in) operating activities:,Adjustments to reconcile net income (loss) to net cash provided by (used in) operating activities:,Adjustments to reconcile net income (loss) to net cash provided by (used in) operating activities:,,,,,,,,,,
,Depreciation and amortization,Depreciation and amortization,,,3301000,,,3104000,,,2013000,
,Allowance for doubtful accounts,Allowance for doubtful accounts,,,"(186,000",),,26000,,,60000,
,"Loss on sale of property, plant and equipment","Loss on sale of property, plant and equipment",,,14000,,,,,,,
,Changes in operating assets and liabilities,Changes in operating assets and liabilities,,,,,,,,,,
,,Accounts receivable,,,1619000,,,"(2,523,000",),,123000,
,,Inventories,,,109000,,,"(6,074,000",),,"(5,414,000",)
,,Prepaid expenses,,,"(241,000",),,11000,,,929000,
,,Accounts payable,,,617000,,,"(2,170,000",),,170000,
,,Accrued liabilities,,,"(503,000",),,242000,,,189000,
,,Customers' deposits,,,302000,,,,,,,
,,,,,,,,,,,,
Net cash provided by (used in) operating activities,Net cash provided by (used in) operating activities,Net cash provided by (used in) operating activities,,,3433000,,,"(5,808,000",),,"(1,697,000",)
Cash flows from investing activities:,Cash flows from investing activities:,Cash flows from investing activities:,,,,,,,,,,
,"Purchases of property, plant and equipment","Purchases of property, plant and equipment",,,"(1,001,000",),,"(1,610,000",),,"(15,347,000",)
,"Proceeds from sale of property, plant and equipment","Proceeds from sale of property, plant and equipment",,,15000,,,,,,,
,Purchases of intangibles,Purchases of intangibles,,,"(33,000",),,"(97,000",),,"(28,000",)
,Purchases of investments,Purchases of investments,,,,,,"(2,485,000",),,"(3,976,000",)
,Maturities of investments,Maturities of investments,,,,,,6438000,,,20613000,
,Decrease (increase) in security deposits,Decrease (increase) in security deposits,,,"(6,000",),,7000,,,"(62,000",)
,Decrease (increase) in other assets,Decrease (increase) in other assets,,,"(69,000",),,126000,,,371000,
,,,,,,,,,,,,
Net cash provided by (used in) investing activities,Net cash provided by (used in) investing activities,Net cash provided by (used in) investing activities,,,"(1,094,000",),,2379000,,,1571000,
Cash flows from financing activities:,Cash flows from financing activities:,Cash flows from financing activities:,,,,,,,,,,
,Payments of long-term obligations,Payments of long-term obligations,,,"(258,000",),,"(133,000",),,"(123,000",)
,Advance (payments) on line of credit,Advance (payments) on line of credit,,,"(1,883,000",),,1883000,,,,
,Proceeds from stock options exercised,Proceeds from stock options exercised,,,359000,,,131000,,,970000,
,,,,,,,,,,,,
Net cash provided by (used in) financing activities,Net cash provided by (used in) financing activities,Net cash provided by (used in) financing activities,,,"(1,782,000",),,1881000,,,847000,
,,,,,,,,,,,,
Net increase (decrease) in cash and cash equivalents,Net increase (decrease) in cash and cash equivalents,Net increase (decrease) in cash and cash equivalents,,,557000,,,"(1,548,000",),,721000,
Cash and cash equivalents at beginning of year,Cash and cash equivalents at beginning of year,Cash and cash equivalents at beginning of year,,,544000,,,2092000,,,1371000,
,,,,,,,,,,,,
Cash and cash equivalents at end of year,Cash and cash equivalents at end of year,Cash and cash equivalents at end of year,,$,1101000,,$,544000,,$,2092000,
,,,,,,,,,,,,
Supplemental disclosure of cash flow information:,Supplemental disclosure of cash flow information:,Supplemental disclosure of cash flow information:,,,,,,,,,,
,Cash paid during the year for:,Cash paid during the year for:,,,,,,,,,,
,,Interest,,$,940000,,$,726000,,$,710000,
