0,1
*,"TITLE The title to all of the above properties is in the name of either IRET Properties, a North Dakota Limited Partnership, IRET or a wholly-owned subsidiary of IRET, in fee simple (in each case,IRET has in its files an attorney's title opinion or a title insurance policy evidencing its title)."
*,"INSURANCE In the opinion of management, all of said properties are adequately covered by casualty and liability insurance."
*,PLANNED IMPROVEMENTS There are no plans for material improvements to any of the above properties.
*,"CONTRACTS OR OPTIONS TO SELL As of April 30, 2000, IRET had not entered into any contracts or options to sell any of the above properties."
*,"OCCUPANCY AND LEASES Occupancy rates shown above are for the fiscal year ended April 30, 2000. In the case of apartment properties, lease arrangements with individual tenants vary from month-to-month to one-year leases, with the normal term being six months. Leases on commercial properties vary from one year to 20 years."
