0,1,2,3
,1.0,,"Component Construction with thousands of masonry, wood and/or metal components that are assembled by laborers at the job sites is time consuming, complicated and relatively expensive."
,,,
,2.0,,"Modular Construction, on the other hand, offers the advantage of lower cost and fast field erection. It is faster and more efficient than field assembly of thousands of components. Some disadvantages of Modular construction are: factory-assembled units are difficult and expensive to move to job sites, thus limiting the practical distances the modules can be moved; more importantly, the type of structures that can be designed, assembled and shipped is narrowly defined and highly restricted, compared to the other two approaches; in addition, a more specialized workforce is required."
,,,
,3.0,,"Traditional Panelized Frame Construction offers some of the advantages of Component based construction, mainly design flexibility and ease of shipping, and it overcomes the design and shipping limitations of Modular Construction. Unfortunately, large specialized crews and large heavy-duty equipment are required, and large numbers of parts are required at the manufacturing locations. Component construction is not well suited to address high-performance standards for insulation and wind/earthquake resistance."
,,,
,4.0,,"Large warehouses and other low-performance buildings can be cost effectively constructed using the Concrete Panel Tilt-Up method. This method is not cost or performance effective for high-performance buildings such as those required for retail or other buildings needing temperature stability and/or maintenance economy, because concrete itself, as a material, is a conductor, not an insulator. As a result, separate insulating wallsa building within a buildingmust be built with wood or steel stud construction, which holds the insulation in place and allows for conventional wallboard finishing. Construction of such secondary insulation adds labor and material content to Tilt-Up construction."
