0,1,2,3,4,5,6,7,8,9,10,11,12,13,14
,,,,,,,,,,,,,,
,,,,,,,,,,,,,,
,,,,Years Ended,Years Ended,Years Ended,Years Ended,Years Ended,Years Ended,Years Ended,Years Ended,Years Ended,Years Ended,Years Ended
,,,,,,,,,,,,,,
,,,,"June 30,","June 30,","June 30,",,"July 2,","July 2,","July 2,",,"June 26,","June 26,","June 26,"
,,,,2000,2000,2000,,1999,1999,1999,,1998,1998,1998
,,,,,,,,,,,,,,
,,,,,,,,,,,,,,
,,,,(In thousands),(In thousands),(In thousands),(In thousands),(In thousands),(In thousands),(In thousands),(In thousands),(In thousands),(In thousands),(In thousands)
,,,,,,,,,,,,,,
,,,,,,,,,,,,,,
,,,,,,,,,,,,,,
,,,,,,,,,,,,,,
Cash flows from operating activities:,Cash flows from operating activities:,Cash flows from operating activities:,,,,,,,,,,,,
,,,,,,,,,,,,,,
,,,,,,,,,,,,,,
,,,,,,,,,,,,,,
,,,,,,,,,,,,,,
,Net income,Net income,,$,145141,,,$,174457,,,$,151424,
,,,,,,,,,,,,,,
,,,,,,,,,,,,,,
,,,,,,,,,,,,,,
,,,,,,,,,,,,,,
,Non-cash and other reconciling items:,Non-cash and other reconciling items:,,,,,,,,,,,,
,,,,,,,,,,,,,,
,,,,,,,,,,,,,,
,,,,,,,,,,,,,,
,,,,,,,,,,,,,,
,,Depreciation and amortization,,,75561,,,,52275,,,,50542,
,,,,,,,,,,,,,,
,,,,,,,,,,,,,,
,,,,,,,,,,,,,,
,,,,,,,,,,,,,,
,,Deferred taxes (Note 7),,,422,,,,"(32,294",),,,"(1,721",)
,,,,,,,,,,,,,,
,,,,,,,,,,,,,,
,,,,,,,,,,,,,,
,,,,,,,,,,,,,,
,,"Other, net (Note 12)",,,42140,,,,24922,,,,42936,
,,,,,,,,,,,,,,
,,,,,,,,,,,,,,
,,,,,,,,,,,,,,
,,,,,,,,,,,,,,
,,Pre-tax gain on dispositions of businesses (Notes 2 and 14),,,,,,,"(209,547",),,,"(33,795",)
,,,,,,,,,,,,,,
,,,,,263264,,,,9813,,,,209386,
,,,,,,,,,,,,,,
,,,,,,,,,,,,,,
,,,,,,,,,,,,,,
,,,,,,,,,,,,,,
,Changes in (net of effects from businesses acquired):,Changes in (net of effects from businesses acquired):,,,,,,,,,,,,
,,,,,,,,,,,,,,
,,,,,,,,,,,,,,
,,,,,,,,,,,,,,
,,,,,,,,,,,,,,
,,Receivables,,,"(403,189",),,,"(64,447",),,,"(113,745",)
,,,,,,,,,,,,,,
,,,,,,,,,,,,,,
,,,,,,,,,,,,,,
,,,,,,,,,,,,,,
,,Inventories,,,"(514,400",),,,19383,,,,"(94,300",)
,,,,,,,,,,,,,,
,,,,,,,,,,,,,,
,,,,,,,,,,,,,,
,,,,,,,,,,,,,,
,,"Payables, accruals and other, net",,,158416,,,,107195,,,,4717,
,,,,,,,,,,,,,,
,,Net cash flows (used for) provided from operating activities,,,"(495,909",),,,71954,,,,6058,
,,,,,,,,,,,,,,
Cash flows from financing activities:,Cash flows from financing activities:,Cash flows from financing activities:,,,,,,,,,,,,
,,,,,,,,,,,,,,
,,,,,,,,,,,,,,
,,,,,,,,,,,,,,
,,,,,,,,,,,,,,
,Repurchase of common stock,Repurchase of common stock,,,,,,,"(70,147",),,,"(308,218",)
,,,,,,,,,,,,,,
,,,,,,,,,,,,,,
,,,,,,,,,,,,,,
,,,,,,,,,,,,,,
,"Issuance of notes in public offering, net","Issuance of notes in public offering, net",,,358326,,,,198305,,,,,
,,,,,,,,,,,,,,
,,,,,,,,,,,,,,
,,,,,,,,,,,,,,
,,,,,,,,,,,,,,
,"Issuance (repayment) of commercial paper and bank debt, net","Issuance (repayment) of commercial paper and bank debt, net",,,720709,,,,"(209,773",),,,298749,
,,,,,,,,,,,,,,
,,,,,,,,,,,,,,
,,,,,,,,,,,,,,
,,,,,,,,,,,,,,
,(Payment of) proceeds from other debt,(Payment of) proceeds from other debt,,,(138,),,,(128,),,,604,
,,,,,,,,,,,,,,
,,,,,,,,,,,,,,
,,,,,,,,,,,,,,
,,,,,,,,,,,,,,
,Cash dividends (Note 12),Cash dividends (Note 12),,,"(18,180",),,,"(26,735",),,,"(24,548",)
,,,,,,,,,,,,,,
,,,,,,,,,,,,,,
,,,,,,,,,,,,,,
,,,,,,,,,,,,,,
,"Other, net","Other, net",,,24439,,,,603,,,,3973,
,,,,,,,,,,,,,,
,,Net cash flows provided from (used for) financing activities,,,1085156,,,,"(107,875",),,,"(29,440",)
,,,,,,,,,,,,,,
Cash flows from investing activities:,Cash flows from investing activities:,Cash flows from investing activities:,,,,,,,,,,,,
,,,,,,,,,,,,,,
,,,,,,,,,,,,,,
,,,,,,,,,,,,,,
,,,,,,,,,,,,,,
,"Purchases of property, plant and equipment","Purchases of property, plant and equipment",,,"(86,927",),,,"(73,016",),,,"(38,437",)
,,,,,,,,,,,,,,
,,,,,,,,,,,,,,
,,,,,,,,,,,,,,
,,,,,,,,,,,,,,
,"(Acquisition) disposition of operations, net (Notes 2 and 14)","(Acquisition) disposition of operations, net (Notes 2 and 14)",,,"(603,143",),,,338584,,,,86853,
,,,,,,,,,,,,,,
,,,,,,,,,,,,,,
,,,,,,,,,,,,,,
,,,,,,,,,,,,,,
,Investments in non-consolidated entities,Investments in non-consolidated entities,,,"(42,972",),,,,,,,,
,,,,,,,,,,,,,,
,,Net cash flows (used for) provided from investing activities,,,"(733,042",),,,265568,,,,48416,
,,,,,,,,,,,,,,
Effect of exchange rate changes on cash and cash equivalents,Effect of exchange rate changes on cash and cash equivalents,Effect of exchange rate changes on cash and cash equivalents,,,(995,),,,(272,),,,"(1,739",)
,,,,,,,,,,,,,,
Cash and cash equivalents:,Cash and cash equivalents:,Cash and cash equivalents:,,,,,,,,,,,,
,,,,,,,,,,,,,,
,,,,,,,,,,,,,,
,,,,,,,,,,,,,,
,,,,,,,,,,,,,,
, (decrease) increase, (decrease) increase,,,"(144,790",),,,229375,,,,23295,
,,,,,,,,,,,,,,
,,,,,,,,,,,,,,
,,,,,,,,,,,,,,
,,,,,,,,,,,,,,
, at beginning of year, at beginning of year,,,311982,,,,82607,,,,59312,
,,,,,,,,,,,,,,
, at end of year, at end of year,,$,167192,,,$,311982,,,$,82607,
,,,,,,,,,,,,,,
