0,1,2,3,4,5,6,7,8,9,10,11,12,13,14,15,16,17,18,19,20,21
,,,,,,,,,,,,,,,,,,,,,
,,,,,,,,,,,,,,,,,,,,,
,,,"June 30,","June 30,","June 30,","June 30,","June 30,","June 30,","June 30,","June 30,","June 30,","June 30,","June 30,","June 30,","June 30,","June 30,","June 30,","June 30,","June 30,","June 30,","June 30,"
,,,,,,,,,,,,,,,,,,,,,
,,,2000,2000,2000,,1999,1999,1999,,1998,1998,1998,,1997,1997,1997,,1996,1996,1996
,,,,,,,,,,,,,,,,,,,,,
,,,,,,,,,,,,,,,,,,,,,
,,,"(in thousands, except per share data)","(in thousands, except per share data)","(in thousands, except per share data)","(in thousands, except per share data)","(in thousands, except per share data)","(in thousands, except per share data)","(in thousands, except per share data)","(in thousands, except per share data)","(in thousands, except per share data)","(in thousands, except per share data)","(in thousands, except per share data)","(in thousands, except per share data)","(in thousands, except per share data)","(in thousands, except per share data)","(in thousands, except per share data)","(in thousands, except per share data)","(in thousands, except per share data)","(in thousands, except per share data)","(in thousands, except per share data)"
,,,,,,,,,,,,,,,,,,,,,
,,,,,,,,,,,,,,,,,,,,,
,,,,,,,,,,,,,,,,,,,,,
,,,,,,,,,,,,,,,,,,,,,
Statements of Operations Data:,Statements of Operations Data:,,,,,,,,,,,,,,,,,,,,
,,,,,,,,,,,,,,,,,,,,,
,,,,,,,,,,,,,,,,,,,,,
,,,,,,,,,,,,,,,,,,,,,
,,,,,,,,,,,,,,,,,,,,,
Net revenues,Net revenues,,$,139099,,,$,116871,,,$,7571,,,$,41159,,,$,25310,
,,,,,,,,,,,,,,,,,,,,,
,,,,,,,,,,,,,,,,,,,,,
,,,,,,,,,,,,,,,,,,,,,
,,,,,,,,,,,,,,,,,,,,,
Gross profit,Gross profit,,,113188,,,,95236,,,,63592,,,,31797,,,,18354,
,,,,,,,,,,,,,,,,,,,,,
,,,,,,,,,,,,,,,,,,,,,
,,,,,,,,,,,,,,,,,,,,,
,,,,,,,,,,,,,,,,,,,,,
Operating expenses:,Operating expenses:,,,,,,,,,,,,,,,,,,,,
,,,,,,,,,,,,,,,,,,,,,
,,,,,,,,,,,,,,,,,,,,,
,,,,,,,,,,,,,,,,,,,,,
,,,,,,,,,,,,,,,,,,,,,
,"Selling, general and administrative",,,45404,,,,38219,,,,27424,,,,16484,,,,10868,
,,,,,,,,,,,,,,,,,,,,,
,,,,,,,,,,,,,,,,,,,,,
,,,,,,,,,,,,,,,,,,,,,
,,,,,,,,,,,,,,,,,,,,,
,Research and development expenses,,,4903,,,,3396,,,,2885,,,,1450,,,,952,
,,,,,,,,,,,,,,,,,,,,,
,,,,,,,,,,,,,,,,,,,,,
,,,,,,,,,,,,,,,,,,,,,
,,,,,,,,,,,,,,,,,,,,,
,In-process research and development,,,,,,,9500,,,,35400,,,,,,,,,
,,,,,,,,,,,,,,,,,,,,,
,,,,,,,,,,,,,,,,,,,,,
,,,,,,,,,,,,,,,,,,,,,
,,,,,,,,,,,,,,,,,,,,,
,Depreciation and amortization,,,7375,,,,5810,,,,2903,,,,999,,,,559,
,,,,,,,,,,,,,,,,,,,,,
Total operating expenses,Total operating expenses,,,57682,,,,56925,,,,68612,,,,18933,,,,12379,
,,,,,,,,,,,,,,,,,,,,,
Operating income (loss),Operating income (loss),,,55506,,,,38311,,,,"(5,020",),,,12864,,,,5975,
,,,,,,,,,,,,,,,,,,,,,
,,,,,,,,,,,,,,,,,,,,,
,,,,,,,,,,,,,,,,,,,,,
,,,,,,,,,,,,,,,,,,,,,
Other:,Other:,,,,,,,,,,,,,,,,,,,,
,,,,,,,,,,,,,,,,,,,,,
,,,,,,,,,,,,,,,,,,,,,
,,,,,,,,,,,,,,,,,,,,,
,,,,,,,,,,,,,,,,,,,,,
,Gain on sale of assets,,,,,,,17650,,,,,,,,,,,,,
,,,,,,,,,,,,,,,,,,,,,
,,,,,,,,,,,,,,,,,,,,,
,,,,,,,,,,,,,,,,,,,,,
,,,,,,,,,,,,,,,,,,,,,
,Net interest income,,,11875,,,,9678,,,,7037,,,,3787,,,,79,
,,,,,,,,,,,,,,,,,,,,,
,,,,,,,,,,,,,,,,,,,,,
,,,,,,,,,,,,,,,,,,,,,
,,,,,,,,,,,,,,,,,,,,,
,Income tax (expense) benefit,,,"(24,387",),,,"(24,202",),,,"(14,424",),,,694,,,,1826,
,,,,,,,,,,,,,,,,,,,,,
Net income (loss),Net income (loss),,$,42994,,,$,41437,,,$,"(12,407",),,$,17345,,,$,7880,
,,,,,,,,,,,,,,,,,,,,,
Basic net income (loss) per common share,Basic net income (loss) per common share,,$,1.48,,,$,1.46,,,$,(0.51,),,$,0.88,,,$,0.52,
,,,,,,,,,,,,,,,,,,,,,
Diluted net income (loss) per common share,Diluted net income (loss) per common share,,$,1.41,,,$,1.41,,,$,(0.51,),,$,0.83,,,$,0.50,
,,,,,,,,,,,,,,,,,,,,,
Number of shares used in computing basic net income 	(loss) per common share,Number of shares used in computing basic net income 	(loss) per common share,,,29029,,,,28414,,,,24102,,,,19788,,,,15195,
,,,,,,,,,,,,,,,,,,,,,
Number of shares used in computing diluted net income 	(loss) per common share,Number of shares used in computing diluted net income 	(loss) per common share,,,30499,,,,29462,,,,24102,,,,20891,,,,15882,
,,,,,,,,,,,,,,,,,,,,,
,,,,,,,,,,,,,,,,,,,,,
