Unnamed: 0_level_0,Unnamed: 1_level_0,"Expected Maturity DateYear Ended June 30,","Expected Maturity DateYear Ended June 30,","Expected Maturity DateYear Ended June 30,","Expected Maturity DateYear Ended June 30,","Expected Maturity DateYear Ended June 30,","Expected Maturity DateYear Ended June 30,","Expected Maturity DateYear Ended June 30,","Expected Maturity DateYear Ended June 30,","Expected Maturity DateYear Ended June 30,","Expected Maturity DateYear Ended June 30,","Expected Maturity DateYear Ended June 30,","Expected Maturity DateYear Ended June 30,","Expected Maturity DateYear Ended June 30,","Expected Maturity DateYear Ended June 30,",Unnamed: 16_level_0,There- after,There- after,Unnamed: 19_level_0,Total,Total,Unnamed: 22_level_0,Fair Value
(in thousands of dollars),Unnamed: 1_level_1,2001,2001.1,Unnamed: 4_level_1,2002,2002.1,Unnamed: 7_level_1,2003,2003.1,Unnamed: 10_level_1,2004,2004.1,Unnamed: 13_level_1,2005,2005.1,There- after,There- after,Total,Total,Fair Value,Unnamed: 21_level_1,Unnamed: 22_level_1,Unnamed: 23_level_1
Foreign Currency Sensitive Liabilities:,,,,,,,,,,,,,,,,,,,,,,,
,,,,,,,,,,,,,,,,,,,,,,,
Variable rate borrowings under  warehouse facilities (AUD),,"$ 2,612",,,,,,,,,,,,,,,,,,"$ 2,612",,,"$ 2,612"
Average interest rate,,7.00,%,,,,,,,,,,,,,,,,,7.00,%,,
,,,,,,,,,,,,,,,,,,,,,,,
Variable rate borrowings under  warehouse facilities (GBP),,"$ 12,068",,,,,,,,,,,,,,,,,,"$ 12,068",,,"$ 12,068"
Average interest rate,,7.63,%,,,,,,,,,,,,,,,,,7.63,%,,
,,,,,,,,,,,,,,,,,,,,,,,
Variable rate borrowings under  warehouse facilities (JPY),,"$ 20,491",,,,,,,,,,,,,,,,,,"$ 20,491",,,"$ 20,491"
Average interest rate,,2.63,%,,,,,,,,,,,,,,,,,2.63,%,,
,,,,,,,,,,,,,,,,,,,,,,,
Variable rate borrowings under  warehouse facilities (SGD),,"$ 8,186",,,,,,,,,,,,,,,,,,"$ 8,186",,,"$ 8,186"
Average interest rate,,4.99,%,,,,,,,,,,,,,,,,,4.99,%,,
,,,,,,,,,,,,,,,,,,,,,,,
Variable rate borrowings under  warehouse facilities (EUR),,"$ 27,386",,,,,,,,,,,,,,,,,,"$ 27,386",,,"$ 27,386"
Average interest rate,,5.61,%,,,,,,,,,,,,,,,,,5.61,%,,
,,,,,,,,,,,,,,,,,,,,,,,
,,,,,,,,,,,,,,,,,,,,,,,
Other debt (GBP),,"$ 1,013",,,"$ 1,120",,,$ 870,,,$ 308,,,$ 172,,,"$ 1,046",,,"$ 4,529",,,"$ 4,070"
Average interest rate,,8.35,%,,8.33,%,,8.30,%,,7.72,%,,7.80,%,,7.80,%,,8.15,%,,
,,,,,,,,,,,,,,,,,,,,,,,
Totals,,"$ 71,756",,,"$ 1,120",,,$ 870,,,$ 308,,,$ 172,,,"$ 1,046",,,"$ 75,272",,,"$ 74,813"
,,,,,,,,,,,,,,,,,,,,,,,
Average interest rate,,5.12,%,,8.33,%,,8.30,%,,7.72,%,,7.80,%,,7.80,%,,5.26,%,,
,,,,,,,,,,,,,,,,,,,,,,,
