0,1,2,3,4,5,6,7,8,9,10,11,12
,,,,,,,,,,,,
,,,,,,,,,,,,
,,Fiscal Years Ended,Fiscal Years Ended,Fiscal Years Ended,Fiscal Years Ended,Fiscal Years Ended,Fiscal Years Ended,Fiscal Years Ended,Fiscal Years Ended,Fiscal Years Ended,Fiscal Years Ended,Fiscal Years Ended
,,,,,,,,,,,,
,,"June 30,","June 30,","June 30,",,"July 2,","July 2,","July 2,",,"June 26,","June 26,","June 26,"
,,2000,2000,2000,,1999,1999,1999,,1998,1998,1998
,,,,,,,,,,,,
,,,,,,,,,,,,
,,(Millions),(Millions),(Millions),(Millions),(Millions),(Millions),(Millions),(Millions),(Millions),(Millions),(Millions)
,,,,,,,,,,,,
,,,,,,,,,,,,
,,,,,,,,,,,,
,,,,,,,,,,,,
Electronics Marketing,,$,6638.2,,,$,4795.1,,,$,4474.2,
,,,,,,,,,,,,
,,,,,,,,,,,,
,,,,,,,,,,,,
,,,,,,,,,,,,
Computer Marketing,,,1863.5,,,,1554.9,,,,1403.7,
,,,,,,,,,,,,
,,,,,,,,,,,,
,,,,,,,,,,,,
,,,,,,,,,,,,
Avnet Applied Computing,,,670.5,,,,,,,,,
,,,,,,,,,,,,
,,,,,,,,,,,,
,,,,,,,,,,,,
,,,,,,,,,,,,
Video Communications,,,,,,,,,,,38.4,
,,,,,,,,,,,,
,,$,9172.2,,,$,6350.0,,,$,5916.3,
,,,,,,,,,,,,
