0,1,2,3,4,5,6,7,8,9,10,11,12,13,14,15,16,17,18,19,20,21,22
,,,,,,,,,,,,,,,,,,,,,,
,,,,,,,,,,,,,,,,,,,,,,
,,,,Fiscal Years Ended,Fiscal Years Ended,Fiscal Years Ended,Fiscal Years Ended,Fiscal Years Ended,Fiscal Years Ended,Fiscal Years Ended,Fiscal Years Ended,Fiscal Years Ended,Fiscal Years Ended,Fiscal Years Ended,Fiscal Years Ended,Fiscal Years Ended,Fiscal Years Ended,Fiscal Years Ended,Fiscal Years Ended,Fiscal Years Ended,Fiscal Years Ended,Fiscal Years Ended
,,,,,,,,,,,,,,,,,,,,,,
,,,,"June 30,","June 30,","June 30,",,"July 2,","July 2,","July 2,",,"June 26,","June 26,","June 26,",,"June 27,","June 27,","June 27,",,"June 28,","June 28,","June 28,"
,,,,2000,2000,2000,,1999,1999,1999,,1998,1998,1998,,1997,1997,1997,,1996,1996,1996
,,,,,,,,,,,,,,,,,,,,,,
,,,,,,,,,,,,,,,,,,,,,,
,,,,"(In millions, except for per share and ratio data)","(In millions, except for per share and ratio data)","(In millions, except for per share and ratio data)","(In millions, except for per share and ratio data)","(In millions, except for per share and ratio data)","(In millions, except for per share and ratio data)","(In millions, except for per share and ratio data)","(In millions, except for per share and ratio data)","(In millions, except for per share and ratio data)","(In millions, except for per share and ratio data)","(In millions, except for per share and ratio data)","(In millions, except for per share and ratio data)","(In millions, except for per share and ratio data)","(In millions, except for per share and ratio data)","(In millions, except for per share and ratio data)","(In millions, except for per share and ratio data)","(In millions, except for per share and ratio data)","(In millions, except for per share and ratio data)","(In millions, except for per share and ratio data)"
,,,,,,,,,,,,,,,,,,,,,,
,,,,,,,,,,,,,,,,,,,,,,
,,,,,,,,,,,,,,,,,,,,,,
,,,,,,,,,,,,,,,,,,,,,,
Income:,Income:,Income:,,,,,,,,,,,,,,,,,,,,
,,,,,,,,,,,,,,,,,,,,,,
,,,,,,,,,,,,,,,,,,,,,,
,,,,,,,,,,,,,,,,,,,,,,
,,,,,,,,,,,,,,,,,,,,,,
,Sales,Sales,,$,9172.2,,,$,6350.0,,,$,5916.3,,,$,5390.6,,,$,5207.8,
,,,,,,,,,,,,,,,,,,,,,,
,,,,,,,,,,,,,,,,,,,,,,
,,,,,,,,,,,,,,,,,,,,,,
,,,,,,,,,,,,,,,,,,,,,,
,Gross profit,Gross profit,,,1288.5,(c),,,948.6,(b),,,980.4,(a),,,961.8,,,,969.1,
,,,,,,,,,,,,,,,,,,,,,,
,,,,,,,,,,,,,,,,,,,,,,
,,,,,,,,,,,,,,,,,,,,,,
,,,,,,,,,,,,,,,,,,,,,,
,Operating income,Operating income,,,334.0,(c),,,173.2,(b),,,271.2,(a),,,327.7,,,,349.0,
,,,,,,,,,,,,,,,,,,,,,,
,,,,,,,,,,,,,,,,,,,,,,
,,,,,,,,,,,,,,,,,,,,,,
,,,,,,,,,,,,,,,,,,,,,,
,Income taxes,Income taxes,,,109.4,(c),,,200.8,(b),,,115.9,(a),,,130.7,,,,136.8,
,,,,,,,,,,,,,,,,,,,,,,
,,,,,,,,,,,,,,,,,,,,,,
,,,,,,,,,,,,,,,,,,,,,,
,,,,,,,,,,,,,,,,,,,,,,
,Earnings,Earnings,,,145.1,(c),,,174.5,(b),,,151.4,(a),,,182.8,,,,188.3,
,,,,,,,,,,,,,,,,,,,,,,
,,,,,,,,,,,,,,,,,,,,,,
,,,,,,,,,,,,,,,,,,,,,,
,,,,,,,,,,,,,,,,,,,,,,
Financial Position:,Financial Position:,Financial Position:,,,,,,,,,,,,,,,,,,,,
,,,,,,,,,,,,,,,,,,,,,,
,,,,,,,,,,,,,,,,,,,,,,
,,,,,,,,,,,,,,,,,,,,,,
,,,,,,,,,,,,,,,,,,,,,,
,Working capital,Working capital,,,1969.5,,,,1517.5,,,,1461.3,,,,1319.0,,,,1293.9,
,,,,,,,,,,,,,,,,,,,,,,
,,,,,,,,,,,,,,,,,,,,,,
,,,,,,,,,,,,,,,,,,,,,,
,,,,,,,,,,,,,,,,,,,,,,
,Total assets,Total assets,,,5244.4,,,,2984.7,,,,2733.7,,,,2594.1,,,,2521.7,
,,,,,,,,,,,,,,,,,,,,,,
,,,,,,,,,,,,,,,,,,,,,,
,,,,,,,,,,,,,,,,,,,,,,
,,,,,,,,,,,,,,,,,,,,,,
,Total debt,Total debt,,,1937.9,,,,791.5,,,,810.9,,,,514.6,,,,497.5,
,,,,,,,,,,,,,,,,,,,,,,
,,,,,,,,,,,,,,,,,,,,,,
,,,,,,,,,,,,,,,,,,,,,,
,,,,,,,,,,,,,,,,,,,,,,
,Shareholders equity,Shareholders equity,,,1902.0,,,,1397.6,,,,1315.9,,,,1502.2,,,,1505.2,
Per Share:(d),Per Share:(d),Per Share:(d),,,,,,,,,,,,,,,,,,,,
,,Earnings:(e),,,,,,,,,,,,,,,,,,,,
,,,,,,,,,,,,,,,,,,,,,,
,,,,,,,,,,,,,,,,,,,,,,
,,,,,,,,,,,,,,,,,,,,,,
,,,,,,,,,,,,,,,,,,,,,,
,,Basic,,,1.77,(c),,,2.45,(b),,,1.92,(a),,,2.15,,,,2.17,
,,,,,,,,,,,,,,,,,,,,,,
,,,,,,,,,,,,,,,,,,,,,,
,,,,,,,,,,,,,,,,,,,,,,
,,,,,,,,,,,,,,,,,,,,,,
,,Diluted,,,1.75,(c),,,2.43,(b),,,1.90,(a),,,2.12,,,,2.15,
,,,,,,,,,,,,,,,,,,,,,,
,,,,,,,,,,,,,,,,,,,,,,
,,,,,,,,,,,,,,,,,,,,,,
,,,,,,,,,,,,,,,,,,,,,,
,Dividends,Dividends,,,.30,,,,.30,,,,.30,,,,.30,,,,.30,
,,,,,,,,,,,,,,,,,,,,,,
,,,,,,,,,,,,,,,,,,,,,,
,,,,,,,,,,,,,,,,,,,,,,
,,,,,,,,,,,,,,,,,,,,,,
,Book value,Book value,,,21.53,,,,19.85,,,,18.05,,,,18.28,,,,17.34,
,,,,,,,,,,,,,,,,,,,,,,
,,,,,,,,,,,,,,,,,,,,,,
,,,,,,,,,,,,,,,,,,,,,,
,,,,,,,,,,,,,,,,,,,,,,
Ratios:,Ratios:,Ratios:,,,,,,,,,,,,,,,,,,,,
,,,,,,,,,,,,,,,,,,,,,,
,,,,,,,,,,,,,,,,,,,,,,
,,,,,,,,,,,,,,,,,,,,,,
,,,,,,,,,,,,,,,,,,,,,,
,Operating income margin on sales,Operating income margin on sales,,,3.6,%(c),,,2.7,%(b),,,4.6,%(a),,,6.1,%,,,6.7,%
,,,,,,,,,,,,,,,,,,,,,,
,,,,,,,,,,,,,,,,,,,,,,
,,,,,,,,,,,,,,,,,,,,,,
,,,,,,,,,,,,,,,,,,,,,,
,Profit margin on sales,Profit margin on sales,,,1.6,%(c),,,2.7,%(b),,,2.6,%(a),,,3.4,%,,,3.6,%
,,,,,,,,,,,,,,,,,,,,,,
,,,,,,,,,,,,,,,,,,,,,,
,,,,,,,,,,,,,,,,,,,,,,
,,,,,,,,,,,,,,,,,,,,,,
,Return on equity,Return on equity,,,8.7,%(c),,,13.2,%(b),,,10.4,%(a),,,12.0,%,,,13.3,%
,,,,,,,,,,,,,,,,,,,,,,
,,,,,,,,,,,,,,,,,,,,,,
,,,,,,,,,,,,,,,,,,,,,,
,,,,,,,,,,,,,,,,,,,,,,
,Return on capital,Return on capital,,,6.4,%(c),,,9.4,%(b),,,8.3,%(a),,,10.1,%,,,11.0,%
,,,,,,,,,,,,,,,,,,,,,,
,,,,,,,,,,,,,,,,,,,,,,
,,,,,,,,,,,,,,,,,,,,,,
,,,,,,,,,,,,,,,,,,,,,,
,Quick,Quick,,,1.0:1,,,,1.6:1,,,,1.6:1,,,,1.5:1,,,,1.6:1,
,,,,,,,,,,,,,,,,,,,,,,
,,,,,,,,,,,,,,,,,,,,,,
,,,,,,,,,,,,,,,,,,,,,,
,,,,,,,,,,,,,,,,,,,,,,
,Working capital,Working capital,,,2.0:1,,,,2.9:1,,,,3.4:1,,,,3.3:1,,,,3.5:1,
,,,,,,,,,,,,,,,,,,,,,,
,,,,,,,,,,,,,,,,,,,,,,
,,,,,,,,,,,,,,,,,,,,,,
,,,,,,,,,,,,,,,,,,,,,,
,Total debt to capital,Total debt to capital,,,50.5,%,,,36.2,%,,,38.1,%,,,25.5,%,,,24.8,%
