0,1,2
**3.01,,Articles of Restatement.
****3.02,,Amended and Restated By-Laws of the Registrant.
*10.01,,Second Incentive Stock Option plan of the Registrant.
*10.02,,Third Incentive Stock Option Plan of the Registrant.
*10.03,,"Lease, dated December 26, 1986, between Centennial/Warren Technology Associates Limited Partnership, as predecessor of Jiffy Lube International of Maryland, Inc., and the Registrant."
***10.04,,"Loan and Security Agreement, dated September 2, 1994, by and between the Registrant and the Bank of Baltimore Bancorp Leasing and Financial Inc., now known as First Union National Bank of Maryland."
*****10.05,,"Employment Agreement dated July 1, 1995 by and between the Registrant and William P. Tew, Ph.D."
*****10.06,,"Employment Agreement dated as of July 1, 1995 by and between the Registrant and Narlin B. Beaty, Ph.D."
*****10.07,,"Employment Agreement dated as of July 1, 1995 by and between the Registrant and John T. Janssen."
*****10.08,,"Employment Agreement dated as of July 1, 1995 by and between the Registrant and Robert J. Mello, Ph.D."
+10.09,,"Loan Agreement dated as of November 1, 1996, by and between the Registrant and Maryland Industrial Development Financing Authority."
+10.10,,"Letter of Credit and Reimbursement Agreement dated as of November 1, 1996, by and between the Registrant and First Union National Bank of North Carolina."
+10.11,,"Collateral Pledge Agreement dated as of November 1, 1996, by and between the Registrant and First Union National Bank of North Carolina."
+10.12,,"Promissory Note dated as of November 21, 1996 from the Registrant to the Mayor and City Council of Baltimore, in the original principal sum of $1,500,000."
+10.13,,"Promissory Note dated as of November 21, 1996 from the Registrant to the Maryland Industrial Financing Authority, in the original principal sum of $7,000,000."
*****10.14,,Fourth Incentive Stock Option Plan of the Registrant.
**10.15,,"Letter Agreement dated November 21, 1996, by and between Registrant and William P. Tew, Ph.D."
**10.16,,"Letter Agreement dated November 21, 1996, by and between Registrant and Narlin B. Beaty, Ph.D."
**10.17,,"Letter Agreement dated November 21, 1996, by and between Registrant and John T. Janssen."
**10.18,,"Letter Agreement dated November 21, 1996, by and between Registrant and Robert J. Mello, Ph.D."
**10.19,,1997 Directors' Stock Option Plan of the Registrant.
++10.20,,"Letter Agreement dated February 10, 1999, by and between Registrant and William P. Tew, Ph.D."
+++10.21,,"Employment Agreement dated January 11, 1999 by and between the Registrant and Thomas P. Rice."
++++10.22,,"Employment Agreement dated March 22, 1999 by and between the Registrant and John T. Botek."
