0,1,2,3,4,5,6,7,8,9,10,11,12,13,14,15,16,17,18,19,20,21,22,23,24,25,26,27,28,29,30
,,,,,,,,,,,,,,,,,,,,,,,,,,,,,,
,,,,,,,,,,,,,,,,,,,,,,,,,,,,,,
,,,,Redeemable,Redeemable,Redeemable,Redeemable,Redeemable,Redeemable,Redeemable,,,,,,,,,,,,,,,,,,Accumulated,Accumulated,Accumulated
,,,,Convertible,Convertible,Convertible,Convertible,Convertible,Convertible,Convertible,,,,,,,,,,,,,,Retained,Retained,Retained,,Other,Other,Other
,,,,Preferred Stock,Preferred Stock,Preferred Stock,Preferred Stock,Preferred Stock,Preferred Stock,Preferred Stock,,Common Stock,Common Stock,Common Stock,Common Stock,Common Stock,Common Stock,Common Stock,,,,,,Earnings,Earnings,Earnings,,Comprehensive,Comprehensive,Comprehensive
,,,,,,,,,,,,,,,,,,,,Addtl Paid-In,Addtl Paid-In,Addtl Paid-In,,(Accumulated,(Accumulated,(Accumulated,,Income,Income,Income
,,,,Shares,Shares,Shares,,Par Value,Par Value,Par Value,,Shares,Shares,Shares,,Par Value,Par Value,Par Value,,Capital,Capital,Capital,,Deficit),Deficit),Deficit),,(Loss),(Loss),(Loss)
,,,,,,,,,,,,,,,,,,,,,,,,,,,,,,
"Balance, December 31, 1996","Balance, December 31, 1996","Balance, December 31, 1996",,,,,,$,,,,,37499111,,,$,376,,,$,199755,,,$,64429,,,$,286,
,,,,,,,,,,,,,,,,,,,,,,,,,,,,,,
,,,,,,,,,,,,,,,,,,,,,,,,,,,,,,
,,,,,,,,,,,,,,,,,,,,,,,,,,,,,,
,,,,,,,,,,,,,,,,,,,,,,,,,,,,,,
Exercise of employee stock options and related tax benefit,Exercise of employee stock options and related tax benefit,Exercise of employee stock options and related tax benefit,,,,,,,,,,,358235,,,,3,,,,1196,,,,,,,,,
,,,,,,,,,,,,,,,,,,,,,,,,,,,,,,
,,,,,,,,,,,,,,,,,,,,,,,,,,,,,,
,,,,,,,,,,,,,,,,,,,,,,,,,,,,,,
,,,,,,,,,,,,,,,,,,,,,,,,,,,,,,
Employee stock purchase plan shares,Employee stock purchase plan shares,Employee stock purchase plan shares,,,,,,,,,,,183017,,,,1,,,,3291,,,,,,,,,
,,,,,,,,,,,,,,,,,,,,,,,,,,,,,,
,,,,,,,,,,,,,,,,,,,,,,,,,,,,,,
,,,,,,,,,,,,,,,,,,,,,,,,,,,,,,
,,,,,,,,,,,,,,,,,,,,,,,,,,,,,,
,Net loss,Net loss,,,,,,,,,,,,,,,,,,,,,,,"(39,398",),,,,
,"Other comprehensive losses, net of tax","Other comprehensive losses, net of tax",,,,,,,,,,,,,,,,,,,,,,,,,,,,
,,,,,,,,,,,,,,,,,,,,,,,,,,,,,,
,,,,,,,,,,,,,,,,,,,,,,,,,,,,,,
,,,,,,,,,,,,,,,,,,,,,,,,,,,,,,
,,,,,,,,,,,,,,,,,,,,,,,,,,,,,,
,,Foreign currency translation adjustment,,,,,,,,,,,,,,,,,,,,,,,,,,,,
,,,,,,,,,,,,,,,,,,,,,,,,,,,,,,
,,,,,,,,,,,,,,,,,,,,,,,,,,,,,,
,,,,,,,,,,,,,,,,,,,,,,,,,,,,,,
,,,,,,,,,,,,,,,,,,,,,,,,,,,,,,
,,"Unrealized loss on marketable securities, net of tax of $(3)",,,,,,,,,,,,,,,,,,,,,,,,,,,,
,,,,,,,,,,,,,,,,,,,,,,,,,,,,,,
,,,,,,,,,,,,,,,,,,,,,,,,,,,,,,
,,,,,,,,,,,,,,,,,,,,,,,,,,,,,,
,,,,,,,,,,,,,,,,,,,,,,,,,,,,,,
,Other comprehensive losses,Other comprehensive losses,,,,,,,,,,,,,,,,,,,,,,,,,,,"(2,368",)
,,,,,,,,,,,,,,,,,,,,,,,,,,,,,,
,,,,,,,,,,,,,,,,,,,,,,,,,,,,,,
,,,,,,,,,,,,,,,,,,,,,,,,,,,,,,
,,,,,,,,,,,,,,,,,,,,,,,,,,,,,,
Comprehensive loss,Comprehensive loss,Comprehensive loss,,,,,,,,,,,,,,,,,,,,,,,,,,,,
,,,,,,,,,,,,,,,,,,,,,,,,,,,,,,
,,,,,,,,,,,,,,,,,,,,,,,,,,,,,,
,,,,,,,,,,,,,,,,,,,,,,,,,,,,,,
,,,,,,,,,,,,,,,,,,,,,,,,,,,,,,
Adjustment to conform MultiLinks fiscal year,Adjustment to conform MultiLinks fiscal year,Adjustment to conform MultiLinks fiscal year,,,,,,,,,,,,,,,,,,,,,,,394,,,,,
,,,,,,,,,,,,,,,,,,,,,,,,,,,,,,
"Balance, December 31, 1997","Balance, December 31, 1997","Balance, December 31, 1997",,,,,,,,,,,38040363,,,,380,,,,204242,,,,25425,,,,"(2,082",)
,,,,,,,,,,,,,,,,,,,,,,,,,,,,,,
,,,,,,,,,,,,,,,,,,,,,,,,,,,,,,
,,,,,,,,,,,,,,,,,,,,,,,,,,,,,,
,,,,,,,,,,,,,,,,,,,,,,,,,,,,,,
Exercise of employee stock options,Exercise of employee stock options,Exercise of employee stock options,,,,,,,,,,,232068,,,,2,,,,979,,,,,,,,,
,,,,,,,,,,,,,,,,,,,,,,,,,,,,,,
,,,,,,,,,,,,,,,,,,,,,,,,,,,,,,
,,,,,,,,,,,,,,,,,,,,,,,,,,,,,,
,,,,,,,,,,,,,,,,,,,,,,,,,,,,,,
Employee stock purchase plan shares,Employee stock purchase plan shares,Employee stock purchase plan shares,,,,,,,,,,,286074,,,,3,,,,2345,,,,,,,,,
,,,,,,,,,,,,,,,,,,,,,,,,,,,,,,
,,,,,,,,,,,,,,,,,,,,,,,,,,,,,,
,,,,,,,,,,,,,,,,,,,,,,,,,,,,,,
,,,,,,,,,,,,,,,,,,,,,,,,,,,,,,
Issuance of shares  Starlight acquisition,Issuance of shares  Starlight acquisition,Issuance of shares  Starlight acquisition,,,,,,,,,,,1509266,,,,15,,,,14664,,,,,,,,,
,,,,,,,,,,,,,,,,,,,,,,,,,,,,,,
,,,,,,,,,,,,,,,,,,,,,,,,,,,,,,
,,,,,,,,,,,,,,,,,,,,,,,,,,,,,,
,,,,,,,,,,,,,,,,,,,,,,,,,,,,,,
,Net loss,Net loss,,,,,,,,,,,,,,,,,,,,,,,"(55,679",),,,,
,Other comprehensive losses,Other comprehensive losses,,,,,,,,,,,,,,,,,,,,,,,,,,,,
,,,,,,,,,,,,,,,,,,,,,,,,,,,,,,
,,,,,,,,,,,,,,,,,,,,,,,,,,,,,,
,,,,,,,,,,,,,,,,,,,,,,,,,,,,,,
,,,,,,,,,,,,,,,,,,,,,,,,,,,,,,
,,Foreign currency translation adjustment,,,,,,,,,,,,,,,,,,,,,,,,,,,,
,,,,,,,,,,,,,,,,,,,,,,,,,,,,,,
,,,,,,,,,,,,,,,,,,,,,,,,,,,,,,
,,,,,,,,,,,,,,,,,,,,,,,,,,,,,,
,,,,,,,,,,,,,,,,,,,,,,,,,,,,,,
,,Unrealized gain on marketable securities,,,,,,,,,,,,,,,,,,,,,,,,,,,,
,,,,,,,,,,,,,,,,,,,,,,,,,,,,,,
,,,,,,,,,,,,,,,,,,,,,,,,,,,,,,
,,,,,,,,,,,,,,,,,,,,,,,,,,,,,,
,,,,,,,,,,,,,,,,,,,,,,,,,,,,,,
,Other comprehensive losses,Other comprehensive losses,,,,,,,,,,,,,,,,,,,,,,,,,,,(52,)
,,,,,,,,,,,,,,,,,,,,,,,,,,,,,,
,,,,,,,,,,,,,,,,,,,,,,,,,,,,,,
,,,,,,,,,,,,,,,,,,,,,,,,,,,,,,
,,,,,,,,,,,,,,,,,,,,,,,,,,,,,,
Comprehensive loss,Comprehensive loss,Comprehensive loss,,,,,,,,,,,,,,,,,,,,,,,,,,,,
,,,,,,,,,,,,,,,,,,,,,,,,,,,,,,
"Balance, December 31, 1998","Balance, December 31, 1998","Balance, December 31, 1998",,,,,,,,,,,40067771,,,,400,,,,222230,,,,"(30,254",),,,"(2,134",)
,,,,,,,,,,,,,,,,,,,,,,,,,,,,,,
,,,,,,,,,,,,,,,,,,,,,,,,,,,,,,
,,,,,,,,,,,,,,,,,,,,,,,,,,,,,,
,,,,,,,,,,,,,,,,,,,,,,,,,,,,,,
Exercise of employee stock options,Exercise of employee stock options,Exercise of employee stock options,,,,,,,,,,,254043,,,,3,,,,1841,,,,,,,,,
,,,,,,,,,,,,,,,,,,,,,,,,,,,,,,
,,,,,,,,,,,,,,,,,,,,,,,,,,,,,,
,,,,,,,,,,,,,,,,,,,,,,,,,,,,,,
,,,,,,,,,,,,,,,,,,,,,,,,,,,,,,
Employee stock purchase plan shares,Employee stock purchase plan shares,Employee stock purchase plan shares,,,,,,,,,,,295820,,,,3,,,,1442,,,,,,,,,
,,,,,,,,,,,,,,,,,,,,,,,,,,,,,,
,,,,,,,,,,,,,,,,,,,,,,,,,,,,,,
,,,,,,,,,,,,,,,,,,,,,,,,,,,,,,
,,,,,,,,,,,,,,,,,,,,,,,,,,,,,,
Treasury stock transactions,Treasury stock transactions,Treasury stock transactions,,,,,,,,,,,,,,,,,,,,,,,,,,,,
,,,,,,,,,,,,,,,,,,,,,,,,,,,,,,
,,,,,,,,,,,,,,,,,,,,,,,,,,,,,,
,,,,,,,,,,,,,,,,,,,,,,,,,,,,,,
,,,,,,,,,,,,,,,,,,,,,,,,,,,,,,
Issuance of preferred shares to Intel,Issuance of preferred shares to Intel,Issuance of preferred shares to Intel,,,4478708,,,,30500,,,,,,,,,,,,,,,,,,,,,
,,,,,,,,,,,,,,,,,,,,,,,,,,,,,,
,,,,,,,,,,,,,,,,,,,,,,,,,,,,,,
,,,,,,,,,,,,,,,,,,,,,,,,,,,,,,
,,,,,,,,,,,,,,,,,,,,,,,,,,,,,,
,Net loss,Net loss,,,,,,,,,,,,,,,,,,,,,,,"(84,526",),,,,
,Other comprehensive losses,Other comprehensive losses,,,,,,,,,,,,,,,,,,,,,,,,,,,,
,,,,,,,,,,,,,,,,,,,,,,,,,,,,,,
,,,,,,,,,,,,,,,,,,,,,,,,,,,,,,
,,,,,,,,,,,,,,,,,,,,,,,,,,,,,,
,,,,,,,,,,,,,,,,,,,,,,,,,,,,,,
,,Foreign currency translation adjustments,,,,,,,,,,,,,,,,,,,,,,,,,,,,
,,,,,,,,,,,,,,,,,,,,,,,,,,,,,,
,,,,,,,,,,,,,,,,,,,,,,,,,,,,,,
,,,,,,,,,,,,,,,,,,,,,,,,,,,,,,
,,,,,,,,,,,,,,,,,,,,,,,,,,,,,,
,,Unrealized loss on marketable securities,,,,,,,,,,,,,,,,,,,,,,,,,,,,
,,,,,,,,,,,,,,,,,,,,,,,,,,,,,,
,,,,,,,,,,,,,,,,,,,,,,,,,,,,,,
,,,,,,,,,,,,,,,,,,,,,,,,,,,,,,
,,,,,,,,,,,,,,,,,,,,,,,,,,,,,,
,Other comprehensive losses,Other comprehensive losses,,,,,,,,,,,,,,,,,,,,,,,,,,,817,
,,,,,,,,,,,,,,,,,,,,,,,,,,,,,,
,,,,,,,,,,,,,,,,,,,,,,,,,,,,,,
,,,,,,,,,,,,,,,,,,,,,,,,,,,,,,
,,,,,,,,,,,,,,,,,,,,,,,,,,,,,,
Comprehensive loss,Comprehensive loss,Comprehensive loss,,,,,,,,,,,,,,,,,,,,,,,,,,,,
,,,,,,,,,,,,,,,,,,,,,,,,,,,,,,
"Balance, December 31, 1999 (Restated)","Balance, December 31, 1999 (Restated)","Balance, December 31, 1999 (Restated)",,,4478708,,,$,30500,,,,40617634,,,$,406,,,$,225513,,,$,"(114,780",),,$,"(1,317",)
,,,,,,,,,,,,,,,,,,,,,,,,,,,,,,
