Unnamed: 0_level_0,Unnamed: 1_level_0,Unnamed: 2_level_0,Unnamed: 3_level_0,Unnamed: 4_level_0,Unnamed: 5_level_0,Unnamed: 6_level_0,Unnamed: 7_level_0,"December 31,","December 31,","December 31,","December 31,","December 31,"
Unnamed: 0_level_1,Unnamed: 1_level_1,Unnamed: 2_level_1,Unnamed: 3_level_1,Unnamed: 4_level_1,"April 30, 2000","April 30, 2000",Unnamed: 7_level_1,"December 31,","December 31,","December 31,","December 31,","December 31,"
Unnamed: 0_level_2,Unnamed: 1_level_2,Unnamed: 2_level_2,Unnamed: 3_level_2,Unnamed: 4_level_2,"April 30, 2000","April 30, 2000",Unnamed: 7_level_2,1999,1999.1,Unnamed: 10_level_2,1998,1998.1
ASSETS,ASSETS,ASSETS,ASSETS,ASSETS,ASSETS,ASSETS,ASSETS,ASSETS,ASSETS,ASSETS,ASSETS,ASSETS
Current assets:,Current assets:,Current assets:,Current assets:,,,,,,,,,
,Cash and cash equivalents,Cash and cash equivalents,Cash and cash equivalents,,$,1440616,,$,1523656,,$,35039
,"Accounts receivable, net of allowance of $51,336, $39,389 and $29,301","Accounts receivable, net of allowance of $51,336, $39,389 and $29,301","Accounts receivable, net of allowance of $51,336, $39,389 and $29,301",,,799357,,,1079556,,,1025036
,"Inventories, net","Inventories, net","Inventories, net",,,1196642,,,823160,,,767482
,Prepaid expenses and other,Prepaid expenses and other,Prepaid expenses and other,,,80356,,,158596,,,90345
,Deferred tax asset,Deferred tax asset,Deferred tax asset,,,38000,,,28824,,,
,,,,,,,,,,,,
,,,Total current assets,,,3554971,,,3613792,,,1917902
"Property, plant and equipment, net of accumulated depreciation of $3,160,401, $2,874,073 and $2,507,356","Property, plant and equipment, net of accumulated depreciation of $3,160,401, $2,874,073 and $2,507,356","Property, plant and equipment, net of accumulated depreciation of $3,160,401, $2,874,073 and $2,507,356","Property, plant and equipment, net of accumulated depreciation of $3,160,401, $2,874,073 and $2,507,356",,,5087987,,,5076532,,,6309449
Deferred tax asset,Deferred tax asset,Deferred tax asset,Deferred tax asset,,,17000,,,,,,
Other assets,Other assets,Other assets,Other assets,,,494994,,,513575,,,481534
,,,,,,,,,,,,
,,,Total assets,,$,9154952,,$,9203899,,$,8708885
,,,,,,,,,,,,
LIABILITIES AND SHAREHOLDERS' EQUITY,LIABILITIES AND SHAREHOLDERS' EQUITY,LIABILITIES AND SHAREHOLDERS' EQUITY,LIABILITIES AND SHAREHOLDERS' EQUITY,LIABILITIES AND SHAREHOLDERS' EQUITY,LIABILITIES AND SHAREHOLDERS' EQUITY,LIABILITIES AND SHAREHOLDERS' EQUITY,LIABILITIES AND SHAREHOLDERS' EQUITY,LIABILITIES AND SHAREHOLDERS' EQUITY,LIABILITIES AND SHAREHOLDERS' EQUITY,LIABILITIES AND SHAREHOLDERS' EQUITY,LIABILITIES AND SHAREHOLDERS' EQUITY,LIABILITIES AND SHAREHOLDERS' EQUITY
Current liabilities:,Current liabilities:,Current liabilities:,Current liabilities:,,,,,,,,,
,Current portion of long-term debt,Current portion of long-term debt,Current portion of long-term debt,,$,114386,,$,113866,,$,235113
,Current portion of capital lease obligations,Current portion of capital lease obligations,Current portion of capital lease obligations,,,232386,,,224466,,,148409
,Short-term line of credit,Short-term line of credit,Short-term line of credit,,,,,,,,,261478
,Accounts payable,Accounts payable,Accounts payable,,,611161,,,546667,,,672663
,Accrued expenses,Accrued expenses,Accrued expenses,,,368460,,,198945,,,57996
,Income taxes payable,Income taxes payable,Income taxes payable,,,39231,,,417404,,,
,,,,,,,,,,,,
,,,Total current liabilities,,,1365624,,,1501348,,,1375659
"Long-term debt, net of current portion","Long-term debt, net of current portion","Long-term debt, net of current portion","Long-term debt, net of current portion",,,1198240,,,1236861,,,1573456
"Capital lease obligations, net of current portion","Capital lease obligations, net of current portion","Capital lease obligations, net of current portion","Capital lease obligations, net of current portion",,,1077311,,,1157468,,,909977
Deferred income taxes,Deferred income taxes,Deferred income taxes,Deferred income taxes,,,,,,13550,,,133678
,,,,,,,,,,,,
,,,Total liabilities,,,3641175,,,3909227,,,3992770
,,,,,,,,,,,,
Commitments and contingencies,Commitments and contingencies,Commitments and contingencies,Commitments and contingencies,,,,,,,,,
Shareholders' equity:,Shareholders' equity:,Shareholders' equity:,Shareholders' equity:,,,,,,,,,
,,"Common stock, no par value, 20,000,000 shares authorized; 2,687,139 shares issued and outstanding","Common stock, no par value, 20,000,000 shares authorized; 2,687,139 shares issued and outstanding",,,4296959,,,4296959,,,4296959
,,Retained earnings,Retained earnings,,,1216818,,,997713,,,419156
,,,,,,,,,,,,
,,,Total shareholders' equity,,,5513777,,,5294672,,,4716115
,,,,,,,,,,,,
,,,Total liabilities and shareholders' equity,,$,9154952,,$,9203899,,$,8708885
,,,,,,,,,,,,
