0,1,2,3,4,5,6,7,8,9
Name and Principal Position,Year,Salary,Bonus,Other Annual Compensation,Restricted Stock Awards,Restricted Stock Awards,Securities Underlying Options/ SAR(#),LTIP Pay- outs,All Other Compensation(3)
Kent E. Searl Chairman/CEO/ President,2000 1999 1998,"$189,390 162,528 174,858","$40,000 - - - -",- - - - -,- - - - -,None None None,None None None,- - - - -,- - - - -
,,,,,,,,,
Ronald G. Coss(1) Vice Chairman Chief Technical Officer,2000 1999 1998,"$363,275 359,062 325,163",- - - - -,"$52,142 39,619 35,406",- - - - -,"None 100,000(2) None","None 100,000(2) None",- - - - -,"$ 570 1,593 1,671"
,,,,,,,,,
"George J. Isaac Vice President, Chief Financial Officer, Secretary-Treasurer, Director",2000 1999 1998,"$207,607 195,436 189,269","$40,000 - - - -","$22,760 - - - -",- - - - -,None None None,None None None,- - - - -,"$1,587 1,466 - -"
,,,,,,,,,
"Gary G. Garleb General Manager Oregon Micro Systems, Inc.",2000 1999 1998,"$130,000 124,271 118,563","$32,500 - - - -","$13,659 9,986 15,539",- - - - -,None None None,None None None,- - - - -,"$ 716 1,467 1,350"
,,,,,,,,,
"Charles L. Bull General Manager Challenge Products, Inc.",2000 1999 1998,"$100,000 100,000 100,000","$48,647 39,089 28,563","$17,942 - - - -",- - - - -,None None None,None None None,- - - - -,"$1,806 1,739 1,633"
