Unnamed: 0_level_0,Unnamed: 1_level_0,Unnamed: 2_level_0,Unnamed: 3_level_0,Unnamed: 4_level_0,Unnamed: 5_level_0,"For the Year Ended March 31,","For the Year Ended March 31,","For the Year Ended March 31,","For the Year Ended March 31,","For the Year Ended March 31,","For the Year Ended March 31,","For the Year Ended March 31,","For the Year Ended March 31,",Unnamed: 14_level_0
Unnamed: 0_level_1,Unnamed: 1_level_1,Unnamed: 2_level_1,Unnamed: 3_level_1,Unnamed: 4_level_1,Unnamed: 5_level_1,2000,2000.1,Unnamed: 8_level_1,1999,1999.1,Unnamed: 11_level_1,1998,1998.1,Unnamed: 14_level_1
Cash flows from operating activities:,Cash flows from operating activities:,Cash flows from operating activities:,Cash flows from operating activities:,Cash flows from operating activities:,,,,,,,,,,
,Net loss allocable to common shareholders,Net loss allocable to common shareholders,Net loss allocable to common shareholders,Net loss allocable to common shareholders,,$,"(3,081,474",),$,"(7,076,174",),$,"(16,629,667",)
,Adjustments to reconcile net loss to net cash used in operating activities from continuing operations:,Adjustments to reconcile net loss to net cash used in operating activities from continuing operations:,Adjustments to reconcile net loss to net cash used in operating activities from continuing operations:,Adjustments to reconcile net loss to net cash used in operating activities from continuing operations:,,,,,,,,,,
,,,Net loss from discontinued operations,Net loss from discontinued operations,,,449790,,,3011928,,,12111294,
,,,Depreciation and amortization,Depreciation and amortization,,,730796,,,707494,,,514668,
,,,Contributed capital for services,Contributed capital for services,,,155389,,,32242,,,207292,
,,,Gain on sale of discontinued operations,Gain on sale of discontinued operations,,,"(2,852,667",),,,,,,
,,,Preferred stock dividends,Preferred stock dividends,,,1164519,,,1412341,,,112035,
,,,Interest paid on preferred stock,Interest paid on preferred stock,,,,,,,,,390411,
,Changes in operating assets and liabilities:,Changes in operating assets and liabilities:,Changes in operating assets and liabilities:,Changes in operating assets and liabilities:,,,,,,,,,,
,,,Accounts receivable,Accounts receivable,,,178430,,,"(151,343",),,158135,
,,,Inventories,Inventories,,,417770,,,640784,,,"(455,514",)
,,,Other current assets,Other current assets,,,"(11,207",),,21693,,,"(30,070",)
,,,Accounts payable,Accounts payable,,,3929,,,"(306,505",),,"(162,793",)
,,,Accrued payroll,Accrued payroll,,,173715,,,"(82,979",),,5294,
,,,Other accrued liabilities,Other accrued liabilities,,,"(490,830",),,"(222,734",),,77738,
,,,Deferred revenue,Deferred revenue,,,96727,,,"(10,000",),,"(240,000",)
,,,,,,,,,,,,,,
,,,,Net cash used in operating activities of continuing operations,,,"(3,065,113",),,"(2,023,253",),,"(3,941,177",)
,,,,Net cash provided by (used in) operating activities of discontinued operations,,,1920604,,,"(1,102,875",),,"(96,294",)
,,,,,,,,,,,,,,
,,,,,,,"(1,144,509",),,"(3,126,128",),,"(4,037,471",)
Cash flows from investing activities:,Cash flows from investing activities:,Cash flows from investing activities:,Cash flows from investing activities:,Cash flows from investing activities:,,,,,,,,,,
,Purchase of Marathon Stock,Purchase of Marathon Stock,Purchase of Marathon Stock,Purchase of Marathon Stock,,,"(331,456",),,,,,,
,Capital expenditures of continuing operations,Capital expenditures of continuing operations,Capital expenditures of continuing operations,Capital expenditures of continuing operations,,,"(98,516",),,"(76,578",),,"(110,387",)
,Capital expenditures of discontinued operations,Capital expenditures of discontinued operations,Capital expenditures of discontinued operations,Capital expenditures of discontinued operations,,,,,,"(281,729",),,"(15,000,000",)
,Other assets,Other assets,Other assets,Other assets,,,"(66,656",),,"(111,025",),,"(47,650",)
,,,,,,,,,,,,,,
,,,,Net cash used in investing activities,,,"(496,628",),,"(469,332",),,"(15,158,037",)
Cash flows from financing activities:,Cash flows from financing activities:,Cash flows from financing activities:,Cash flows from financing activities:,Cash flows from financing activities:,,,,,,,,,,
,Cash proceeds from the sale of Series C Preferred stock,Cash proceeds from the sale of Series C Preferred stock,Cash proceeds from the sale of Series C Preferred stock,Cash proceeds from the sale of Series C Preferred stock,,,2400000,,,,,,,
,Cash proceeds from common stock,Cash proceeds from common stock,Cash proceeds from common stock,Cash proceeds from common stock,,,4850350,,,2968932,,,4179869,
,Issuance of preferred stock,Issuance of preferred stock,Issuance of preferred stock,Issuance of preferred stock,,,,,,,,,12015000,
,Preferred stock issuance costs,Preferred stock issuance costs,Preferred stock issuance costs,Preferred stock issuance costs,,,,,,,,,"(200,000",)
,Minority interest capital contribution to discontinued operations,Minority interest capital contribution to discontinued operations,Minority interest capital contribution to discontinued operations,Minority interest capital contribution to discontinued operations,,,,,,,,,2985000,
,,,,,,,,,,,,,,
,,,,Net cash provided by financing activities,,,7250350,,,2968932,,,18979869,
,,,,,,,,,,,,,,
Increase (decrease) in cash and cash equivalents,Increase (decrease) in cash and cash equivalents,Increase (decrease) in cash and cash equivalents,Increase (decrease) in cash and cash equivalents,Increase (decrease) in cash and cash equivalents,,,5609213,,,"(626,528",),,"(215,639",)
Cash and cash equivalents:,Cash and cash equivalents:,Cash and cash equivalents:,Cash and cash equivalents:,Cash and cash equivalents:,,,,,,,,,,
,Beginning of period,Beginning of period,Beginning of period,Beginning of period,,,1274311,,,1900839,,,2116478,
,,,,,,,,,,,,,,
,End of period,End of period,End of period,End of period,,$,6883524,,$,1274311,,$,1900839,
,,,,,,,,,,,,,,
Supplemental disclosure of cash flow information:,Supplemental disclosure of cash flow information:,Supplemental disclosure of cash flow information:,Supplemental disclosure of cash flow information:,Supplemental disclosure of cash flow information:,,,,,,,,,,
,Cash paid for interest,Cash paid for interest,Cash paid for interest,Cash paid for interest,,$,,,$,,,$,,
,Cash paid for income taxes,Cash paid for income taxes,Cash paid for income taxes,Cash paid for income taxes,,,,,,,,,,
,Purchase of goodwill for stock,Purchase of goodwill for stock,Purchase of goodwill for stock,Purchase of goodwill for stock,,,,,,,,,134400,
,Purchase of fixed assets for stock,Purchase of fixed assets for stock,Purchase of fixed assets for stock,Purchase of fixed assets for stock,,,,,,35640,,,,
,Stock subscription receivable,Stock subscription receivable,Stock subscription receivable,Stock subscription receivable,,,,,,2400000,,,,
