0,1,2
ASSETS,2000,1999
-----------------------------------------------------------------------------------------------------------------------------------,-----------------------------------------------------------------------------------------------------------------------------------,-----------------------------------------------------------------------------------------------------------------------------------
Current Assets:,,
"Cash and cash equivalents Trade receivables, net Inventories, net Prepaid expenses Other current assets","$2,071,952 2,298,336 4,146,065 128,128 137,162 - -----------------","$656,299 3,909,732 4,788,382 174,664 232,431 - -----------------"
Total current assets,8781643,9761508
"Property and Equipment, net",8396365,9416656
Deferred Tax Asset,-,568000
"Other assets, net","577,868 - -----------------","382,153 - -----------------"
Total Assets,"$17,755,876 ==========","$20,128,317 =========="
LIABILITIES AND STOCKHOLDERS' EQUITY,,
Current Liabilities:,,
Current maturities of long-term debt Accounts payable Accrued expenses Customer deposits Income taxes payable,"$1,899,443 779,309 818,092 199,078 22,927 - -----------------","$329,201 1,641,419 508,426 479,936 49,298 - -----------------"
Total current liabilities,"3,718,849 - -----------------","3,008,280 - -----------------"
"Long-Term Debt, less current maturities","667,401 - -----------------","2,564,244 - -----------------"
Commitments and Contingencies,,
Stockholders' Equity:,,
"Preferred stock, authorized 10,000,000 shares, $.01 par value, none issued and outstanding Common stock, authorized 30,000,000 shares, $.01 par value, issued 3,477,050 shares in 2000 and 1999 Additional paid-in capital Treasury stock, at cost; 24,293 and 21,293 shares in 2000 and 1999 Accumulated deficit","- - 34,771 13,652,936 (188,730) (129,351) - -----------------","- - 34,771 13,652,936 (173,505) 1,041,591 - ------------------"
Total stockholders' equity,"13,369,626 - -----------------","14,555,793 - -----------------"
Total Liabilities and Stockholders' Equity,"$17,755,876 ==========","$20,128,317 =========="
