0,1,2,3,4,5,6,7,8,9,10
,,,,,,,,,,
,,,,2000,2000,2000,,1999,1999,1999
,,,,,,,,,,
,,,,,,,,,,
,,,,(in thousands),(in thousands),(in thousands),(in thousands),(in thousands),(in thousands),(in thousands)
,,,,,,,,,,
,,,,,,,,,,
,,,,,,,,,,
,,,,,,,,,,
Assets,Assets,Assets,Assets,Assets,Assets,Assets,Assets,Assets,Assets,Assets
,,,,,,,,,,
,,,,,,,,,,
,,,,,,,,,,
,,,,,,,,,,
Current assets:,Current assets:,Current assets:,,,,,,,,
,,,,,,,,,,
,,,,,,,,,,
,,,,,,,,,,
,,,,,,,,,,
,Cash and cash equivalents,Cash and cash equivalents,,$,72060,,,,97003,
,,,,,,,,,,
,,,,,,,,,,
,,,,,,,,,,
,,,,,,,,,,
,Short-term investments,Short-term investments,,,28236,,,,50020,
,,,,,,,,,,
,,,,,,,,,,
,,,,,,,,,,
,,,,,,,,,,
,"Trade accounts receivable, less allowance for doubtful accounts 	of $2,549 in 2000 and $5,600 in 1999","Trade accounts receivable, less allowance for doubtful accounts 	of $2,549 in 2000 and $5,600 in 1999",,,129102,,,,76808,
,,,,,,,,,,
,,,,,,,,,,
,,,,,,,,,,
,,,,,,,,,,
,Inventories,Inventories,,,81192,,,,80744,
,,,,,,,,,,
,,,,,,,,,,
,,,,,,,,,,
,,,,,,,,,,
,Prepaid expenses and other current assets,Prepaid expenses and other current assets,,,3301,,,,9790,
,,,,,,,,,,
,,Total current assets,,,313891,,,,314365,
,,,,,,,,,,
,,,,,,,,,,
,,,,,,,,,,
,,,,,,,,,,
Investments in affiliates,Investments in affiliates,Investments in affiliates,,,19810,,,,25360,
,,,,,,,,,,
,,,,,,,,,,
,,,,,,,,,,
,,,,,,,,,,
"Property, plant, and equipment, net","Property, plant, and equipment, net","Property, plant, and equipment, net",,,87913,,,,88997,
,,,,,,,,,,
,,,,,,,,,,
,,,,,,,,,,
,,,,,,,,,,
Other assets,Other assets,Other assets,,,13466,,,,15056,
,,,,,,,,,,
,,Total assets,,$,435080,,,,443778,
,,,,,,,,,,
,,,,,,,,,,
,,,,,,,,,,
,,,,,,,,,,
,,,,,,,,,,
Liabilities and Stockholders Equity,Liabilities and Stockholders Equity,Liabilities and Stockholders Equity,Liabilities and Stockholders Equity,Liabilities and Stockholders Equity,Liabilities and Stockholders Equity,Liabilities and Stockholders Equity,Liabilities and Stockholders Equity,Liabilities and Stockholders Equity,Liabilities and Stockholders Equity,Liabilities and Stockholders Equity
,,,,,,,,,,
,,,,,,,,,,
,,,,,,,,,,
,,,,,,,,,,
Current liabilities:,Current liabilities:,Current liabilities:,,,,,,,,
,,,,,,,,,,
,,,,,,,,,,
,,,,,,,,,,
,,,,,,,,,,
,Current portion of long-term debt,Current portion of long-term debt,,$,1077,,,,1275,
,,,,,,,,,,
,,,,,,,,,,
,,,,,,,,,,
,,,,,,,,,,
,Accounts payable,Accounts payable,,,43982,,,,20296,
,,,,,,,,,,
,,,,,,,,,,
,,,,,,,,,,
,,,,,,,,,,
,Due to affiliates,Due to affiliates,,,7372,,,,4805,
,,,,,,,,,,
,,,,,,,,,,
,,,,,,,,,,
,,,,,,,,,,
,Accrued liabilities,Accrued liabilities,,,23264,,,,44254,
,,,,,,,,,,
,,Total current liabilities,,,75695,,,,70630,
,,,,,,,,,,
Long-term liabilities:,Long-term liabilities:,Long-term liabilities:,,,,,,,,
,,,,,,,,,,
,,,,,,,,,,
,,,,,,,,,,
,,,,,,,,,,
,Long-term debt,Long-term debt,,,115162,,,,116129,
,,,,,,,,,,
,,,,,,,,,,
,,,,,,,,,,
,,,,,,,,,,
,Other liabilities,Other liabilities,,,7253,,,,10269,
,,,,,,,,,,
,,Total long-term liabilities,,,122415,,,,126398,
,,,,,,,,,,
Stockholders equity:,Stockholders equity:,Stockholders equity:,,,,,,,,
,,,,,,,,,,
,,,,,,,,,,
,,,,,,,,,,
,,,,,,,,,,
,"Common stock, no par value, 96,000 shares authorized, 29,703 and 	29,392 shares issued and outstanding at June 3, 2000 and 	May 31, 1999, respectively","Common stock, no par value, 96,000 shares authorized, 29,703 and 	29,392 shares issued and outstanding at June 3, 2000 and 	May 31, 1999, respectively",,,1,,,,1,
,,,,,,,,,,
,,,,,,,,,,
,,,,,,,,,,
,,,,,,,,,,
,Additional paid-in capital,Additional paid-in capital,,,430706,,,,427290,
,,,,,,,,,,
,,,,,,,,,,
,,,,,,,,,,
,,,,,,,,,,
,Retained earnings (deficit),Retained earnings (deficit),,,"(194,489",),,,"(180,311",)
,,,,,,,,,,
,,,,,,,,,,
,,,,,,,,,,
,,,,,,,,,,
,Accumulated comprehensive income (loss),Accumulated comprehensive income (loss),,,752,,,,(230,)
,,,,,,,,,,
,,Total stockholders equity,,,236970,,,,246750,
,,,,,,,,,,
,,Total liabilities and stockholders equity,,$,435080,,,,443778,
,,,,,,,,,,
