0,1,2,3,4,5,6,7,8,9,10,11,12,13,14,15,16
,,,,,,,,,,,,,,,,
,,,,,,2000,2000,2000,,1999,1999,1999,,1998,1998,1998
,,,,,,,,,,,,,,,,
,,,,,,,,,,,,,,,,
,,,,,,(in thousands),(in thousands),(in thousands),(in thousands),(in thousands),(in thousands),(in thousands),(in thousands),(in thousands),(in thousands),(in thousands)
,,,,,,,,,,,,,,,,
,,,,,,,,,,,,,,,,
,,,,,,,,,,,,,,,,
,,,,,,,,,,,,,,,,
Cash flows from operating activities:,Cash flows from operating activities:,Cash flows from operating activities:,Cash flows from operating activities:,Cash flows from operating activities:,,,,,,,,,,,,
,,,,,,,,,,,,,,,,
,,,,,,,,,,,,,,,,
,,,,,,,,,,,,,,,,
,,,,,,,,,,,,,,,,
,Net loss,Net loss,Net loss,Net loss,,$,"(14,178",),,,"(139,775",),,,"(29,396",)
,,,,,,,,,,,,,,,,
,,,,,,,,,,,,,,,,
,,,,,,,,,,,,,,,,
,,,,,,,,,,,,,,,,
,Adjustments to reconcile net earnings (loss) to net cash used in 	operating activities:,Adjustments to reconcile net earnings (loss) to net cash used in 	operating activities:,Adjustments to reconcile net earnings (loss) to net cash used in 	operating activities:,Adjustments to reconcile net earnings (loss) to net cash used in 	operating activities:,,,,,,,,,,,,
,,,,,,,,,,,,,,,,
,,,,,,,,,,,,,,,,
,,,,,,,,,,,,,,,,
,,,,,,,,,,,,,,,,
,,June 1999 IPEC net income,June 1999 IPEC net income,June 1999 IPEC net income,,,,,,,"(2,232",),,,,
,,,,,,,,,,,,,,,,
,,,,,,,,,,,,,,,,
,,,,,,,,,,,,,,,,
,,,,,,,,,,,,,,,,
,,Equity in net (earnings) loss of affiliates,Equity in net (earnings) loss of affiliates,Equity in net (earnings) loss of affiliates,,,3278,,,,(916,),,,"(4,418",)
,,,,,,,,,,,,,,,,
,,,,,,,,,,,,,,,,
,,,,,,,,,,,,,,,,
,,,,,,,,,,,,,,,,
,,Depreciation and amortization,Depreciation and amortization,Depreciation and amortization,,,17446,,,,20421,,,,15546,
,,,,,,,,,,,,,,,,
,,,,,,,,,,,,,,,,
,,,,,,,,,,,,,,,,
,,,,,,,,,,,,,,,,
,,"Loss on disposal of IPEC Clean, net of taxes","Loss on disposal of IPEC Clean, net of taxes","Loss on disposal of IPEC Clean, net of taxes",,,,,,,,,,,10578,
,,,,,,,,,,,,,,,,
,,,,,,,,,,,,,,,,
,,,,,,,,,,,,,,,,
,,,,,,,,,,,,,,,,
,,Gain on the sale of Fujimi Corporation,Gain on the sale of Fujimi Corporation,Gain on the sale of Fujimi Corporation,,,"(6,103",),,,,,,,,
,,,,,,,,,,,,,,,,
,,,,,,,,,,,,,,,,
,,,,,,,,,,,,,,,,
,,,,,,,,,,,,,,,,
,,"Merger, integration, and restructuring costs","Merger, integration, and restructuring costs","Merger, integration, and restructuring costs",,,,,,,49800,,,,,
,,,,,,,,,,,,,,,,
,,,,,,,,,,,,,,,,
,,,,,,,,,,,,,,,,
,,,,,,,,,,,,,,,,
,,Deferred income tax expense (benefit),Deferred income tax expense (benefit),Deferred income tax expense (benefit),,,,,,,"(4,662",),,,25516,
,,,,,,,,,,,,,,,,
,,,,,,,,,,,,,,,,
,,,,,,,,,,,,,,,,
,,,,,,,,,,,,,,,,
,,(Gain) loss on sales of assets,(Gain) loss on sales of assets,(Gain) loss on sales of assets,,,,,,,5419,,,,(42,)
,,,,,,,,,,,,,,,,
,,,,,,,,,,,,,,,,
,,,,,,,,,,,,,,,,
,,,,,,,,,,,,,,,,
,,Other,Other,Other,,,54,,,,(151,),,,(150,)
,,,,,,,,,,,,,,,,
,,,,,,,,,,,,,,,,
,,,,,,,,,,,,,,,,
,,,,,,,,,,,,,,,,
,,(Increase) decrease in assets:,(Increase) decrease in assets:,(Increase) decrease in assets:,,,,,,,,,,,,
,,,,,,,,,,,,,,,,
,,,,,,,,,,,,,,,,
,,,,,,,,,,,,,,,,
,,,,,,,,,,,,,,,,
,,,Trade accounts receivable,Trade accounts receivable,,,"(52,703",),,,12226,,,,"(4,445",)
,,,,,,,,,,,,,,,,
,,,,,,,,,,,,,,,,
,,,,,,,,,,,,,,,,
,,,,,,,,,,,,,,,,
,,,Inventories,Inventories,,,"(1,271",),,,20459,,,,"(42,088",)
,,,,,,,,,,,,,,,,
,,,,,,,,,,,,,,,,
,,,,,,,,,,,,,,,,
,,,,,,,,,,,,,,,,
,,,Prepaid expenses and other current assets,Prepaid expenses and other current assets,,,6526,,,,4495,,,,"(3,602",)
,,,,,,,,,,,,,,,,
,,,,,,,,,,,,,,,,
,,,,,,,,,,,,,,,,
,,,,,,,,,,,,,,,,
,,Increase (decrease) in liabilities:,Increase (decrease) in liabilities:,Increase (decrease) in liabilities:,,,,,,,,,,,,
,,,,,,,,,,,,,,,,
,,,,,,,,,,,,,,,,
,,,,,,,,,,,,,,,,
,,,,,,,,,,,,,,,,
,,,Accounts payable and due to affiliates,Accounts payable and due to affiliates,,,26853,,,,"(14,554",),,,"(9,016",)
,,,,,,,,,,,,,,,,
,,,,,,,,,,,,,,,,
,,,,,,,,,,,,,,,,
,,,,,,,,,,,,,,,,
,,,Accrued liabilities,Accrued liabilities,,,"(25,261",),,,"(2,137",),,,"(8,179",)
,,,,,,,,,,,,,,,,
,,,,,,,,,,,,,,,,
,,,,,,,,,,,,,,,,
,,,,,,,,,,,,,,,,
,,,Income taxes payable,Income taxes payable,,,130,,,,,,,,"(2,609",)
,,,,,,,,,,,,,,,,
,,,,,,,,,,,,,,,,
,,,,,,,,,,,,,,,,
,,,,,,,,,,,,,,,,
,,Net assets of discontinued operations,Net assets of discontinued operations,Net assets of discontinued operations,,,,,,,,,,,(802,)
,,,,,,,,,,,,,,,,
,,,,Net cash used in operating activities,,,"(45,229",),,,"(51,607",),,,"(53,107",)
,,,,,,,,,,,,,,,,
Cash flows from investing activities:,Cash flows from investing activities:,Cash flows from investing activities:,Cash flows from investing activities:,Cash flows from investing activities:,,,,,,,,,,,,
,,,,,,,,,,,,,,,,
,,,,,,,,,,,,,,,,
,,,,,,,,,,,,,,,,
,,,,,,,,,,,,,,,,
,Purchases of short-term investments,Purchases of short-term investments,Purchases of short-term investments,Purchases of short-term investments,,,"(64,340",),,,"(55,616",),,,"(609,172",)
,,,,,,,,,,,,,,,,
,,,,,,,,,,,,,,,,
,,,,,,,,,,,,,,,,
,,,,,,,,,,,,,,,,
,Maturities of short-term investments,Maturities of short-term investments,Maturities of short-term investments,Maturities of short-term investments,,,85808,,,,90369,,,,508521,
,,,,,,,,,,,,,,,,
,,,,,,,,,,,,,,,,
,,,,,,,,,,,,,,,,
,,,,,,,,,,,,,,,,
,Sales of short-term investments,Sales of short-term investments,Sales of short-term investments,Sales of short-term investments,,,,,,,35871,,,,,
,,,,,,,,,,,,,,,,
,,,,,,,,,,,,,,,,
,,,,,,,,,,,,,,,,
,,,,,,,,,,,,,,,,
,Capital expenditures,Capital expenditures,Capital expenditures,Capital expenditures,,,"(15,060",),,,"(31,361",),,,"(49,065",)
,,,,,,,,,,,,,,,,
,,,,,,,,,,,,,,,,
,,,,,,,,,,,,,,,,
,,,,,,,,,,,,,,,,
,Proceeds from the sale of Fujimi Corporation,Proceeds from the sale of Fujimi Corporation,Proceeds from the sale of Fujimi Corporation,Proceeds from the sale of Fujimi Corporation,,,10000,,,,,,,,,
,,,,,,,,,,,,,,,,
,,,,,,,,,,,,,,,,
,,,,,,,,,,,,,,,,
,,,,,,,,,,,,,,,,
,Proceeds from licensing technology and transfer of associated 	assets,Proceeds from licensing technology and transfer of associated 	assets,Proceeds from licensing technology and transfer of associated 	assets,Proceeds from licensing technology and transfer of associated 	assets,,,2335,,,,,,,,,
,,,,,,,,,,,,,,,,
,,,,,,,,,,,,,,,,
,,,,,,,,,,,,,,,,
,,,,,,,,,,,,,,,,
,Dividends from affiliates,Dividends from affiliates,Dividends from affiliates,Dividends from affiliates,,,,,,,1521,,,,2325,
,,,,,,,,,,,,,,,,
,,,,,,,,,,,,,,,,
,,,,,,,,,,,,,,,,
,,,,,,,,,,,,,,,,
,Other investing activities,Other investing activities,Other investing activities,Other investing activities,,,(371,),,,719,,,,(740,)
,,,,,,,,,,,,,,,,
,,,,Net cash provided by (used in) investing activities,,,18372,,,,41503,,,,"(148,131",)
,,,,,,,,,,,,,,,,
Cash flows from financing activities:,Cash flows from financing activities:,Cash flows from financing activities:,Cash flows from financing activities:,Cash flows from financing activities:,,,,,,,,,,,,
,,,,,,,,,,,,,,,,
,,,,,,,,,,,,,,,,
,,,,,,,,,,,,,,,,
,,,,,,,,,,,,,,,,
,Repayment of notes payable,Repayment of notes payable,Repayment of notes payable,Repayment of notes payable,,,,,,,(395,),,,(124,)
,,,,,,,,,,,,,,,,
,,,,,,,,,,,,,,,,
,,,,,,,,,,,,,,,,
,,,,,,,,,,,,,,,,
,Net proceeds from issuance of common stock and warrants,Net proceeds from issuance of common stock and warrants,Net proceeds from issuance of common stock and warrants,Net proceeds from issuance of common stock and warrants,,,,,,,,,,,122111,
,,,,,,,,,,,,,,,,
,,,,,,,,,,,,,,,,
,,,,,,,,,,,,,,,,
,,,,,,,,,,,,,,,,
,Proceeds from exercise of stock options and employee stock 	purchases,Proceeds from exercise of stock options and employee stock 	purchases,Proceeds from exercise of stock options and employee stock 	purchases,Proceeds from exercise of stock options and employee stock 	purchases,,,3416,,,,3400,,,,3723,
,,,,,,,,,,,,,,,,
,,,,,,,,,,,,,,,,
,,,,,,,,,,,,,,,,
,,,,,,,,,,,,,,,,
,Payment of preferred stock dividend,Payment of preferred stock dividend,Payment of preferred stock dividend,Payment of preferred stock dividend,,,,,,,(278,),,,(246,)
,,,,,,,,,,,,,,,,
,,,,,,,,,,,,,,,,
,,,,,,,,,,,,,,,,
,,,,,,,,,,,,,,,,
,Proceeds from long-term debt,Proceeds from long-term debt,Proceeds from long-term debt,Proceeds from long-term debt,,,,,,,,,,,111181,
,,,,,,,,,,,,,,,,
,,,,,,,,,,,,,,,,
,,,,,,,,,,,,,,,,
,,,,,,,,,,,,,,,,
,Principal payments on long-term debt,Principal payments on long-term debt,Principal payments on long-term debt,Principal payments on long-term debt,,,"(1,165",),,,"(1,082",),,,"(27,559",)
,,,,,,,,,,,,,,,,
,,,,Net cash provided by financing activities,,,2251,,,,1645,,,,209086,
,,,,,,,,,,,,,,,,
Effect of foreign currency rate changes on cash,Effect of foreign currency rate changes on cash,Effect of foreign currency rate changes on cash,Effect of foreign currency rate changes on cash,Effect of foreign currency rate changes on cash,,,(337,),,,980,,,,(701,)
,,,,,,,,,,,,,,,,
,,,,Net increase (decrease) in cash and cash equivalents,,,"(24,943",),,,"(7,479",),,,7147,
,,,,,,,,,,,,,,,,
,,,,,,,,,,,,,,,,
,,,,,,,,,,,,,,,,
,,,,,,,,,,,,,,,,
Cash and cash equivalents at beginning of year,Cash and cash equivalents at beginning of year,Cash and cash equivalents at beginning of year,Cash and cash equivalents at beginning of year,Cash and cash equivalents at beginning of year,,,97003,,,,104482,,,,97335,
,,,,,,,,,,,,,,,,
Cash and cash equivalents at end of year,Cash and cash equivalents at end of year,Cash and cash equivalents at end of year,Cash and cash equivalents at end of year,Cash and cash equivalents at end of year,,$,72060,,,,97003,,,,104482,
,,,,,,,,,,,,,,,,
