0,1,2,3,4,5,6,7,8,9,10,11,12,13
,,,,,,,,,,,,,
(dollars in thousands),(dollars in thousands),,ISG,,,MSG,,,Other,,,,Total
,,,,,,,,,,,,,
,,,,,,,,,,,,,
,,,,,,,,,,,,,
"Year Ended June 30, 2000","Year Ended June 30, 2000","Year Ended June 30, 2000","Year Ended June 30, 2000","Year Ended June 30, 2000","Year Ended June 30, 2000","Year Ended June 30, 2000","Year Ended June 30, 2000","Year Ended June 30, 2000","Year Ended June 30, 2000","Year Ended June 30, 2000","Year Ended June 30, 2000","Year Ended June 30, 2000","Year Ended June 30, 2000"
,Revenue from external customers,$,445283,,$,45104,,$,86,,,$,490473
,Pre-tax income (loss),,27774,,,4876,,,"(3,804",),,,28846
,Total assets,,199119,,,30587,,,6291,,,,235997
,Capital expenditures,,6182,,,767,,,1665,,,,8614
,Depreciation and amortization,,8782,,,2110,,,1075,,,,11967
,,,,,,,,,,,,,
,,,,,,,,,,,,,
"Year Ended June 30, 1999","Year Ended June 30, 1999","Year Ended June 30, 1999","Year Ended June 30, 1999","Year Ended June 30, 1999","Year Ended June 30, 1999","Year Ended June 30, 1999","Year Ended June 30, 1999","Year Ended June 30, 1999","Year Ended June 30, 1999","Year Ended June 30, 1999","Year Ended June 30, 1999","Year Ended June 30, 1999","Year Ended June 30, 1999"
,Revenue from external customers,$,389536,,$,43913,,$,-,,,$,433449
,Pre-tax income (loss),,23364,,,3441,,,"(2,915",),,,23890
,Total assets,,192363,,,28621,,,728,,,,221712
,Capital expenditures,,5730,,,1509,,,769,,,,8008
,Depreciation and amortization,,8667,,,1616,,,307,,,,10590
,,,,,,,,,,,,,
,,,,,,,,,,,,,
"Year Ended June 30, 1998","Year Ended June 30, 1998","Year Ended June 30, 1998","Year Ended June 30, 1998","Year Ended June 30, 1998","Year Ended June 30, 1998","Year Ended June 30, 1998","Year Ended June 30, 1998","Year Ended June 30, 1998","Year Ended June 30, 1998","Year Ended June 30, 1998","Year Ended June 30, 1998","Year Ended June 30, 1998","Year Ended June 30, 1998"
,Revenue from external customers,$,279936,,$,36822,,$,106,,,$,316864
,Pre-tax income (loss),,14923,,,3410,,,"(1,614",),,,16719
,Total assets,,133471,,,28629,,,960,,,,163060
,Capital expenditures,,4009,,,2356,,,757,,,,7122
,Depreciation and amortization,,5064,,,1477,,,331,,,,6872
