0,1,2
10.34,,"License and Distribution Agreement dated December 21, 1999 between Bioject, Inc. and Serono Laboratories, Inc. (An application for confidential treatment has been submitted to the SEC pursuant to Rule  24b-2 under the Securities Exchange Act of 1934, as amended. Confidential portions have been omitted and filed separately with the SEC.) Incorporated by reference to the Company's Form 10-Q for the quarter ended December 31, 1999."
10.34.1,,"Amendment dated March 15, 2000 to License and Distribution Agreement dated December 21, 1999 between Bioject, Inc. and Serono Laboratories, Inc. Incorporated by reference to the Company's Form  10-K for the year ended March 31, 2000 as filed with the Securities and Exchange Commission on June 29, 2000."
10.35,,"License and Development Agreement dated February 29, 2000 between Bioject Inc. and Amgen Inc. Confidential treatment has been requested with respect to certain portions of this exhibit pursuant to an Application for Confidential Treatment filed with the Commission under Rule 24b-2 under the Securities Exchange Act of 1934, as amended."
10.36,,"Form of Series R Common Stock Purchase Warrant. Incorporated by reference to the Company's Form 10-K for the year ended March 31, 2000 as filed with the Securities and Exchange Commission on June 29, 2000."
10.37,,"Form of Registration Rights Agreement for Series R Common Stock, dated December 1, 1999. Incorporated by reference to the Company's Form 10-K for the year ended March 31, 2000 as filed with the Securities and Exchange Commission on June 29, 2000."
10.38,,"Stock Purchase Agreement dated February 29, 2000 between Bioject Medical Technologies Inc. and Amgen Inc. Incorporated by reference to the Company's Registration Statement on Form S-3 (Registration No.  333-32848) filed March 20, 2000."
21,,"List of Subsidiaries. Incorporated by reference to the Company's Form 10-K for the year ended March 31, 1999."
23,,Consent of Independent Public Accountants
27,,"Financial Data Schedule. Incorporated by reference to the Company's Form 10-K for the year ended March 31, 2000 as filed with the Securities and Exchange Commission on June 29, 2000."
