0,1,2,3,4
STATE & CITY,PROPERTY TYPE,SQUARE FEET,INVESTMENT,FISCAL 2000 OCCUPANCY
,,,,
NEBRASKA,,,,
Columbus,,,,
Edgewood Vista,Assisted Living,5200,"$448,780",100.00%
Grand Island,,,,
Edgewood Vista,Assisted Living,5200,448780,100.00%
Omaha,,,,
Ameritrade,Office Building,73774,8306535,100.00%
Barnes & Noble,Retail Bookstore,27500,3699197,100.00%
Under Construction,,,,
"Hastings, Omaha, Freemont Edgewood Vista",Assisted Living,15600,209587,
Nebraska Total,,127274,"$13,112,879",100.00%
NORTH DAKOTA,,,,
Bismarck,,,,
Lester Chiropractic,Office Building,5400,"$268,917",100.00%
Fargo,,,,
Barnes & Noble,Retail,30000,3292012,100.00%
Petco,Retail,18000,1278934,100.00%
Stone Container,Office/Manufacturing,151850,4998485,100.00%
Great Plains Software,Campus Facility,121600,15375154,100.00%
Grand Forks,,,,
Carmike Theatre,Retail,28300,2545737,100.00%
MedPark Mall,Retail,45328,5492362,100.00%
Minot,,,,
114 South Main Street,Retail,3500,111996,100.00%
1st Avenue Building,Office Building,15900,530462,50.97%
401 South Main & 408 1st Street SE,Office Building/Parking,11200,660214,87.07%
Arrowhead,Retail/Office,80000,2912822,100.00%
Corner Express,Retail,4674,1581260,100.00%
Edgewood Vista,Assisted Living,97821,6270707,100.00%
Minot Plaza,Retail,10020,509954,92.50%
North Dakota Total,,623593,"$45,829,016",97.81%
SOUTH DAKOTA,,,,
Sioux Falls,,,,
Edgewood Vista,Assisted Living,11971,"$974,739",100.00%
South Dakota Total,,11971,"$974,739",100.00%
TOTAL COMMERCIAL,,1607209,"$ 120,714,774",97.77%
