0,1,2,3,4,5,6,7,8
,,,,,,,,
Exhibit No.,Exhibit No.,Exhibit No.,,,,,,Description
,,,,,,,,
,10.96,,,,,,,"Asset Purchase Agreement by and among The Exorex Company, LLC, 	Bioglan Pharma Plc, the Company and IMX Pharmaceuticals, Inc. 	dated June 29, 1999(16)"
,10.97,,,,,,,Medicis Pharmaceutical Corporation Executive Retention Plan(16)
,10.98,,,,,,,"Asset Purchase Agreement between Warner Chilcott, plc and the 	Company, dated September 14, 1999(16)"
,21.1,,,,,,,Subsidiaries(16)
,23.1,,,,,,,"Consent of Ernst & Young LLP, Independent Auditors(17)"
,24.1,,,,,,,Power of Attorney(17) See signature page(s)
,27.1,,,,,,,Financial Data Schedule(17)
