0,1,2
,"June 30,","June 30,"
,2000,1999
Real estate loans:,Real estate loans:,Real estate loans:
Conventional,"$ 94,747,953",87246749
Construction,5703982,3553651
Commercial,23303047,19047821
Loans secured by  deposit accounts,824899,826981
Consumer loans,8829338,8632758
Commercial,7349605,1480800
,140758824,120788760
Loans in process,"(1,021,289)","(1,296,384)"
"Deferred loan fees, net","(31,673)","(42,491)"
Deferred gain on sale  of real estate,"(4,159)","(10,100)"
Allowance for loan  losses,"(1,276,953)","(1,191,147)"
,"$ 138,424,750 ============","118,248,638 ============"
