Unnamed: 0,Unnamed: 1,Unnamed: 2,Unnamed: 3,2000,2000.1,Unnamed: 6,1999(2),1999(2).1,Unnamed: 9,1998,1998.1,Unnamed: 12
Sales(1),Sales(1),Sales(1),,,,,,,,,,
Sara Lee Foods,Sara Lee Foods,Sara Lee Foods,,$,5088,,$,5249,,$,5441,
Beverage,Beverage,Beverage,,,2827,,,2627,,,2806,
Household Products,Household Products,Household Products,,,2154,,,2095,,,2003,
Intimates and Underwear,Intimates and Underwear,Intimates and Underwear,,,7598,,,7440,,,7317,
,,,,,,,,,,,,
,,,,,17667,,,17411,,,17567,
Intersegment,Intersegment,Intersegment,,,(156,),,(141,),,(141,)
,,,,,,,,,,,,
,Total,Total,,$,17511,,$,17270,,$,17426,
,,,,,,,,,,,,
Operating income (loss)(5),Operating income (loss)(5),Operating income (loss)(5),,,,,,,,,,
Sara Lee Foods,Sara Lee Foods,Sara Lee Foods,,$,370,,$,397,(3),$,258,
Beverage,Beverage,Beverage,,,472,,,570,(4),,384,
Household Products,Household Products,Household Products,,,355,,,328,,,117,
Intimates and Underwear,Intimates and Underwear,Intimates and Underwear,,,844,,,776,,,(787,)
,,,,,,,,,,,,
,Total operating companies income (loss),Total operating companies income (loss),,,2041,,,2071,,,(28,)
,,,,,,,,,,,,
Amortization of goodwill and trademarks,Amortization of goodwill and trademarks,Amortization of goodwill and trademarks,,,(171,),,(163,),,(157,)
General corporate expenses,General corporate expenses,General corporate expenses,,,(127,),,(197,),,(170,)
,,,,,,,,,,,,
,Total operating income (loss),Total operating income (loss),,,1743,,,1711,,,(355,)
Net interest expense,Net interest expense,Net interest expense,,,(176,),,(141,),,(176,)
,,,,,,,,,,,,
,Income (loss) from continuing operations before income taxes,Income (loss) from continuing operations before income taxes,,$,1567,,$,1570,,$,(531,)
,,,,,,,,,,,,
