0,1
,PAGE
INDEPENDENT AUDITORS REPORT,1
,
CONSOLIDATED FINANCIAL STATEMENTS,
Consolidated Balance Sheets,2-3
Consolidated Statements of Operations,4
Consolidated Statements of Shareholders' Equity,5
Consolidated Statements of Cash Flows,6-7
Notes to Consolidated Financial Statements,8-21
,
ADDITIONAL INFORMATION,
Independent Auditor's Report on Additional Information,22
Marketable Securities,23
Supplemental Income Statement Information,24
Real Estate Accumulated Depreciation,25 - 31
Investments in Mortgage Loans on Real Estate,32
Selected Financial Data,33
Gain From Property Dispositions,34
Mortgage Loans Payable,35 - 36
Significant Property Acquisitions,37
"Schedules other than those listed above are omitted since they are not required or are not applicable, or the required information is shown in the financial statement or notes thereon.",
Quarterly Results of Consolidated Operations (unaudited),38
