0,1,2,3,4,5,6,7,8,9,10,11,12,13
,,,,,,,,,,,,,
(In Millions),(In Millions),,2000,2000,2000,,1999,1999,1999,,1998,1998,1998
,,,,,,,,,,,,,
Depreciation and amortization,Depreciation and amortization,,$,77.1,,,$,62.1,,,$,50.8,
,,,,,,,,,,,,,
,,,,,,,,,,,,,
,,,,,,,,,,,,,
,,,,,,,,,,,,,
Provision for losses on accounts and notes receivable,Provision for losses on accounts and notes receivable,,,3.2,,,,4.4,,,,5.2,
,,,,,,,,,,,,,
,,,,,,,,,,,,,
,,,,,,,,,,,,,
,,,,,,,,,,,,,
Loss (gain) on sales of property and equipment,Loss (gain) on sales of property and equipment,,,5.0,,,,(6.9,),,,2.2,
,,,,,,,,,,,,,
,,,,,,,,,,,,,
,,,,,,,,,,,,,
,,,,,,,,,,,,,
Deferred taxes,Deferred taxes,,,2.0,,,,13.5,,,,(6.5,)
,,,,,,,,,,,,,
,,,,,,,,,,,,,
,,,,,,,,,,,,,
,,,,,,,,,,,,,
Other liabilities,Other liabilities,,,(5.7,),,,4.5,,,,2.8,
,,,,,,,,,,,,,
,,,,,,,,,,,,,
,,,,,,,,,,,,,
,,,,,,,,,,,,,
Stock grants earned,Stock grants earned,,,.7,,,,1.2,,,,.7,
,,,,,,,,,,,,,
,,,,,,,,,,,,,
,,,,,,,,,,,,,
,,,,,,,,,,,,,
Changes in current assets and liabilities:,Changes in current assets and liabilities:,,,,,,,,,,,,
,,,,,,,,,,,,,
,,,,,,,,,,,,,
,,,,,,,,,,,,,
,,,,,,,,,,,,,
,Decrease (increase) in assets:,,,,,,,,,,,,
,,,,,,,,,,,,,
,,,,,,,,,,,,,
,,,,,,,,,,,,,
,,,,,,,,,,,,,
,Accounts receivable,,,(24.6,),,,5.4,,,,(12.7,)
,,,,,,,,,,,,,
,,,,,,,,,,,,,
,,,,,,,,,,,,,
,,,,,,,,,,,,,
,Inventories,,,(14.8,),,,15.2,,,,5.2,
,,,,,,,,,,,,,
,,,,,,,,,,,,,
,,,,,,,,,,,,,
,,,,,,,,,,,,,
,Prepaid expenses and other,,,(2.3,),,,(6.5,),,,3.7,
,,,,,,,,,,,,,
,,,,,,,,,,,,,
,,,,,,,,,,,,,
,,,,,,,,,,,,,
,Increase (decrease) in liabilities:,,,,,,,,,,,,
,,,,,,,,,,,,,
,,,,,,,,,,,,,
,,,,,,,,,,,,,
,,,,,,,,,,,,,
,Accounts payable,,,25.4,,,,(11.7,),,,13.7,
,,,,,,,,,,,,,
,,,,,,,,,,,,,
,,,,,,,,,,,,,
,,,,,,,,,,,,,
,Accrued liabilities,,,(3.6,),,,(17.4,),,,75.3,
,,,,,,,,,,,,,
Total changes in current assets and liabilities,Total changes in current assets and liabilities,,,(19.9,),,,(15.0,),,,85.2,
,,,,,,,,,,,,,
,Total adjustments,,$,62.4,,,$,63.8,,,$,140.4,
,,,,,,,,,,,,,
