0,1,2,3,4,5,6,7,8,9,10
,,First  Quarter,,Second  Quarter,,Third  Quarter,,Fourth  Quarter,,Fiscal Year
2000,,,,,,,,,,
,,,,,,,,,,
Net sales,,"$155,542",,"$160,956",,"$165,678",,"$162,312",,"$644,488"
Gross profit,,48969,,47983,,49596,,49226,,195774
Net income,,1536,,1078,,269,,1244,(1),4127
Basic earnings per share,,$ .07,,$ .05,,$ .01,,$ .06,,$ .19
Diluted earnings per share,,$ .07,,$ .05,,$ .01,,$ .05,,$ .18
,,,,,,,,,,
1999,,,,,,,,,,
,,,,,,,,,,
Net sales,,"$164,795",,"$163,460",,"$169,715",,"$162,278",,"$660,248"
Gross profit,,51577,,50904,,49748,,47265,,199494
Net income (loss),,3557,,1816,,1779,,"(2,654)",,4498
Basic earnings (loss) per share,,$ 0.16,,$ 0.08,,$ 0.08,,$ (0.12),,$ 0.20
Diluted earnings (loss) per share,,$ 0.16,,$ 0.08,,$ 0.08,,$ (0.12),,$ 0.20
(1) The fourth quarter effective income tax rate was lower than the  actual year-to-date rate because actual research and development credits  were greater than the amount estimated through the third quarter and  forecasted earnings were different than actual earnings for the year.,(1) The fourth quarter effective income tax rate was lower than the  actual year-to-date rate because actual research and development credits  were greater than the amount estimated through the third quarter and  forecasted earnings were different than actual earnings for the year.,(1) The fourth quarter effective income tax rate was lower than the  actual year-to-date rate because actual research and development credits  were greater than the amount estimated through the third quarter and  forecasted earnings were different than actual earnings for the year.,(1) The fourth quarter effective income tax rate was lower than the  actual year-to-date rate because actual research and development credits  were greater than the amount estimated through the third quarter and  forecasted earnings were different than actual earnings for the year.,(1) The fourth quarter effective income tax rate was lower than the  actual year-to-date rate because actual research and development credits  were greater than the amount estimated through the third quarter and  forecasted earnings were different than actual earnings for the year.,(1) The fourth quarter effective income tax rate was lower than the  actual year-to-date rate because actual research and development credits  were greater than the amount estimated through the third quarter and  forecasted earnings were different than actual earnings for the year.,(1) The fourth quarter effective income tax rate was lower than the  actual year-to-date rate because actual research and development credits  were greater than the amount estimated through the third quarter and  forecasted earnings were different than actual earnings for the year.,(1) The fourth quarter effective income tax rate was lower than the  actual year-to-date rate because actual research and development credits  were greater than the amount estimated through the third quarter and  forecasted earnings were different than actual earnings for the year.,(1) The fourth quarter effective income tax rate was lower than the  actual year-to-date rate because actual research and development credits  were greater than the amount estimated through the third quarter and  forecasted earnings were different than actual earnings for the year.,(1) The fourth quarter effective income tax rate was lower than the  actual year-to-date rate because actual research and development credits  were greater than the amount estimated through the third quarter and  forecasted earnings were different than actual earnings for the year.,(1) The fourth quarter effective income tax rate was lower than the  actual year-to-date rate because actual research and development credits  were greater than the amount estimated through the third quarter and  forecasted earnings were different than actual earnings for the year.
