Unnamed: 0_level_0,Unnamed: 1_level_0,"Year Ended June 30,","Year Ended June 30,","Year Ended June 30,"
(in thousands of dollars),Unnamed: 1_level_1,2000,Unnamed: 3_level_1,1999
Accumulated depreciation,,"$51,523",,"$34,913"
Deferred gain on financing transactions,,21822,,17871
Net unrealized gains on security transactions,,3800,,
Loss on hedging activities,,,,1376
Other,,1242,,834
,,,,
Total deferred tax liability,,78387,,54994
,,,,
Deferred recognition of lease income,,13130,,11106
Allowance for losses on receivables,,4221,,3792
Net operating loss carryforward (will expire in 2020),,4192,,
Net unrealized losses on available-for-sale securities,,70,,
State income taxes,,3048,,1447
Other,,3312,,1953
,,,,
Total deferred tax asset,,27973,,18298
,,,,
Total net deferred tax liability,,"$50,414",,"$36,696"
,,,,
