0,1
Exhibit  Number,Description
3.1,Certificate of Incorporation of  the company and amendments thereto. (a)
3.2,"Amendment to Certificate of  Incorporation of the company as set forth under the caption ""Article  III - Liability of Director to the Corporation."" (b)"
3.3,Second Amended and Restated  Bylaws of the company.(n)
3.4,Amendment to Certificate of  Incorporation of the company as to the number of authorized shares. (c)
4.1,"Amended and Restated  Shareholders' Rights Agreement dated May 16, 1997. (h)"
4.2,Amendment to Amended and  Restated Shareholders' Rights Agreement. (n)
10.1,Amended and Restated Stock  Option Plan for Key Associates. (d)
10.2,"Agreement  for the Purchase of Certain Stock of Homecare Holdings, Inc. dated as of  June 29, 1993 among Sunrise Medical Inc., Homecare Holdings, Inc., and the  selling shareholders listed therein.(e)"
10.3,"Asset Purchase Agreement for the  Purchase of Certain Assets of Jay Medical, Ltd. (f)"
10.4,"Agreement for the Purchase of  Shares of S.E.P.A.C., Corona S.A., Tecktona Bois S.A., Tecktona Sante S.A., and  SCI La Planche by Homecare Holdings France  S.A. (g)"
10.5,"Form of Change in Control  Agreements dated June 27, 1997 between Sunrise Medical Inc. and certain  employees.(i)"
10.6,"Third Amended and Restated  Credit Agreement and Waiver dated as of August 28, 1997 among Sunrise  Medical, Inc. and certain subsidiary borrowers and guarantors, Bank of  America as agent and other lenders.(j)"
10.7,"Note Purchase Agreement dated as  of October 1, 1997 for $50 million 7.09% Series A Senior Notes Due October  28, 2004 and for $50 million 7.25% Series B Notes Due October 28, 2007.(j)"
10.8,1998 Management Incentive Bonus  Plan. (k)
10.9,Amended and Restated  Sentient/Sunrise Stock Option Plan. (k)
10.10,Supplemental Executive  Retirement Plan. (k)
10.11,"Second Amendment to the Third  Amended and Restated Credit Agreement and Waiver dated as of August 28,  1997 among Sunrise Medical, Inc. and certain subsidiary borrowers and  guarantors, Bank of America as agent and other lenders. (l)"
10.12,Third Amended and Restated 1993  Stock Option Plan.
10.13,"Third Amendment to the Third  Amended and Restated Credit Agreement and Waiver dated as of August 28,  1997 among Sunrise Medical, Inc. and certain subsidiary borrowers and  guarantors, Bank of America as agent and other lenders. (n)"
10.14,"Fourth Amendment to the Third  Amended and Restated Credit Agreement and Waiver dated as of August 28,  1997 among Sunrise Medical Inc. and certain subsidiary borrowers and  guarantors, Bank of America as agent and other lenders. (n)"
10.15,"Fifth Amendment to the Third  Amended and Restated Credit Agreement and Waiver dated as of August 28,  1997 among Sunrise Medical Inc. and certain subsidiary borrowers and  guarantors, Bank of America as agent and other lenders. (n)"
10.16,Associate Stock Purchase Plan  2000. (o)
10.17,2000 Stock Option Plan.
10.18,"Sixth Amendment to Third Amended  and Restated Credit Agreement dated as of August 28, 1997 among Sunrise  Medical Inc. and certain subsidiary borrowers and guarantors, Bank of  America as agent and other lenders."
21,List of Subsidiaries.
23,Consent of Independent Auditors.
27,Financial Data Schedule.
