0,1,2
,,
,,"Hans R. Brunner, M.D.  Professor of Medicine, Division  of Hypertension and Vascular Medicine, Centre Hospitalier 	Universitaire Vaudois, Department of Medicine, University of 	Lausanne, Lausanne, Switzerland."
,,
,,"Jay N. Cohn, M.D.  Professor of Medicine, 	Cardiovascular Division, University of Minnesota Medical School, 	Minneapolis, Minnesota."
,,
,,"Daniel Duprez, M.D., Ph.D.  Professor of Medicine, 	Department of Cardiovascular Diseases, The University Hospital, 	UZ-Gent, University of Gent, Gent, Belgium."
,,
,,"Thomas D. Giles, M.D.  Professor of Medicine, Director  of Program in Hypertension and Heart Failure, Director of 	Cardiovascular Research, Department of Medicine, Louisiana State 	University Medical Center, New Orleans, Louisiana."
,,
,,"Stevo Julius, M.D., Sc.D.  Professor of Medicine and 	Physiology, Division of Hypertension, University of Michigan 	Medical Center, Ann Arbor, Michigan."
,,
,,"Giuseppe Mancia, M.D.  Professor of Medicine, Head of 	First Division of Medicine at the San Gerardo Hospital and 	Chairman of the Department of Internal Medicine at the University  of Milan School of Medicine, Vice President of the Scientific 	Council of the European Societies of Hypertension, Milan, Italy."
,,
,,"Karl-Heinz Rahn, M.D.  Professor of Medicine and 	Chairman, Department of Medicine, University of Muenster, 	Muenster, Germany."
,,
,,"Lawrence M. Resnick, M.D.  Professor of Medicine, 	Cornell University Medical Center, New York Presbyterian 	Hospital, New York, New York."
,,
,,"Michel E. Safar, M.D.  Professor of Medicine, Chief of  the Department of Internal Medicine and Hypertension Research 	Center, Hospital Broussais, Director of Research National 	Institute, Centre de Diagnostics, Paris, France."
,,
,,"Marc A. Silver, M.D.  F.A.C.P., F.A.C.C., Professor of  Medicine, Director of Heart Failure Institute, Director of 	Cardiovascular Disease Fellowship Program, Christ Hospital and 	Medical Center, Oak Lawn, Illinois."
,,
,,"Michael A. Weber, M.D.  Professor of Medicine, State 	University of New York, Health Science Center, Brooklyn, New 	York, New York; President of the American Society of 	Hypertension."
