0,1,2
,,
,,"Core Value Services  Focuses on the transactional 	needs of the traditional electronic components distribution 	market, offering one of the industrys broadest line cards 	and convenient one-stop shopping with an emphasis on on-time 	delivery, responsiveness and quality."
,,
,,"Avnet Design Services  Provides an array of 	engineering and technical services for customers, including 	turnkey logic designs, reference designs and product designs, and  demand creation services for suppliers."
,,
,,"Avnet Integrated Material Services  Provides customer 	specific materials management, including leading-edge, 	information technology-based services, and pin-point logistics. 	IMS develops and implements innovative materials management 	solutions for EMs major customers and their contract 	manufacturers."
