0,1,2,3
,2000,1999,1998
Interest income:,Interest income:,Interest income:,Interest income:
Loans receivable,"$ 9,893,254",9285757,9175090
Investment securities,1455486,967142,946447
Mortgage-backed securities,866792,972770,1172281
Other interest-earning assets,74631,188834,150030
Total interest income,12290163,11414503,11443848
,,,
Interest expense:,Interest expense:,Interest expense:,Interest expense:
Deposits (Note 7),5422703,5263225,5150691
Advances from FHLB,1496250,984168,1060788
Total interest expense,6918953,6247393,6211479
Net interest income,5371210,5167110,5232369
,,,
Provision for loan losses (Note 3),215000,235000,783009
Net interest income after,Net interest income after,Net interest income after,Net interest income after
provision for loan losses,5156210,4932110,4449360
,,,
Noninterest income:,Noninterest income:,Noninterest income:,Noninterest income:
Gain (loss) on sale of investment,Gain (loss) on sale of investment,Gain (loss) on sale of investment,Gain (loss) on sale of investment
"securities, available for sale",14500,(625),9205
Gain (loss) on sale of mortgage-backed,Gain (loss) on sale of mortgage-backed,Gain (loss) on sale of mortgage-backed,Gain (loss) on sale of mortgage-backed
"securities, available for sale","(35,705)","(27,942)",69956
"Gain on sale of mortgage-backed securities,","Gain on sale of mortgage-backed securities,","Gain on sale of mortgage-backed securities,","Gain on sale of mortgage-backed securities,"
held to maturity,-,-,242
Insurance commissions,31780,323603,302246
Banking service charges,390949,284058,198981
Loan late charges,72726,82574,68845
Gain on sale of insurance agency,-,526413,-
Other,93665,67070,147828
Total noninterest income,567915,1255151,797303
,,,
Noninterest expense:,Noninterest expense:,Noninterest expense:,Noninterest expense:
General and administrative:,General and administrative:,General and administrative:,General and administrative:
Compensation and benefits,2205770,2237166,2457458
Occupancy and equipment,570283,496929,401141
SAIF deposit insurance premium,47842,85265,109980
Provisions (credit) for losses on,Provisions (credit) for losses on,Provisions (credit) for losses on,Provisions (credit) for losses on
foreclosed real estate (Note 5),-,-,"(51,550)"
Professional fees,175920,136304,191583
Advertising,97887,133925,116349
Postage and office supplies,165350,142608,133666
Other,450904,450300,301573
Total noninterest expense,3713956,3682497,3660200
,,,
Income before income taxes,2010169,2504764,1586463
,,,
Income taxes (Note 10),Income taxes (Note 10),Income taxes (Note 10),Income taxes (Note 10)
Current,775300,580300,588000
Deferred,"(85,300)",279700,"(66,000)"
,690000,860000,522000
,,,
Net income,"$ 1,320,169 ==========","1,644,764 ==========","1,064,463 =========="
,,,
Basic earnings per common share,$1.03,1.23,.69
Diluted earnings per common share,$1.02,1.20,.67
