Unnamed: 0_level_0,Unnamed: 1_level_0,2000,2000,Unnamed: 4_level_0,1999,1999,Unnamed: 7_level_0,1998,1998,Unnamed: 10_level_0,1997,1997,Unnamed: 13_level_0,1996,1996
Unnamed: 0_level_1,Unnamed: 1_level_1,"(In thousands, except per share data)","(In thousands, except per share data).1","(In thousands, except per share data)","(In thousands, except per share data)","(In thousands, except per share data).1","(In thousands, except per share data)","(In thousands, except per share data)","(In thousands, except per share data).1","(In thousands, except per share data)","(In thousands, except per share data)","(In thousands, except per share data).1","(In thousands, except per share data)","(In thousands, except per share data)","(In thousands, except per share data).1"
Statement of Operations Data:,,,,,,,,,,,,,,,
Net sales,,$,155872.0,,$,113982,,$,178620.0,,$,156184.0,,$,155634.0
Net income (loss),,,7458.0,,,"(20,681",),,2138.0,,,321.0,,,12793.0
Basic net income (loss) per share,,$,1.13,,$,(3.30,),$,0.35,,$,0.05,,$,2.1
Diluted net income (loss) per share,,$,1.08,,$,(3.30,),$,0.34,,$,0.05,,$,1.98
Balance Sheet Data:,,,,,,,,,,,,,,,
Working capital,,$,73540.0,,$,14322,,$,40755.0,,$,45586.0,,$,34841.0
Total assets,,,159306.0,,,109383,,,135168.0,,,130449.0,,,111170.0
"Long-term debt, less current portion",,,25150.0,,,34299,,,40000.0,,,42390.0,,,26670.0
Shareholders' equity,,,101731.0,,,50326,,,70191.0,,,67416.0,,,66353.0
