Unnamed: 0,Unnamed: 1,Unnamed: 2,Total,Total.1,Unnamed: 5,Common Stock,Common Stock.1,Unnamed: 8,Capital Surplus,Capital Surplus.1,Unnamed: 11,Retained Earnings,Retained Earnings.1,Unnamed: 14,Unearned Restricted Stock,Unearned Restricted Stock.1,Unnamed: 17,Accumulated Other Comprehensive Income (Loss),Accumulated Other Comprehensive Income (Loss).1,Unnamed: 20,Comprehensive Income (Loss),Comprehensive Income (Loss).1,Unnamed: 23
"Balances at June 28, 1997","Balances at June 28, 1997",,$,4280,,$,640,,$,,,$,4274,,$,(16,),$,(618,),,,
Net loss,Net loss,,,(523,),,,,,,,,(523,),,,,,,,$,(523,)
"Translation adjustments, net of tax of $19","Translation adjustments, net of tax of $19",,,(166,),,,,,,,,,,,,,,(166,),,(166,)
,,,,,,,,,,,,,,,,,,,,,,,
Comprehensive loss,Comprehensive loss,,,,,,,,,,,,,,,,,,,,$,(689,)
,,,,,,,,,,,,,,,,,,,,,,,
Cash dividends,Cash dividends,,,(447,),,,,,,,,(447,),,,,,,,,,
Stock issuances,Stock issuances,,,,,,,,,,,,,,,,,,,,,,
,Business acquisitions,,,10,,,,,,10,,,,,,,,,,,,,
,Stock option and benefit plans,,,86,,,8,,,78,,,,,,,,,,,,,
,"Restricted stock, less amortization of $42",,,34,,,1,,,67,,,,,,(34,),,,,,,
Tax benefit related to incentive stock options,Tax benefit related to incentive stock options,,,20,,,,,,20,,,,,,,,,,,,,
Reacquired shares,Reacquired shares,,,"(1,500",),,(36,),,(186,),,"(1,278",),,,,,,,,,
ESOP tax benefit,ESOP tax benefit,,,10,,,,,,,,,10,,,,,,,,,,
ESOP share redemption,ESOP share redemption,,,9,,,1,,,8,,,,,,,,,,,,,
Other,Other,,,3,,,,,,3,,,,,,,,,,,,,
,,,,,,,,,,,,,,,,,,,,,,,
"Balances at June 27, 1998","Balances at June 27, 1998",,,1816,,,614,,,,,,2036,,,(50,),,(784,),,,
Net income,Net income,,,1191,,,,,,,,,1191,,,,,,,,$,1191,
"Translation adjustments, net of tax of $(51)","Translation adjustments, net of tax of $(51)",,,(161,),,,,,,,,,,,,,,(161,),,(161,)
"Unrealized gains on securities, net of tax","Unrealized gains on securities, net of tax",,,1,,,,,,,,,,,,,,,1,,,1,
"Minimum pension liability, net of tax of $32","Minimum pension liability, net of tax of $32",,,(62,),,,,,,,,,,,,,,(62,),,(62,)
,,,,,,,,,,,,,,,,,,,,,,,
Comprehensive income,Comprehensive income,,,,,,,,,,,,,,,,,,,,$,969,
,,,,,,,,,,,,,,,,,,,,,,,
Cash dividends,Cash dividends,,,(464,),,,,,,,,(464,),,,,,,,,,
Stock issuances (cancelations),Stock issuances (cancelations),,,,,,,,,,,,,,,,,,,,,,
,Business acquisitions,,,9,,,,,,9,,,,,,,,,,,,,
,Stock option and benefit plans,,,111,,,4,,,107,,,,,,,,,,,,,
,"Restricted stock, less amortization of $28",,,(15,),,,,,(60,),,,,,45,,,,,,,
Tax benefit related to incentive stock options,Tax benefit related to incentive stock options,,,66,,,,,,66,,,,,,,,,,,,,
Reacquired shares,Reacquired shares,,,"(1,279",),,(13,),,(864,),,(402,),,,,,,,,,
Two-for-one stock split,Two-for-one stock split,,,,,,609,,,,,,(609,),,,,,,,,,
Par value change,Par value change,,,,,,"(1,208",),,1208,,,,,,,,,,,,,
ESOP tax benefit,ESOP tax benefit,,,8,,,,,,,,,8,,,,,,,,,,
ESOP share redemption,ESOP share redemption,,,40,,,3,,,37,,,,,,,,,,,,,
Other,Other,,,5,,,,,,5,,,,,,,,,,,,,
,,,,,,,,,,,,,,,,,,,,,,,
"Balances at July 3, 1999","Balances at July 3, 1999",,,1266,,,9,,,508,,,1760,,,(5,),,"(1,006",),,,
Net income,Net income,,,1222,,,,,,,,,1222,,,,,,,,$,1222,
"Translation adjustments, net of tax of $(75)","Translation adjustments, net of tax of $(75)",,,(181,),,,,,,,,,,,,,,(181,),,(181,)
"Unrealized losses on securities, net of tax","Unrealized losses on securities, net of tax",,,(1,),,,,,,,,,,,,,,(1,),,(1,)
"Minimum pension liability, net of tax of $(22)","Minimum pension liability, net of tax of $(22)",,,42,,,,,,,,,,,,,,,42,,,42,
,,,,,,,,,,,,,,,,,,,,,,,
Comprehensive income,Comprehensive income,,,,,,,,,,,,,,,,,,,,$,1082,
,,,,,,,,,,,,,,,,,,,,,,,
Cash dividends,Cash dividends,,,(485,),,,,,,,,(485,),,,,,,,,,
Stock issuances (cancelations),Stock issuances (cancelations),,,,,,,,,,,,,,,,,,,,,,
,Business acquisitions,,,257,,,,,,257,,,,,,,,,,,,,
,Stock option and benefit plans,,,84,,,,,,84,,,,,,,,,,,,,
,"Restricted stock, less amortization of $26",,,(28,),,,,,(12,),,,,,(16,),,,,,,
Tax benefit related to incentive stock options,Tax benefit related to incentive stock options,,,65,,,,,,65,,,,,,,,,,,,,
Reacquired shares,Reacquired shares,,,"(1,032",),,(1,),,(919,),,(112,),,,,,,,,,
ESOP tax benefit,ESOP tax benefit,,,8,,,,,,,,,8,,,,,,,,,,
ESOP share redemption,ESOP share redemption,,,13,,,,,,13,,,,,,,,,,,,,
Other,Other,,,4,,,,,,4,,,,,,,,,,,,,
,,,,,,,,,,,,,,,,,,,,,,,
"Balances at July 1, 2000","Balances at July 1, 2000",,$,1234,,$,8,,$,,,$,2393,,$,(21,),$,"(1,146",),,,
,,,,,,,,,,,,,,,,,,,,,,,
