0,1,2
,,
,,pending and new patent applications may not be approved in a 	timely manner or approved at all
,,
,,third parties may try to challenge or invalidate existing patents  and new patents
,,
,,policing unauthorized use of intellectual property is difficult 	and expensive
,,
,,the laws of some foreign countries do not protect intellectual 	property rights as much as U.S. laws
,,
,,competitors may independently develop similar technology or 	design around intellectual property owned by the Company
