0,1
(v),"License Agreement between the registrant and Tayco Developments, Inc., dated November 1, 1959, incorporated by reference to Exhibit (10)(i) to Annual Report on Form 10-K, dated August 27, 1982."
(vi),"Employee Stock Purchase Plan incorporated by reference to Exhibit 4.1 to Registration Statement on Form S-8, File No. 2-94754, filed with the Securities and Exchange Commission on December 11, 1984."
(vii),"The 1999 Taylor Devices Inc. Employee Stock Purchase Plan incorporated by reference to Exhibit 4.1 to Registration Statement on Form S-8, filed with the Securities and Exchange Commission on October 28, 1999."
,====END OF PAGE 15====
(viii),"Loan Agreements between the registrant and Marine Midland Bank, dated December 2, 1992, incorporated by reference to Exhibit (10)(viii) to Annual Report on Form 10-K, dated September 10, 1993."
(ix),"Series Lease between Niagara County Industrial Development Agency and registrant, dated as of November 1, 1994 ($1,250,000 Niagara County Industrial Development Agency, 1994 Adjustable Rate Demand, Industrial Development Revenue Bonds, Series A [MMARS Second Program]), incorporated by reference to Exhibit (10)(ix) to the Annual Report on Form 10-KSB, dated August 21, 1995."
(x),"Lease Agreement between registrant and Tayco Realty Corporation, dated November 1, 1995, incorporated by reference to Exhibit (10)(ix) to Annual Report on Form 10-KSB, dated August 22, 1996."
(xi),"Form of Indemnity Agreement between registrant and certain officers and directors, incorporated by reference to Exhibit (10)(i) to Quarterly Report on Form 10-QSB for the period ending February 28, 1997, dated April 11, 1997."
(xii),"Lease Agreement dated July 1, 2000 between the Registrant and Tayco Developments, Inc., attached to and incorporated into this Annual Report on Form 10-KSB, dated August 25, 2000."
