0,1,2,3,4,5,6,7,8,9,10,11
,,,,,,,,,,,
"Year ended June 30,","Year ended June 30,",2000,2000,,,1999,1999,,,1998,1998
,,,,,,,,,,,
,,,,,,,,,,,
,,,,,,,,,,,
Revenue,Revenue,$,490473,,,$,433449,,,$,316864
,,,,,,,,,,,
,,,,,,,,,,,
,,,,,,,,,,,
Costs and expenses,Costs and expenses,Costs and expenses,Costs and expenses,Costs and expenses,Costs and expenses,Costs and expenses,Costs and expenses,Costs and expenses,Costs and expenses,Costs and expenses,Costs and expenses
,Direct costs,,288378,,,,254486,,,,177077
,Indirect costs and selling expenses,,157936,,,,140770,,,,112610
,Depreciation and amortization,,8038,,,,7366,,,,6645
,Goodwill amortization,,3929,,,,3224,,,,1976
,,,,,,,,,,,
,Total operating expenses,,458281,,,,405846,,,,298308
,,,,,,,,,,,
,,,,,,,,,,,
,,,,,,,,,,,
Income from operations,Income from operations,,32192,,,,27603,,,,18556
,,,,,,,,,,,
,,,,,,,,,,,
,,,,,,,,,,,
Interest expense,Interest expense,,3346,,,,3713,,,,1837
,,,,,,,,,,,
,,,,,,,,,,,
,,,,,,,,,,,
Income before income taxes,Income before income taxes,,28846,,,,23890,,,,16719
,,,,,,,,,,,
,,,,,,,,,,,
Income taxes,Income taxes,,11248,,,,9336,,,,6076
,,,,,,,,,,,
,,,,,,,,,,,
,,,,,,,,,,,
Income from Continuing Operations,Income from Continuing Operations,,17598,,,,14554,,,,10643
,,,,,,,,,,,
Discontinued Operations,Discontinued Operations,Discontinued Operations,Discontinued Operations,Discontinued Operations,Discontinued Operations,Discontinued Operations,Discontinued Operations,Discontinued Operations,Discontinued Operations,Discontinued Operations,Discontinued Operations
,"(Loss)income from operations from discontinued COMNET products business (less applicable income tax expense (benefit) of ($280), ($245), and $686)",,(320,),,,(384,),,,1072
,,,,,,,,,,,
,"Gain on disposal of COMNET products business including provision of $118 for operating losses during phase-out period (less applicable income taxes of $13,512)",,21134,,,,0,,,,0
,,,,,,,,,,,
,,,,,,,,,,,
,,,,,,,,,,,
Net Income,Net Income,$,38412,,,$,14170,,,$,11715
,,,,,,,,,,,
Earnings per common and common equivalent share:,Earnings per common and common equivalent share:,,,,,,,,,,
Average shares outstanding,Average shares outstanding,,11310,,,,10896,,,,10779
,,,,,,,,,,,
,,,,,,,,,,,
Basic:,Basic:,Basic:,Basic:,Basic:,Basic:,Basic:,Basic:,Basic:,Basic:,Basic:,Basic:
Income from continuing operations,Income from continuing operations,$,1.56,,,$,1.34,,,$,0.99
(Loss)income from discontinued operations,(Loss)income from discontinued operations,,(0.03,),,,(0.04,),,,0.10
Gain on disposal,Gain on disposal,,1.87,,,,0.00,,,,0.00
,,,,,,,,,,,
Net Income,Net Income,$,3.40,,,$,1.30,,,$,1.09
,,,,,,,,,,,
,,,,,,,,,,,
,,,,,,,,,,,
Average shares and equivalent shares outstanding,Average shares and equivalent shares outstanding,,11577,,,,11220,,,,11153
,,,,,,,,,,,
,,,,,,,,,,,
Diluted:,Diluted:,Diluted:,Diluted:,Diluted:,Diluted:,Diluted:,Diluted:,Diluted:,Diluted:,Diluted:,Diluted:
Income from continuing operations,Income from continuing operations,$,1.52,,,$,1.30,,,$,0.95
(Loss)income from discontinued operations,(Loss)income from discontinued operations,,(0.03,),,,(0.04,),,,0.10
Gain on disposal,Gain on disposal,,1.83,,,,0.00,,,,0.00
,,,,,,,,,,,
,,,,,,,,,,,
,,,,,,,,,,,
Net Income,Net Income,$,3.32,,,$,1.26,,,$,1.05
,,,,,,,,,,,
