0,1,2,3,4,5,6
2000,Biotrol,Challenge,Micro Motors,Oregon Micro Systems,Corp.,Total
,,,,,,
Sales from external customers,"$9,169","$1,404","$7,349","$8,748",--,"$26,670"
,,,,,,
Intersegment sales,--,1069,301,--,--,1370
,,,,,,
Depreciation and amortization,49,99,468,461,119,1196
,,,,,,
Unusual charges,--,--,--,--,--,--
,,,,,,
Interest expense,1,111,584,13,427,1136
,,,,,,
Segment profit (loss),1791,161,"(1,249)",4089,"(3,251)",1541
,,,,,,
Segment assets,2442,1480,6707,2993,2801,16423
,,,,,,
Expenditure for segment assets,7,85,(28),149,8,221
