Unnamed: 0_level_0,Unnamed: 1_level_0,"Expected Maturity DateYear Ended June 30,","Expected Maturity DateYear Ended June 30,","Expected Maturity DateYear Ended June 30,","Expected Maturity DateYear Ended June 30,","Expected Maturity DateYear Ended June 30,","Expected Maturity DateYear Ended June 30,","Expected Maturity DateYear Ended June 30,","Expected Maturity DateYear Ended June 30,","Expected Maturity DateYear Ended June 30,","Expected Maturity DateYear Ended June 30,","Expected Maturity DateYear Ended June 30,","Expected Maturity DateYear Ended June 30,",Unnamed: 14_level_0,There- after,Unnamed: 16_level_0,Unnamed: 17_level_0,Unnamed: 18_level_0,Unnamed: 19_level_0,Unnamed: 20_level_0,Unnamed: 21_level_0,Unnamed: 22_level_0,Unnamed: 23_level_0,Unnamed: 24_level_0,Unnamed: 25_level_0,Unnamed: 26_level_0,Unnamed: 27_level_0,Unnamed: 28_level_0,Unnamed: 29_level_0,Unnamed: 30_level_0,Unnamed: 31_level_0,Unnamed: 32_level_0,Unnamed: 33_level_0,Unnamed: 34_level_0,Unnamed: 35_level_0
(in thousands of dollars),Unnamed: 1_level_1,2001,2001,Unnamed: 4_level_1,2002,2002,Unnamed: 7_level_1,2003,Unnamed: 9_level_1,2004,Unnamed: 11_level_1,2005,2005,Unnamed: 14_level_1,There- after,Unnamed: 16_level_1,Total,Total,Unnamed: 19_level_1,Value Fair,Value Fair,Unnamed: 22_level_1,Unnamed: 23_level_1,Unnamed: 24_level_1,Unnamed: 25_level_1,Unnamed: 26_level_1,Unnamed: 27_level_1,Unnamed: 28_level_1,Unnamed: 29_level_1,Unnamed: 30_level_1,Unnamed: 31_level_1,Unnamed: 32_level_1,Unnamed: 33_level_1,Unnamed: 34_level_1,Unnamed: 35_level_1
Derivatives Matched Against Liabilities:,Unnamed: 1_level_2,Unnamed: 2_level_2,Unnamed: 3_level_2,Unnamed: 4_level_2,Unnamed: 5_level_2,Unnamed: 6_level_2,Unnamed: 7_level_2,Unnamed: 8_level_2,Unnamed: 9_level_2,Unnamed: 10_level_2,Unnamed: 11_level_2,Unnamed: 12_level_2,Unnamed: 13_level_2,Unnamed: 14_level_2,Unnamed: 15_level_2,Unnamed: 16_level_2,Unnamed: 17_level_2,Unnamed: 18_level_2,Unnamed: 19_level_2,Unnamed: 20_level_2,Unnamed: 21_level_2,Unnamed: 22_level_2,Unnamed: 23_level_2,Unnamed: 24_level_2,Unnamed: 25_level_2,Unnamed: 26_level_2,Unnamed: 27_level_2,Unnamed: 28_level_2,Unnamed: 29_level_2,Unnamed: 30_level_2,Unnamed: 31_level_2,Unnamed: 32_level_2,Unnamed: 33_level_2,Unnamed: 34_level_2,Unnamed: 35_level_2
Interest Rate Swaps,,,,,,,,,,,,,,,,,,,,,,,,,,,,,,,,,,,
,,,,,,,,,,,,,,,,,,,,,,,,,,,,,,,,,,,
Pay fixed rate swaps (US),,"$ 78,937",,,,,,,,,,"$10,000",,,,,"$ 88,937",,,$ 103,,,,,,,,,,,,,,,
Weighted average pay rate,,7.48,%,,,,,,,,,5.84,%,,,,7.30,%,,,,,,,,,,,,,,,,,
Weighted average receive rate,,7.31,%,,,,,,,,,6.53,%,,,,7.22,%,,,,,,,,,,,,,,,,,
,,,,,,,,,,,,,,,,,,,,,,,,,,,,,,,,,,,
Pay fixed rate swaps (AUD),,,,,"$1,214",,,,,,,,,,,,"$ 1,214",,,$ 7,,,,,,,,,,,,,,,
Weighted average pay rate,,,,,5.56,%,,,,,,,,,,,5.56,%,,,,,,,,,,,,,,,,,
Weighted average receive rate,,,,,6.28,%,,,,,,,,,,,6.28,%,,,,,,,,,,,,,,,,,
,,,,,,,,,,,,,,,,,,,,,,,,,,,,,,,,,,,
Pay fixed rate swaps (EUR),,"$ 9,525",,,,,,,,,,"$ 3,935",,,,,"$ 13,460",,,$ 87,,,,,,,,,,,,,,,
Weighted average pay rate,,4.35,%,,,,,,,,,4.97,%,,,,4.53,%,,,,,,,,,,,,,,,,,
Weighted average receive rate,,4.42,%,,,,,,,,,4.48,%,,,,4.44,%,,,,,,,,,,,,,,,,,
,,,,,,,,,,,,,,,,,,,,,,,,,,,,,,,,,,,
Treasury Locks (US),,"$ 50,000",,,,,,,,,,,,,,,"$ 50,000",,,$(486,),,,,,,,,,,,,,,
Average strike rate,,6.87,%,,,,,,,,,,,,,,6.87,%,,,,,,,,,,,,,,,,,
Average index rate,,6.39,%,,,,,,,,,,,,,,6.39,%,,,,,,,,,,,,,,,,,
,,,,,,,,,,,,,,,,,,,,,,,,,,,,,,,,,,,
Interest Rate Caps (US),,"$ 40,000",,,,,,,,,,,,,,,"$ 40,000",,,$ 180,,,,,,,,,,,,,,,
Average strike rate,,6.38,%,,,,,,,,,,,,,,6.38,%,,,,,,,,,,,,,,,,,
Average index rate,,6.65,%,,,,,,,,,,,,,,6.65,%,,,,,,,,,,,,,,,,,
,,,,,,,,,,,,,,,,,,,,,,,,,,,,,,,,,,,
,,,,,,,,,,,,,,,,,,,,,,,,,,,,,,,,,,,
Totals,,"$178,462",,,"$1,214",,,,,,,"$13,935",,,,,"$193,611",,,$(109,),,,,,,,,,,,,,,
,,,,,,,,,,,,,,,,,,,,,,,,,,,,,,,,,,,
