Unnamed: 0_level_0,Unnamed: 1_level_0,Unnamed: 2_level_0,Unnamed: 3_level_0,Hyaluronan Division,Hyaluronan Division,Hyaluronan Division,Hyaluronan Division,Hyaluronan Division,Unnamed: 9_level_0,Oral Restorative Division,Oral Restorative Division,Oral Restorative Division,Oral Restorative Division,Oral Restorative Division,Unnamed: 15_level_0,Consolidated,Consolidated,Consolidated,Consolidated,Consolidated
Unnamed: 0_level_1,Unnamed: 1_level_1,Unnamed: 2_level_1,Unnamed: 3_level_1,2000,2000.1,Unnamed: 6_level_1,1999,1999.1,Unnamed: 9_level_1,2000,2000.1,Unnamed: 12_level_1,1999,1999.1,Unnamed: 15_level_1,2000,2000.1,Unnamed: 18_level_1,1999,1999.1
Net sales,Net sales,Net sales,,$,12765000,,$,8190000.0,,$,20058000.0,,$,19131000.0,,$,32823000,,$,27321000.0
Cost of goods sold,Cost of goods sold,Cost of goods sold,,,9002000,,,3495000.0,,,8616000.0,,,7273000.0,,,17618000,,,10768000.0
,,,,,,,,,,,,,,,,,,,,
Gross profit,Gross profit,Gross profit,,,3763000,,,4695000.0,,,11442000.0,,,11858000.0,,,15205000,,,16553000.0
Operating expenses,Operating expenses,Operating expenses,,,,,,,,,,,,,,,,,,
,Research and development,Research and development,,,3556000,,,2937000.0,,,657000.0,,,620000.0,,,4213000,,,3557000.0
,Marketing and sales,Marketing and sales,,,139000,,,108000.0,,,7768000.0,,,7056000.0,,,7907000,,,7164000.0
,General and administrative,General and administrative,,,1514000,,,1438000.0,,,2333000.0,,,2096000.0,,,3847000,,,3534000.0
,,,,,,,,,,,,,,,,,,,,
,,,,,5209000,,,4483000.0,,,10758000.0,,,9772000.0,,,15967000,,,14255000.0
,,,,,,,,,,,,,,,,,,,,
Operating income (loss),Operating income (loss),Operating income (loss),,$,"(1,446,000",),$,212000.0,,$,684000.0,,$,2086000.0,,$,"(762,000",),$,2298000.0
,,,,,,,,,,,,,,,,,,,,
