0,1,2
10.12,,"Consent to Assignment and Agreement and Assignment of Purchase Agreement, dated May 12, 1997, by R-B Rubber Products, Inc. to Keycorp Leasing Ltd.(2)"
10.13,,"Master Lease Agreement, dated as of May 12, 1997 by and between KeyCorp Leasing Ltd. and R-B Rubber Products, Inc.(3)"
10.14,,"Schedule, dated December 22, 1997, to Master Lease Agreement dated as of May 12, 1997 by and between KeyCorp Leasing Ltd. and R-B Rubber Products, Inc.(7)"
10.15,,"Schedule, dated February 2, 1999, to Master Lease Agreement dated as of May 12, 1997, by and between KeyCorp Leasing Ltd. and R-B Rubber Products, Inc.(7)"
10.16,,"Master Lease Agreement, dated as of October 19, 1995 by and between U.S. Bancorp Leasing & Financial and R-B Rubber Products, Inc."
10.17,,"Schedule, dated October 19, 1995, to Master Lease Agreement dated as of October 19, 1995 by and between U.S. Bancorp Leasing & Financial and R-B Rubber Products, Inc."
10.18,,"Schedule, dated June 4, 1998, to Master Lease Agreement dated as of October 19, 1995, by and between U.S. Bancorp Leasing & Financial and R-B Rubber Products, Inc.(4)"
10.19,,"Schedule, dated December 8, 1998, to Master Lease Agreement dated as of October 19, 1995, by and between U.S. Bancorp Leasing & Financial and R-B Rubber Products, Inc.(7)"
10.2,,"Lease Agreements dated December 21, 1999 between Banc of America Leasing & Capital, LLC and RB Rubber Products, Inc. together with Schedules thereto.(10)"
21.0,,Subsidiaries of the Registrant(7)
23.1,,Consent of Arthur Andersen LLP
23.2,,Consent of Morrison and Liebswager
27.0,,Financial Data Schedule
,,
