"Year Ended June 30, 1999","Year Ended June 30, 1999.1",Unnamed: 2,Carrying Amount,Unnamed: 4,Estimated Fair Value
Assets:,Assets:,,,,
,Cash and cash equivalents,,$ 5.7,,$ 5.7
,Restricted cash and cash equivalents,,36.7,,36.7
,Accounts receivable,,29.9,,29.9
,Investments,,10.8,,10.8
,Receivables in installments (excluding investment in direct financing leases),,389.8,,380.3
,Notes collateralized by medical receivables,,191.8,,191.8
,Recourse credit enhancements,,62.1,,58.0
Liabilities:,Liabilities:,,,,
,Borrowings under warehouse facilities,,$270.4,,$270.4
,Discounted receivables,,276.6,,277.3
,Senior notes,,155.0,,150.4
,Other debt,,56.6,,56.4
,Convertible subordinated notes,,13.9,,22.5
