(in millions of dollars),(in millions of dollars),Unnamed: 2_level_0,Unnamed: 3_level_0,Unnamed: 4_level_0,Unnamed: 5_level_0
"Year Ended June 30, 2000","Year Ended June 30, 2000.1",Unnamed: 2_level_1,Carrying Amount,Unnamed: 4_level_1,Estimated Fair Value
Assets:,Assets:,,,,
,Cash and cash equivalents,,$ 6.4,,$ 6.4
,Restricted cash and cash equivalents,,73.7,,73.7
,Accounts receivable,,36.8,,36.8
,Investments,,10.1,,10.1
,Receivables in installments (excluding investment in direct financing leases),,407.6,,393.9
,Notes collateralized by medical receivables,,257.5,,257.5
,Recourse credit enhancements,,43.2,,40.6
Liabilities:,Liabilities:,,,,
,Borrowings under warehouse facilities,,$306.6,,$306.6
,Discounted receivables,,424.8,,423.1
,Senior notes,,155.0,,140.5
,Other debt,,71.2,,70.6
,Convertible subordinated notes,,13.9,,21.0
