Unnamed: 0_level_0,Unnamed: 1_level_0,Unnamed: 2_level_0,Unnamed: 3_level_0,Years ended,Years ended,Years ended,Years ended,Years ended,Years ended,Years ended,Years ended,Unnamed: 12_level_0
Unnamed: 0_level_1,Unnamed: 1_level_1,Unnamed: 2_level_1,Unnamed: 3_level_1,"July 1, 2000","July 1, 2000.1",Unnamed: 6_level_1,"July 3, 1999","July 3, 1999.1",Unnamed: 9_level_1,"June 27, 1998","June 27, 1998.1",Unnamed: 12_level_1
Operating activities,Operating activities,Operating activities,,,,,,,,,,
Income (loss) from continuing operations,Income (loss) from continuing operations,Income (loss) from continuing operations,,$,1158,,$,1131,,$,(575,)
Adjustments for noncash charges included in income (loss) from continuing operations,Adjustments for noncash charges included in income (loss) from continuing operations,Adjustments for noncash charges included in income (loss) from continuing operations,,,,,,,,,,
,Depreciation,Depreciation,,,402,,,352,,,409,
,Amortization of intangibles,Amortization of intangibles,,,200,,,181,,,186,
,Product recall charge,Product recall charge,,,,,,76,,,,
,Gain on sale of business,Gain on sale of business,,,,,,(137,),,,
,Restructuring charge,Restructuring charge,,,,,,,,,2038,
,Increase (decrease) in deferred taxes,Increase (decrease) in deferred taxes,,,48,,,29,,,(405,)
,"Other noncash credits, net","Other noncash credits, net",,,(38,),,(35,),,(6,)
,"Changes in current assets and liabilities, net of businesses acquired and sold","Changes in current assets and liabilities, net of businesses acquired and sold",,,,,,,,,,
,,(Increase) decrease in trade accounts receivable,,,(116,),,(21,),,21,
,,(Increase) decrease in inventories,,,(152,),,112,,,(21,)
,,(Increase) decrease in other current assets,,,(47,),,(60,),,41,
,,(Decrease) increase in accounts payable,,,(56,),,(50,),,12,
,,Increase (decrease) in accrued liabilities,,,57,,,(29,),,180,
,,,,,,,,,,,,
,Net cash from operating activitiescontinuing operations,Net cash from operating activitiescontinuing operations,,,1456,,,1549,,,1880,
,Operating cash flows from discontinued operations,Operating cash flows from discontinued operations,,,84,,,54,,,55,
,,,,,,,,,,,,
,Net cash from operating activities,Net cash from operating activities,,,1540,,,1603,,,1935,
,,,,,,,,,,,,
Investment activities,Investment activities,Investment activities,,,,,,,,,,
Purchases of property and equipment,Purchases of property and equipment,Purchases of property and equipment,,,(647,),,(535,),,(474,)
Acquisitions of businesses and investments,Acquisitions of businesses and investments,Acquisitions of businesses and investments,,,(743,),,(234,),,(393,)
Dispositions of investments and businesses,Dispositions of investments and businesses,Dispositions of investments and businesses,,,21,,,412,,,451,
Sales of property,Sales of property,Sales of property,,,64,,,158,,,140,
Other,Other,Other,,,9,,,7,,,1,
,,,,,,,,,,,,
,Net cash used in investment activities,Net cash used in investment activities,,,"(1,296",),,(192,),,(275,)
,,,,,,,,,,,,
Financing activities,Financing activities,Financing activities,,,,,,,,,,
Issuances of common stock,Issuances of common stock,Issuances of common stock,,,84,,,111,,,86,
Purchases of common stock,Purchases of common stock,Purchases of common stock,,,"(1,032",),,"(1,279",),,"(1,500",)
Redemption of preferred stock,Redemption of preferred stock,Redemption of preferred stock,,,,,,,,,(200,)
Issuance of equity securities by subsidiary,Issuance of equity securities by subsidiary,Issuance of equity securities by subsidiary,,,,,,50,,,,
Borrowings of long-term debt,Borrowings of long-term debt,Borrowings of long-term debt,,,725,,,20,,,594,
Repayments of long-term debt,Repayments of long-term debt,Repayments of long-term debt,,,(502,),,(284,),,(296,)
"Short-term borrowings, net","Short-term borrowings, net","Short-term borrowings, net",,,1022,,,451,,,113,
Payments of dividends,Payments of dividends,Payments of dividends,,,(485,),,(464,),,(447,)
,,,,,,,,,,,,
,Net cash used in financing activities,Net cash used in financing activities,,,(188,),,"(1,395",),,"(1,650",)
,,,,,,,,,,,,
Effect of changes in foreign exchange rates on cash,Effect of changes in foreign exchange rates on cash,Effect of changes in foreign exchange rates on cash,,,(21,),,(10,),,(9,)
,,,,,,,,,,,,
Increase in cash and equivalents,Increase in cash and equivalents,Increase in cash and equivalents,,,35,,,6,,,1,
Cash and equivalents at beginning of year,Cash and equivalents at beginning of year,Cash and equivalents at beginning of year,,,279,,,273,,,272,
,,,,,,,,,,,,
Cash and equivalents at end of year,Cash and equivalents at end of year,Cash and equivalents at end of year,,$,314,,$,279,,$,273,
,,,,,,,,,,,,
