0,1
,
,"of oxide layers, the system planarizes layers of metal 	interconnects, including tungsten, aluminum and copper."
,
,"The Companys AurigaTM system is a five head, two  polishing table CMP system capable of processing 50-60 wafers 	per hour. The AurigaTM system, which began shipping 	commercially in November 1996, is used for oxide and metal 	(tungsten) applications. The system incorporates full 	cassette-to-cassette automation. Robotics remove the wafers from 	the cassette and places them into the buffer tray. The wafers are  then staged for batch pickup by the polishing heads. Once 	secured by the polishing heads, the wafers are moved onto the 	primary polishing pad and the process is initiated. The polishing  table, covered with a flat polishing pad, rotates at a variable 	speed throughout the polishing cycle. Upon completion of the 	initial polish, the wafers are transported either to a rinsing 	station or to a second polishing table for an additional 	polishing or buffing step. The wafers are then rinsed and placed 	into the output buffer tray, scrubbed on both sides with a wet 	polyvinyl alcohol brush and placed wet into the output cassettes.  The system is self-enclosed, and has its own air filtration and 	air flow management system. The AurigaTM offers 	compatibility with all commonly used slurry chemistries."
,
,"In 1998, the Company introduced the Auriga-CTM, which 	integrates cleaning and drying technology into the Companys  CMP system thereby providing a complete dry-in/dry-out system. 	The design of the Auriga-CTM is based upon the 	replacement of the automation module on the AurigaTM 	with a new automation module, which incorporates the cleaning 	technology."
,
,"The Auriga VisionTM is the latest tool derived from 	the industry proven AurigaTM platform. Announced in 	July 2000, the Auriga VisionTM provides complete  dry-in/dry-out CMP processing in a high throughput tool. With an  advanced carrier design, in-table end-point system, HF capable 	dual-station cleaner and computer integrated manufacturing 	automation, this low cost of ownership tool is suited for fabs 	producing devices in the most cost-competitive markets. The 	Auriga VisionTM is targeted at the 0.18 and 	0.13 micron technology nodes for memory manufacturers."
