Unnamed: 0_level_0,Unnamed: 1_level_0,"Expected Maturity Date  Year Ended June 30,","Expected Maturity Date  Year Ended June 30,","Expected Maturity Date  Year Ended June 30,","Expected Maturity Date  Year Ended June 30,","Expected Maturity Date  Year Ended June 30,","Expected Maturity Date  Year Ended June 30,","Expected Maturity Date  Year Ended June 30,","Expected Maturity Date  Year Ended June 30,","Expected Maturity Date  Year Ended June 30,","Expected Maturity Date  Year Ended June 30,","Expected Maturity Date  Year Ended June 30,","Expected Maturity Date  Year Ended June 30,","Expected Maturity Date  Year Ended June 30,","Expected Maturity Date  Year Ended June 30,",Unnamed: 16_level_0,There after,There after,Unnamed: 19_level_0,Total,Total,Unnamed: 22_level_0,Fair Value
(in thousands of dollars),Unnamed: 1_level_1,2001,2001.1,Unnamed: 4_level_1,2002,2002.1,Unnamed: 7_level_1,2003,2003.1,Unnamed: 10_level_1,2004,2004.1,Unnamed: 13_level_1,2005,2005.1,There after,There after,Total,Total,Fair Value,Unnamed: 21_level_1,Unnamed: 22_level_1,Unnamed: 23_level_1
,,,,,,,,,,,,,,,,,,,,,,,
RateSensitive Liabilities:,,,,,,,,,,,,,,,,,,,,,,,
,,,,,,,,,,,,,,,,,,,,,,,
Variable rate borrowings under warehouse  facilities (US),,"$235,867",,,,,,,,,,,,,,,,,,"$235,867",,,"$235,867"
Average interest rate,,8.28,%,,,,,,,,,,,,,,,,,8.28,%,,
,,,,,,,,,,,,,,,,,,,,,,,
Variable rate borrowings under warehouse  facilities (AUD),,"$ 2,612",,,,,,,,,,,,,,,,,,"$ 2,612",,,"$ 2,612"
Average interest rate,,7.00,%,,,,,,,,,,,,,,,,,7.00,%,,
,,,,,,,,,,,,,,,,,,,,,,,
Variable rate borrowings under warehouse  facilities (GBP),,"$ 12,068",,,,,,,,,,,,,,,,,,"$ 12,068",,,"$12,068"
Average interest rate,,7.63,%,,,,,,,,,,,,,,,,,7.63,%,,
,,,,,,,,,,,,,,,,,,,,,,,
Variable rate borrowings under warehouse  facilities (JPY),,"$ 20,491",,,,,,,,,,,,,,,,,,"$ 20,491",,,"$ 20,491"
Average interest rate,,2.63,%,,,,,,,,,,,,,,,,,2.63,%,,
,,,,,,,,,,,,,,,,,,,,,,,
Variable rate borrowings under warehouse  facilities (SGD),,"$ 8,186",,,,,,,,,,,,,,,,,,"$ 8,186",,,"$ 8,186"
Average interest rate,,4.99,%,,,,,,,,,,,,,,,,,4.99,%,,
,,,,,,,,,,,,,,,,,,,,,,,
Variable rate borrowings under warehouse  facilities (EUR),,"$ 27,386",,,,,,,,,,,,,,,,,,"$ 27,386",,,"$ 27,386"
Average interest rate,,5.61,%,,,,,,,,,,,,,,,,,5.61,%,,
,,,,,,,,,,,,,,,,,,,,,,,
Fixed rate discounted receivables (US),,"$ 92,754",,,"$67,776",,,"$ 49,774",,,"$ 30,648",,,"$13,292",,,"$ 2,765",,,"$257,009",,,"$255,330"
Average interest rate,,6.98,%,,7.08,%,,7.16,%,,7.41,%,,7.66,%,,7.74,%,,6.98,%,,
,,,,,,,,,,,,,,,,,,,,,,,
Variable rate discounted receivables (US),,"$ 79,750",,,,,,"$ 88,000",,,,,,,,,,,,"$167,750",,,"$167,750"
Average interest rate,,7.52,%,,,,,7.58,%,,,,,,,,,,,7.55,%,,
,,,,,,,,,,,,,,,,,,,,,,,
Senior notes (US),,,,,,,,,,,"$155,000",,,,,,,,,"$155,000",,,"$140,500"
Average interest rate,,,,,,,,,,,9.88,%,,,,,,,,9.88,%,,
,,,,,,,,,,,,,,,,,,,,,,,
Other debt (US),,"$ 15,394",,,"$11,291",,,"$ 10,954",,,"$ 2,000",,,"$27,000",,,,,,"$ 66,639",,,"$ 66,489"
Average interest rate,,9.29,%,,9.66,%,,9.60,%,,8.34,%,,9.58,%,,,,,9.49,%,,
,,,,,,,,,,,,,,,,,,,,,,,
Other debt (GBP),,"$ 1,013",,,"$ 1,120",,,$ 870,,,$ 308,,,$ 172,,,"$ 1,046",,,"$ 4,529",,,"$ 4,070"
Average interest rate,,8.35,%,,8.33,%,,8.30,%,,7.72,%,,7.80,%,,7.80,%,,8.15,%,,
,,,,,,,,,,,,,,,,,,,,,,,
Convertible sub notes (US),,,,,"$13,900",,,,,,,,,,,,,,,"$ 13,900",,,"$ 20,981"
Average interest rate,,,,,9.13,%,,,,,,,,,,,,,,9.13,%,,
,,,,,,,,,,,,,,,,,,,,,,,
Totals,,"$495,521",,,"$94,087",,,"$149,598",,,"$187,956",,,"$40,464",,,"$ 3,811",,,"$971,437",,,"$961,730"
,,,,,,,,,,,,,,,,,,,,,,,
,,,,,,,,,,,,,,,,,,,,,,,
Average interest rate,,7.49,%,,7.71,%,,7.59,%,,9.46,%,,8.94,%,,7.76,%,,7.96,%,,
,,,,,,,,,,,,,,,,,,,,,,,
