0,1,2,3,4
(a),Documents filed as part of this Report,Documents filed as part of this Report,Documents filed as part of this Report,Documents filed as part of this Report
,1.,Financial Statements,Financial Statements,Financial Statements
,,A.,Independent Auditors' Report,Independent Auditors' Report
,,B.,"Consolidated Statements of Operations for the years ended June 30, 2000, 1999 and 1998","Consolidated Statements of Operations for the years ended June 30, 2000, 1999 and 1998"
,,C.,"Consolidated Balance Sheets as of June 30, 2000 and 1999","Consolidated Balance Sheets as of June 30, 2000 and 1999"
,,D.,"Consolidated Statements of Cash Flows for the years ended June 30, 2000, 1999 and 1998","Consolidated Statements of Cash Flows for the years ended June 30, 2000, 1999 and 1998"
,,E.,"Consolidated Statements of Shareholders' Equity for the years ended June 30, 2000, 1999 and 1998","Consolidated Statements of Shareholders' Equity for the years ended June 30, 2000, 1999 and 1998"
,,F.,"Consolidated Statements of Comprehensive Income for the years ended June 30, 2000, 1999, 1998","Consolidated Statements of Comprehensive Income for the years ended June 30, 2000, 1999, 1998"
,,G.,Notes to Consolidated Financial Statements,Notes to Consolidated Financial Statements
,,,,
,2.,Supplementary Financial Data.,Supplementary Financial Data.,Supplementary Financial Data.
,,,,
,,"Schedule II - Valuation and Qualifying Accounts for the years ended June 30, 2000, 1999 and 1998","Schedule II - Valuation and Qualifying Accounts for the years ended June 30, 2000, 1999 and 1998","Schedule II - Valuation and Qualifying Accounts for the years ended June 30, 2000, 1999 and 1998"
,,,,
,,,,
(b),Reports on Form 8-K,Reports on Form 8-K,Reports on Form 8-K,Reports on Form 8-K
,,"The Registrant filed a Current Report on Form 8-K on November 16, 1999, in which the Registrant reported that it had executed a Letter of Intent to sell its COMNET products business to Compuware Corporation.","The Registrant filed a Current Report on Form 8-K on November 16, 1999, in which the Registrant reported that it had executed a Letter of Intent to sell its COMNET products business to Compuware Corporation.","The Registrant filed a Current Report on Form 8-K on November 16, 1999, in which the Registrant reported that it had executed a Letter of Intent to sell its COMNET products business to Compuware Corporation."
,,"The Registrant filed a Current Report on Form 8-K on November 16, 1999, in which the Registrant reported that it had executed a Letter of Intent to acquire all of the outstanding common stock of XEN Corporation.","The Registrant filed a Current Report on Form 8-K on November 16, 1999, in which the Registrant reported that it had executed a Letter of Intent to acquire all of the outstanding common stock of XEN Corporation.","The Registrant filed a Current Report on Form 8-K on November 16, 1999, in which the Registrant reported that it had executed a Letter of Intent to acquire all of the outstanding common stock of XEN Corporation."
,,"The Registrant filed a Current Report on Form 8-K on December 20, 1999, in which the Registrant reported that it had completed the sale of its COMNET products business to Compuware Corporation.","The Registrant filed a Current Report on Form 8-K on December 20, 1999, in which the Registrant reported that it had completed the sale of its COMNET products business to Compuware Corporation.","The Registrant filed a Current Report on Form 8-K on December 20, 1999, in which the Registrant reported that it had completed the sale of its COMNET products business to Compuware Corporation."
,,"The Registrant filed a Current Report on Form 8-K on February 14, 2000, in which the Registrant reported that it had acquired all of the common stock of XEN Corporation.","The Registrant filed a Current Report on Form 8-K on February 14, 2000, in which the Registrant reported that it had acquired all of the common stock of XEN Corporation.","The Registrant filed a Current Report on Form 8-K on February 14, 2000, in which the Registrant reported that it had acquired all of the common stock of XEN Corporation."
,,"The Registrant filed a Current Report on Form 8-K on March 28, 2000, in which the Registrant reported that it would acquire substantially all of the assets of Century Technologies, Incorporated (CENTECH).","The Registrant filed a Current Report on Form 8-K on March 28, 2000, in which the Registrant reported that it would acquire substantially all of the assets of Century Technologies, Incorporated (CENTECH).","The Registrant filed a Current Report on Form 8-K on March 28, 2000, in which the Registrant reported that it would acquire substantially all of the assets of Century Technologies, Incorporated (CENTECH)."
,,"The Registrant filed a Current Report on Form 8-K on April 3, 2000, in which the Registrant reported that it had completed its acquisition of substantially all of the assets of Century Technologies, Incorporated (CENTECH).","The Registrant filed a Current Report on Form 8-K on April 3, 2000, in which the Registrant reported that it had completed its acquisition of substantially all of the assets of Century Technologies, Incorporated (CENTECH).","The Registrant filed a Current Report on Form 8-K on April 3, 2000, in which the Registrant reported that it had completed its acquisition of substantially all of the assets of Century Technologies, Incorporated (CENTECH)."
,,"The Registrant filed a Current Report on Form 8-K/A on April 17, 2000, in which the Registrant amended Items 7(a)(1) and 7(b)(2) of the Current Report on Form 8-K filed on February 14, 2000.","The Registrant filed a Current Report on Form 8-K/A on April 17, 2000, in which the Registrant amended Items 7(a)(1) and 7(b)(2) of the Current Report on Form 8-K filed on February 14, 2000.","The Registrant filed a Current Report on Form 8-K/A on April 17, 2000, in which the Registrant amended Items 7(a)(1) and 7(b)(2) of the Current Report on Form 8-K filed on February 14, 2000."
,,"The Registrant filed a Current Report on Form 8-K on August 9, 2000, in which the Registrant reported that it had commenced a program to repurchase up to one million shares of its common stock.","The Registrant filed a Current Report on Form 8-K on August 9, 2000, in which the Registrant reported that it had commenced a program to repurchase up to one million shares of its common stock.","The Registrant filed a Current Report on Form 8-K on August 9, 2000, in which the Registrant reported that it had commenced a program to repurchase up to one million shares of its common stock."
,,,,
,,,,
(c),Exhibits (listed by numbers corresponding to the exhibit table of Item 601 regulation S-K).,Exhibits (listed by numbers corresponding to the exhibit table of Item 601 regulation S-K).,Exhibits (listed by numbers corresponding to the exhibit table of Item 601 regulation S-K).,Exhibits (listed by numbers corresponding to the exhibit table of Item 601 regulation S-K).
,(3),Articles of Incorporation and By-laws:,Articles of Incorporation and By-laws:,Articles of Incorporation and By-laws:
,,3.1,"Certificate of Incorporation of the Registrant, as amended to date.","Certificate of Incorporation of the Registrant, as amended to date."
,,3.2,"By-laws of the Registrant, as amended to date.","By-laws of the Registrant, as amended to date."
,,,,
,,,,
,(4),Instruments Defining the Rights of Security Holders:,Instruments Defining the Rights of Security Holders:,Instruments Defining the Rights of Security Holders:
,,4.1,"Clause FOURTH of the Registrant's Certificate of Incorporation, incorporated above as Exhibit 3.1.","Clause FOURTH of the Registrant's Certificate of Incorporation, incorporated above as Exhibit 3.1."
,,,,
,,,,
,(10),Material Contracts:,Material Contracts:,Material Contracts:
,,10.1,"Form of Stock Option Agreement between the Registrant and certain employees is incorporated by reference from Exhibit 10.6 of the Registrant's Annual Report on Form 10-K filed with the Securities and Exchange Commission for the fiscal year ended June 30, 1991.","Form of Stock Option Agreement between the Registrant and certain employees is incorporated by reference from Exhibit 10.6 of the Registrant's Annual Report on Form 10-K filed with the Securities and Exchange Commission for the fiscal year ended June 30, 1991."
,,10.2,"Employment Agreement between the Registrant and Dr. J. P. London dated August 17, 1995, is incorporated by reference from Exhibit 10.3 of the Registrant's Annual Report on Form 10-K filed with the Securities and Exchange Commission for the fiscal year ended June 30, 1995.","Employment Agreement between the Registrant and Dr. J. P. London dated August 17, 1995, is incorporated by reference from Exhibit 10.3 of the Registrant's Annual Report on Form 10-K filed with the Securities and Exchange Commission for the fiscal year ended June 30, 1995."
,,10.3,"The 1996 Stock Incentive Plan of the Registrant is incorporated by reference to the Registration Statement on Form S-8 filed with the Securities and Exchange Commission on January 24, 1997.","The 1996 Stock Incentive Plan of the Registrant is incorporated by reference to the Registration Statement on Form S-8 filed with the Securities and Exchange Commission on January 24, 1997."
,,10.4,"The Revolving Credit Agreement dated June 19, 1998, between Registrant, NationsBank N.A., and certain other parties is incorporated by reference from Exhibit 10.8 of the Registrant's Annual Report on Form 10-K filed with the Securities and Exchange Commission for the fiscal year ended June 30, 1998.","The Revolving Credit Agreement dated June 19, 1998, between Registrant, NationsBank N.A., and certain other parties is incorporated by reference from Exhibit 10.8 of the Registrant's Annual Report on Form 10-K filed with the Securities and Exchange Commission for the fiscal year ended June 30, 1998."
,,10.5,"The Acquisition Agreement dated as of July 30, 1998, between the Registrant, QuesTech, Inc., and CACI Acquisition Corporation is incorporated by reference from Exhibit 99.1 of the Current Report on Form 8-K filed with the Securities and Exchange Commission on November 24, 1998.","The Acquisition Agreement dated as of July 30, 1998, between the Registrant, QuesTech, Inc., and CACI Acquisition Corporation is incorporated by reference from Exhibit 99.1 of the Current Report on Form 8-K filed with the Securities and Exchange Commission on November 24, 1998."
,,10.6,"Consulting and Separation Agreement between the Registrant and Ronald R. Ross, former President and Chief Operating Officer, dated August 10, 1999, as incorporated by reference from Exhibit 10.7 of the Annual Report on Form 10-K filed with the Securities and Exchange Commission for the fiscal year ended June 30, 1999.","Consulting and Separation Agreement between the Registrant and Ronald R. Ross, former President and Chief Operating Officer, dated August 10, 1999, as incorporated by reference from Exhibit 10.7 of the Annual Report on Form 10-K filed with the Securities and Exchange Commission for the fiscal year ended June 30, 1999."
,,10.7,"The Asset Purchase Agreement dated as December 15, 1999, between Compuware Corporation, CACI International Inc, CACI Products Company, CACI Development Company and CACI Products Company California, is incorporated by reference from Exhibit 99.1 of the Current Report on Form 8-K filed with the Securities and Exchange Commission on December 20, 1999.","The Asset Purchase Agreement dated as December 15, 1999, between Compuware Corporation, CACI International Inc, CACI Products Company, CACI Development Company and CACI Products Company California, is incorporated by reference from Exhibit 99.1 of the Current Report on Form 8-K filed with the Securities and Exchange Commission on December 20, 1999."
,,10.8,"The Agreement and Plan of Merger dated as of January 28, 2000, between the Registrant, XEN Corporation and CACI Acquisition Corporation, is incorporated by reference from Exhibit 99.1 of the Current Report on Form 8-K filed with the Securities and Exchange Commission on February 14, 2000.","The Agreement and Plan of Merger dated as of January 28, 2000, between the Registrant, XEN Corporation and CACI Acquisition Corporation, is incorporated by reference from Exhibit 99.1 of the Current Report on Form 8-K filed with the Securities and Exchange Commission on February 14, 2000."
,,10.9,"The Asset Acquisition Agreement dated as of March 16, 2000, between the Registrant, Century Technologies, Incorporated (CENTECH) and CACI, Inc. is incorporated by reference from Exhibit 99.1 of the Current Report on Form 8-K filed with the Securities and Exchange Commission on April 3, 2000.","The Asset Acquisition Agreement dated as of March 16, 2000, between the Registrant, Century Technologies, Incorporated (CENTECH) and CACI, Inc. is incorporated by reference from Exhibit 99.1 of the Current Report on Form 8-K filed with the Securities and Exchange Commission on April 3, 2000."
,,,,
,,,,
,(11),Computation of Earnings per Common and Common Equivalent Share.,Computation of Earnings per Common and Common Equivalent Share.,Computation of Earnings per Common and Common Equivalent Share.
,,,,
,,,,
,(21),"The significant subsidiaries of the Registrant, as defined in Section 1-02(w) of regulation S-X, are:","The significant subsidiaries of the Registrant, as defined in Section 1-02(w) of regulation S-X, are:","The significant subsidiaries of the Registrant, as defined in Section 1-02(w) of regulation S-X, are:"
,,,"CACI, Inc., a Delaware Corporation CACI, INC.-FEDERAL, a Delaware Corporation","CACI, Inc., a Delaware Corporation CACI, INC.-FEDERAL, a Delaware Corporation"
,,,,"(also does business as ""CACI Marketing Systems"", ""Information Decision Systems"", ""Demographics on Call"" and ""CACI IDS"")"
,,,"CACI, INC.-COMMERCIAL, a Delaware Corporation CACI Products Company California, a California Corporation CACI Field Services, Inc., a Delaware Corporation CACI N.V., a Netherlands Corporation CACI Limited, a United Kingdom Corporation Automated Sciences Group, Inc., a Delaware Corporation IMS Services, Incorporated, a Maryland Corporation Integrated Microcomputer Systems, Inc., a Maryland Corporation CACI Technologies, Inc., a Virginia Corporation CACI Technology Services, Inc., a Virginia Corporation XEN Corporation, a Virginia Corporation","CACI, INC.-COMMERCIAL, a Delaware Corporation CACI Products Company California, a California Corporation CACI Field Services, Inc., a Delaware Corporation CACI N.V., a Netherlands Corporation CACI Limited, a United Kingdom Corporation Automated Sciences Group, Inc., a Delaware Corporation IMS Services, Incorporated, a Maryland Corporation Integrated Microcomputer Systems, Inc., a Maryland Corporation CACI Technologies, Inc., a Virginia Corporation CACI Technology Services, Inc., a Virginia Corporation XEN Corporation, a Virginia Corporation"
,,,,
,,,,
,(27),Financial Data Schedule,Financial Data Schedule,Financial Data Schedule
