0,1,2,3,4,5,6,7,8,9,10,11,12
,,,,,,,,,,,,
,,,,,,,,,,,,
,,"Year Ended December 31,","Year Ended December 31,","Year Ended December 31,","Year Ended December 31,","Year Ended December 31,","Year Ended December 31,","Year Ended December 31,","Year Ended December 31,","Year Ended December 31,","Year Ended December 31,","Year Ended December 31,"
,,,,,,,,,,,,
,,1999,1999,1999,,1998,1998,1998,,1997,1997,1997
,,,,,,,,,,,,
Statutory federal income tax rate,,,(35.0,)%,,,(35.0,)%,,,(35.0,)%
,,,,,,,,,,,,
,,,,,,,,,,,,
,,,,,,,,,,,,
,,,,,,,,,,,,
"State income tax, net of federal tax benefit",,,(4.4,),,,0.2,,,,(4.7,)
,,,,,,,,,,,,
,,,,,,,,,,,,
,,,,,,,,,,,,
,,,,,,,,,,,,
Federal and state tax credits from research and development,,,(0.7,),,,,,,,(0.9,)
,,,,,,,,,,,,
,,,,,,,,,,,,
,,,,,,,,,,,,
,,,,,,,,,,,,
Difference between foreign and US tax rates,,,4.4,,,,3.1,,,,0.7,
,,,,,,,,,,,,
,,,,,,,,,,,,
,,,,,,,,,,,,
,,,,,,,,,,,,
Change in deferred asset valuation allowance,,,39.6,,,,207.6,,,,5.0,
,,,,,,,,,,,,
,,,,,,,,,,,,
,,,,,,,,,,,,
,,,,,,,,,,,,
Other,,,1.6,,,,3.9,,,,5.9,
,,,,,,,,,,,,
Effective tax rate,,,5.5%,,,,179.8%,,,,(29.0,)%
,,,,,,,,,,,,
