Unnamed: 0_level_0,Unnamed: 1_level_0,1st Quarter,1st Quarter,Unnamed: 4_level_0,2nd Quarter,2nd Quarter,Unnamed: 7_level_0,3rd Quarter,3rd Quarter,Unnamed: 10_level_0,4th Quarter,4th Quarter,Unnamed: 13_level_0
Unnamed: 0_level_1,Unnamed: 1_level_1,"In thousands, except per share data","In thousands, except per share data.1","In thousands, except per share data","In thousands, except per share data","In thousands, except per share data.1","In thousands, except per share data","In thousands, except per share data","In thousands, except per share data.1","In thousands, except per share data","In thousands, except per share data","In thousands, except per share data.1",Unnamed: 13_level_1
"Year Ended March 31, 1999","Year Ended March 31, 1999","Year Ended March 31, 1999","Year Ended March 31, 1999",,,,,,,,,,
Revenue,,$,280,,$,1199,,$,939,,$,213,
Operating expenses,,,1124,,,1493,,,1121,,,1667,
Loss from continuing operations,,,"(1,167",),,(608,),,(509,),,"(1,780",)
Loss from discontinued operations,,,(986,),,(928,),,(925,),,(173,)
Net loss,,,"(2,153",),,"(1,536",),,"(1,434",),,"(1,953",)
Basic and diluted loss per share from continuing operations,,,(0.21,),,(0.11,),,(0.09,),,(0.31,)
Basic and diluted loss per share from discontinued operations,,,(0.18,),,(0.16,),,(0.16,),,(0.03,)
Basic and diluted net loss per share,,,(0.39,),,(0.27,),,(0.25,),,(0.34,)
"Year Ended March 31, 2000",,,,,,,,,,,,,
Revenue,,$,213,,$,581,,$,270,,$,161,
Operating expenses,,,1217,,,1552,,,1320,,,1581,
Loss from continuing operations,,,"(1,362",),,"(1,185",),,"(1,269",),,"(1,668",)
Gain from discontinued operations,,,2403,,,,,,,,,,
Net income (loss),,,1041,,,"(1,185",),,"(1,269",),,"(1,668",)
Basic and diluted loss per share from continuing operations,,,(0.23,),,(0.20,),,(0.22,),,(0.29,)
Basic and diluted loss per share from discontinued operations,,,(0.08,),,,,,,,,,
Basic and diluted gain per share from sale of discontinued operations,,,0.49,,,,,,,,,,
Basic and diluted net income (loss) per share,,,0.18,,,(0.20,),,(0.22,),,(0.29,)
