Unnamed: 0,Unnamed: 1,Unnamed: 2,Unnamed: 3,2000,2000.1,Unnamed: 6,1999,1999.1,Unnamed: 9,1998,1998.1,Unnamed: 12
Projected benefit obligation:,Projected benefit obligation:,Projected benefit obligation:,,,,,,,,,,
,Beginning of year,Beginning of year,,$,2326,,$,2297,,$,1786,
,Service cost,Service cost,,,85,,,87,,,63,
,Interest cost,Interest cost,,,134,,,139,,,124,
,Plan amendments,Plan amendments,,,6,,,15,,,45,
,Acquisitions/dispositions,Acquisitions/dispositions,,,619,,,(43,),,(35,)
,Benefits paid,Benefits paid,,,(104,),,(99,),,(95,)
,Participant contributions,Participant contributions,,,2,,,1,,,1,
,Actuarial (gain) loss,Actuarial (gain) loss,,,(45,),,(17,),,440,
,Foreign exchange,Foreign exchange,,,(95,),,(54,),,(32,)
,,,,,,,,,,,,
,End of year,End of year,,$,2928,,$,2326,,$,2297,
,,,,,,,,,,,,
Fair value of plan assets:,Fair value of plan assets:,Fair value of plan assets:,,,,,,,,,,
,Beginning of year,Beginning of year,,$,2238,,$,2306,,$,1956,
,Actual return on plan assets,Actual return on plan assets,,,248,,,96,,,464,
,Employer contributions,Employer contributions,,,24,,,22,,,47,
,Participant contributions,Participant contributions,,,2,,,1,,,1,
,Benefits paid,Benefits paid,,,(104,),,(99,),,(95,)
,Acquisitions/dispositions,Acquisitions/dispositions,,,708,,,(31,),,(25,)
,Foreign exchange,Foreign exchange,,,(109,),,(57,),,(42,)
,,,,,,,,,,,,
,End of year,End of year,,$,3007,,$,2238,,$,2306,
,,,,,,,,,,,,
Funded status,Funded status,Funded status,,$,79,,$,(88,),$,9,
Unrecognized:,Unrecognized:,Unrecognized:,,,,,,,,,,
,Prior service cost,Prior service cost,,,70,,,77,,,99,
,Net actuarial loss,Net actuarial loss,,,50,,,173,,,85,
,Net initial liability (asset),Net initial liability (asset),,,2,,,(1,),,(4,)
,,,,,,,,,,,,
Prepaid benefit cost recognized,Prepaid benefit cost recognized,Prepaid benefit cost recognized,,$,201,,$,161,,$,189,
,,,,,,,,,,,,
Amounts recognized on the Consolidated Balance Sheets:,Amounts recognized on the Consolidated Balance Sheets:,Amounts recognized on the Consolidated Balance Sheets:,,,,,,,,,,
,Other noncurrent assets,Other noncurrent assets,,$,171,,$,199,,$,189,
,Noncurrent benefit liability,Noncurrent benefit liability,,,,,,(132,),,,
,Accumulated other comprehensive income,Accumulated other comprehensive income,,,30,,,94,,,,
,,,,,,,,,,,,
Prepaid benefit cost recognized,Prepaid benefit cost recognized,Prepaid benefit cost recognized,,$,201,,$,161,,$,189,
,,,,,,,,,,,,
