0,1,2,3,4,5,6,7,8,9,10
,,,,,,,,,,
,,,,,,,,,,
,,,,"December 31,","December 31,","December 31,","December 31,","December 31,","December 31,","December 31,"
,,,,,,,,,,
,,,,1999,1999,1999,,1998,1998,1998
,,,,,,,,,,
,,,,(Restated),(Restated),(Restated),,,,
,,,,,,,,,,
,,,,,,,,,,
,,,,,,,,,,
,,,,,,,,,,
ASSETS,ASSETS,ASSETS,ASSETS,ASSETS,ASSETS,ASSETS,ASSETS,ASSETS,ASSETS,ASSETS
,,,,,,,,,,
,,,,,,,,,,
,,,,,,,,,,
,,,,,,,,,,
Current assets:,Current assets:,Current assets:,,,,,,,,
,,,,,,,,,,
,,,,,,,,,,
,,,,,,,,,,
,,,,,,,,,,
,Cash and cash equivalents,Cash and cash equivalents,,$,21915,,,$,62642,
,,,,,,,,,,
,,,,,,,,,,
,,,,,,,,,,
,,,,,,,,,,
,Restricted cash and cash equivalents,Restricted cash and cash equivalents,,,1200,,,,,
,,,,,,,,,,
,,,,,,,,,,
,,,,,,,,,,
,,,,,,,,,,
,Marketable securities,Marketable securities,,,37787,,,,38078,
,,,,,,,,,,
,,,,,,,,,,
,,,,,,,,,,
,,,,,,,,,,
,"Accounts receivable, less allowances for doubtful accounts of 	$5,642, and $5,392 at December 31, 1999 and 1998, 	respectively","Accounts receivable, less allowances for doubtful accounts of 	$5,642, and $5,392 at December 31, 1999 and 1998, 	respectively",,,77120,,,,78995,
,,,,,,,,,,
,,,,,,,,,,
,,,,,,,,,,
,,,,,,,,,,
,Inventories,Inventories,,,32930,,,,30256,
,,,,,,,,,,
,,,,,,,,,,
,,,,,,,,,,
,,,,,,,,,,
,Other current assets,Other current assets,,,12562,,,,8692,
,,,,,,,,,,
,Total current assets,Total current assets,,,183514,,,,218663,
,,,,,,,,,,
,,,,,,,,,,
,,,,,,,,,,
,,,,,,,,,,
"Property and equipment, net","Property and equipment, net","Property and equipment, net",,,86219,,,,95655,
,,,,,,,,,,
,,,,,,,,,,
,,,,,,,,,,
,,,,,,,,,,
"Capitalized software costs, net","Capitalized software costs, net","Capitalized software costs, net",,,11341,,,,20484,
,,,,,,,,,,
,,,,,,,,,,
,,,,,,,,,,
,,,,,,,,,,
"Goodwill, net","Goodwill, net","Goodwill, net",,,4242,,,,5336,
,,,,,,,,,,
,,,,,,,,,,
,,,,,,,,,,
,,,,,,,,,,
Other assets,Other assets,Other assets,,,9554,,,,12856,
,,,,,,,,,,
,,Total assets,,$,294870,,,$,352994,
,,,,,,,,,,
,,,,,,,,,,
,,,,,,,,,,
,,,,,,,,,,
,,,,,,,,,,
"LIABILITIES, REDEEMABLE PREFERRED STOCK AND STOCKHOLDERS  EQUITY","LIABILITIES, REDEEMABLE PREFERRED STOCK AND STOCKHOLDERS  EQUITY","LIABILITIES, REDEEMABLE PREFERRED STOCK AND STOCKHOLDERS  EQUITY","LIABILITIES, REDEEMABLE PREFERRED STOCK AND STOCKHOLDERS  EQUITY","LIABILITIES, REDEEMABLE PREFERRED STOCK AND STOCKHOLDERS  EQUITY","LIABILITIES, REDEEMABLE PREFERRED STOCK AND STOCKHOLDERS  EQUITY","LIABILITIES, REDEEMABLE PREFERRED STOCK AND STOCKHOLDERS  EQUITY","LIABILITIES, REDEEMABLE PREFERRED STOCK AND STOCKHOLDERS  EQUITY","LIABILITIES, REDEEMABLE PREFERRED STOCK AND STOCKHOLDERS  EQUITY","LIABILITIES, REDEEMABLE PREFERRED STOCK AND STOCKHOLDERS  EQUITY","LIABILITIES, REDEEMABLE PREFERRED STOCK AND STOCKHOLDERS  EQUITY"
,,,,,,,,,,
,,,,,,,,,,
,,,,,,,,,,
,,,,,,,,,,
Current liabilities:,Current liabilities:,Current liabilities:,,,,,,,,
,,,,,,,,,,
,,,,,,,,,,
,,,,,,,,,,
,,,,,,,,,,
,Short-term borrowings,Short-term borrowings,,$,196,,,$,881,
,,,,,,,,,,
,,,,,,,,,,
,,,,,,,,,,
,,,,,,,,,,
,Accounts payable,Accounts payable,,,21681,,,,32777,
,,,,,,,,,,
,,,,,,,,,,
,,,,,,,,,,
,,,,,,,,,,
,Accrued compensation and benefits,Accrued compensation and benefits,,,10517,,,,11214,
,,,,,,,,,,
,,,,,,,,,,
,,,,,,,,,,
,,,,,,,,,,
,Accrued expenses,Accrued expenses,,,37518,,,,35316,
,,,,,,,,,,
,,,,,,,,,,
,,,,,,,,,,
,,,,,,,,,,
,Current portion of capital lease obligations,Current portion of capital lease obligations,,,1782,,,,3537,
,,,,,,,,,,
,,,,,,,,,,
,,,,,,,,,,
,,,,,,,,,,
,Deferred revenue,Deferred revenue,,,28826,,,,22616,
,,,,,,,,,,
,Total current liabilities,Total current liabilities,,,100520,,,,106341,
,,,,,,,,,,
,,,,,,,,,,
,,,,,,,,,,
,,,,,,,,,,
"Capital lease obligations, net of current portion","Capital lease obligations, net of current portion","Capital lease obligations, net of current portion",,,54584,,,,56411,
,,,,,,,,,,
,,Total liabilities,,,155104,,,,162752,
,,,,,,,,,,
"Commitments and contingencies (Notes 7, 8 and 16)","Commitments and contingencies (Notes 7, 8 and 16)","Commitments and contingencies (Notes 7, 8 and 16)",,,,,,,,
,,,,,,,,,,
,,,,,,,,,,
,,,,,,,,,,
,,,,,,,,,,
"Redeemable convertible preferred stock, $.01 par value; 	15,000,000 shares authorized; 4,478,708 shares issued and 	outstanding at December 31, 1999","Redeemable convertible preferred stock, $.01 par value; 	15,000,000 shares authorized; 4,478,708 shares issued and 	outstanding at December 31, 1999","Redeemable convertible preferred stock, $.01 par value; 	15,000,000 shares authorized; 4,478,708 shares issued and 	outstanding at December 31, 1999",,,30500,,,,,
,,,,,,,,,,
Stockholders equity:,Stockholders equity:,Stockholders equity:,,,,,,,,
,,,,,,,,,,
,,,,,,,,,,
,,,,,,,,,,
,,,,,,,,,,
,"Common stock, $.01 par value; 80,000,000 shares authorized; 	40,617,634 and 40,067,771 shares issued and outstanding at 	December 31, 1999 and 1998","Common stock, $.01 par value; 80,000,000 shares authorized; 	40,617,634 and 40,067,771 shares issued and outstanding at 	December 31, 1999 and 1998",,,406,,,,400,
,,,,,,,,,,
,,,,,,,,,,
,,,,,,,,,,
,,,,,,,,,,
,Additional paid-in capital,Additional paid-in capital,,,225513,,,,222230,
,,,,,,,,,,
,,,,,,,,,,
,,,,,,,,,,
,,,,,,,,,,
,Accumulated deficit,Accumulated deficit,,,"(114,780",),,,"(30,254",)
,,,,,,,,,,
,,,,,,,,,,
,,,,,,,,,,
,,,,,,,,,,
,Accumulated other comprehensive loss,Accumulated other comprehensive loss,,,"(1,317",),,,"(2,134",)
,,,,,,,,,,
,,,,,,,,,,
,,,,,,,,,,
,,,,,,,,,,
,"Treasury stock, 92,065 shares, at cost","Treasury stock, 92,065 shares, at cost",,,(556,),,,,
,,,,,,,,,,
,,Total stockholders equity,,,109266,,,,190242,
,,,,,,,,,,
,,"Total liabilities, redeemable preferred stock and 	stockholders equity",,$,294870,,,$,352994,
,,,,,,,,,,
