Unnamed: 0,Unnamed: 1,Unnamed: 2,Unnamed: 3,2000,2000.1,Unnamed: 6,1999,1999.1,Unnamed: 9
,,,,,,,,,
ASSETS,ASSETS,ASSETS,ASSETS,ASSETS,ASSETS,ASSETS,ASSETS,ASSETS,
CURRENT ASSETS,CURRENT ASSETS,CURRENT ASSETS,,,,,,,
,Cash and cash equivalents,Cash and cash equivalents,,$,1101000,,$,544000,
,"Accounts receivable, less allowances","Accounts receivable, less allowances",,,5296000,,,6773000,
,Inventories,Inventories,,,12290000,,,15446000,
,Prepaid expenses,Prepaid expenses,,,733000,,,492000,
,,,,,,,,,
,,Total current assets,,,19420000,,,23255000,
"PROPERTY, PLANT AND EQUIPMENTAT COST","PROPERTY, PLANT AND EQUIPMENTAT COST","PROPERTY, PLANT AND EQUIPMENTAT COST",,,,,,,
,Land,Land,,,249000,,,249000,
,Building,Building,,,23921000,,,23890000,
,Equipment,Equipment,,,14783000,,,13942000,
,Land and building improvements,Land and building improvements,,,3381000,,,3356000,
,,,,,,,,,
,,,,,42334000,,,41437000,
,Less accumulated depreciation,Less accumulated depreciation,,,"(11,982,000",),,"(9,454,000",)
,,,,,,,,,
,,,,,30352000,,,31983000,
OTHER ASSETS,OTHER ASSETS,OTHER ASSETS,,,,,,,
,Intangibles,Intangibles,,,5286000,,,5951000,
,Security deposits,Security deposits,,,847000,,,841000,
,Inventories,Inventories,,,9368000,,,6321000,
,Other,Other,,,515000,,,446000,
,,,,,,,,,
,,,,,16016000,,,13559000,
,,,,,,,,,
,,,,$,65788000,,$,68797000,
,,,,,,,,,
