0,1
Exhibit,Description
3.1(7),"Certificate of Incorporation of the Registrant, as amended."
3.2(13),"Amended and Restated By Laws of the Registrant, dated March 24, 1997."
4.1(1),Amended 1981 Incentive Stock Option Plan and Forms of Stock Option Agreements.
4.2(1),Amended 1984 Incentive Stock Option Plan and Forms of Stock Option Agreements.
4.3(21),Amended 1984 Employee Stock Purchase Plan and Form of Subscription Agreement.
4.4(8),Amended 1991 Stock Option Plan and Forms of Stock Option Agreements.
4.5(10),1996 Performance-Based Restricted Stock Plan.
4.7(1),"Rights Agreement, dated as of January 23, 1997, between the Registrant and ChaseMellon Shareholder Service, L.L.C., which includes Exhibit B thereto the Form of Right Certificate."
4.8(24),Amended and restated 1997 Stock Incentive Plan.
4.9(24),1999 Stock Option Plan.
4.10(28),Lam Research Corporation 1999 Employee Stock Purchase Plan.
4.11(30),Amended and restated 1996 Performance-Based Restricted Stock Plan.
4.12(30),Amended and restated 1999 Stock Option Plan.
10.3(2),Form of Indemnification Agreement.
10.7(3),Roger D. Emerick Promissory Note and Deed of Trust.
10.12(4),"ECR Technology License Agreement and Rainbow Technology License Agreement by and between Registrant and Sumitomo Metal Industries, Ltd."
10.16(5),"License Agreement effective January 1, 1992 between the Registrant and Tokyo Electron Limited."
10.19(6),Deferred Compensation Agreement with Roger D. Emerick.
10.27(7),"Receivables Purchase Agreement between Lam Research Corporation and ABN AMRO Bank N.V., Tokyo Branch."
10.28(7),"Guaranty of Supplemental Receivables Purchase Agreement between Lam Research Corporation and ABN AMRO Bank N.V., Tokyo Branch dated June 28, 1995."
10.29(8),"Credit Agreement Between Lam Research Corporation and ABN AMRO Bank N. V., as agent for a syndicate of banks, dated December 20, 1995."
10.30(9),"1996. Lease Agreement Between Lam Research Corporation and the Industrial Bank of Japan, Limited dated March 27, 1996."
10.31(10),"Term Loan Agreement between The Sakura Bank Limited and Lam Research Co., Ltd. dated June 26, 1996."
10.32(10),"The Continuing Guaranty between The Sakura Bank Limited and Lam Research Corporation dated June 26, 1996."
10.33(11),"Employment contract for Roger D. Emerick, effective July 1, 1996."
10.34(12),"Agreement between Registrant and Henk J. Evenhuis, dated January 21, 1997."
10.35(14),"Agreement and Plan of Merger by and among Lam Research Corporation, Omega Acquisition Corporation and OnTrak Systems, Inc. dated as of March 24, 1997."
10.37(15),"Second Amendment to Credit Agreement between Lam Research Corporation and ABN AMRO Bank N.V., San Francisco International Branch dated March 30, 1997."
10.38(15),"Consent and Waiver Agreement between Lam Research Corporation and IBJTC Leasing Corporation-BSC, The Industrial Bank of Japan, Limited, Wells Fargo Bank, N.A., The Bank of Nova Scotia and the Nippon Credit Bank, LTD. dated March 28, 1997."
10.39(15),"Waiver Agreement between Lam Research Co., Ltd. and The Sakura Bank Limited dated March 30, 1997."
10.40(15),"Amendment to Continuing Guaranty between Lam Research Corporation and The Sakura Bank Limited dated March 30, 1997."
10.41(17),"Employment Agreement for James W. Bagley, dated July 1, 1997."
10.42(16),"Employment agreement for Stephen G. Newberry, dated August 5, 1997."
10.43(16),"Addendum to Roger D. Emerick Employment contract, dated June 26, 1997."
10.44(18),"Consent and Waiver Agreement among Lam Research Corporation, IBJTC Leasing Corporation-BSC and Participants dated October 7, 1997."
10.45(18),"Third Amendment to Credit Agreement among Lam Research Corporation, ABN AMRO Bank, as agent, and a syndicate of lenders, dated October 7, 1997."
10.46(20),"Receivables Purchase Agreement between Lam Research Co., LTD. and ABN AMRO Bank N.V., Tokyo Branch, dated December 26, 1997."
10.47(20),"Third Amendment to Term Loan between Lam Research Co., Ltd., and The Sakura Bank Limited, dated December 19, 1997. Second Amendment to Continuing Guaranty between Lam Research Corporation and The Sakura Bank Limited, dated December 19, 1997."
10.49(20),"Guaranty to the Receivables Purchase Agreement between Lam Research Co., LTD. and ABN AMRO Bank N.V., Tokyo Branch, dated December 26, 1997."
10.50(22),"License Agreement between Lam Research Corporation and Trikon Technologies, Inc., dated March 18, 1998."
10.51(22),"Loan Agreement between Lam Research Corporation and The Industrial Bank of Japan, Limited, dated March 30, 1998."
10.52(23),"Credit Agreement between Lam Research Corporation and Deutsche Bank AG, New York Branch and ABN AMRO Bank N.V., San Francisco Branch, dated April 13, 1998."
10.53(23),"First Amendment to Credit Agreement between Lam Research Corporation and ABN AMRO Bank N.V., San Francisco Branch, dated August 10, 1998."
10.54(19),"Indenture by and between the Company and LaSalle National Bank dated as of August 15, 1997."
10.55(19),"Registration Rights Agreement by and between the Company and Deutsche Morgan Grenfeld Inc., ABN AMRO Rothschild, and Lombard Odier International Underwriters Limited, dated as of August 15, 1997."
10.56(23),"Amended and restated Roger D. Emerick Promissory Note and Deed of Trust dated April 8, 1998."
10.57(23),"Waiver Agreement between Lam Research Co., Ltd. And Sakura Bank Limited, dated July 20, 1998."
10.58(24),"Loan Agreement between Lam Research Co., LTD and ABN AMRO Bank N.V., dated September 30, 1998."
10.59(24),"Guaranty to Loan Agreement between Lam Research Co., LTD and ABN AMRO Bank N.V., dated September 30, 1998."
10.60(24),"Second Addendum to Employment Agreement between Lam Research Corporation and Roger D. Emerick, effective September 1, 1998."
10.61(25),"Second Amendment to Credit Agreement between ABN AMRO BANK, N.V. and Lam Research Corporation, dated December 18, 1998."
10.62(25),"First Amendment to Guaranty between ABN AMRO BANK, N.V. and Lam Research Corporation, dated December 25, 1998."
10.63(25),"Supplemental Agreement of Receivables Purchase Agreement dated December 26, 1997 between ABN AMRO BANK, N.V. and Lam Research Corporation, dated December 25, 1998."
10.64(25),"Supplemental Agreement of Loan Agreement dated September 30, 1998 between ABN AMRO BANK, N.V. and Lam Research Corporation, dated December 25, 1998."
10.66(26),"Substitution Certificate for Loan Agreement dated September 30, 1998 between ABN AMRO BANK, N.V. and Lam Research Corporation, dated March 19, 1999."
10.67(27),"OTS Issuer Stock Option Master Agreement between Lam Research Corporation and Goldman Sachs & Co. and Collateral Appendix thereto, dated June 1999."
10.68(27),"Form of ISDA Master Agreement and related documents between Lam Research Corporation and Credit Suisse Financial Products, dated June 1999."
10.69(29),"The First Amendment Agreement between Lam Research Corporation and Credit Suisse Financial Products dated August 31, 1999."
10.70(31),"Lease Agreement between Lam Research Corporation and Scotiabanc Inc., dated January 10, 2000."
10.71(31),"Participation Agreement between Lam Research Corporation, Scotiabanc Inc., and The Bank of Nova Scotia, dated January 19, 2000."
21,Subsidiaries of the Registrant.
23.1,"Consent of Ernst & Young LLP, Independent Auditors."
24,Power of Attorney.
27,Financial Data Schedule.
