Unnamed: 0_level_0,Unnamed: 1_level_0,Fiscal Year 2000,Fiscal Year 2000,Fiscal Year 2000,Fiscal Year 2000,Fiscal Year 2000,Fiscal Year 2000,Fiscal Year 2000
Unnamed: 0_level_1,Unnamed: 1_level_1,Three Months Ended,Three Months Ended,Three Months Ended,Three Months Ended,Three Months Ended,Three Months Ended,Three Months Ended
(in thousands of dollars except per share data),Unnamed: 1_level_2,September 30,Unnamed: 3_level_2,December 31,Unnamed: 5_level_2,March 31,Unnamed: 7_level_2,June 30
Finance and other income,,"$31,870",,"$36,234",,"$36,602",,"$38,666"
Net operating income,,21162,,23849,,22696,,22450
"Earnings before minority interest, equity in net loss of investees, and provision for income taxes",,9673,,10599,,10911,,10795
Net earnings,,5572,,5802,,6007,,6061
Net earnings per common and common equivalent share basic,,$ 0.39,,$ 0.41,,$ 0.42,,$ 0.43
,,,,,,,,
Net earnings per common and common equivalent share diluted,,$ 0.37,,$ 0.38,,$ 0.39,,$ 0.40
,,,,,,,,
