0,1,2
,,
Exhibit,,
Number,,Exhibit
,,
10G.,,"Employment Agreement dated July 6, 1998 between the Company  and George Smith (incorporated herein by reference to the  Companys Current Report on Form 8-K dated  September 28, 1999, Exhibit 99.)"
10H.,,"Employment Agreement dated May 22, 2000 between the Company  and Patrick Jewett (incorporated herein by reference to the  Companys current Report on Form 8-K dated  July 11, 2000, Exhibit 99)."
10I.,,"Avnet 1984 Stock Option Plan (incorporated herein by reference to  the Companys Registration Statement on Form S-8,  Registration No. 2-96800, Exhibit 4-B)."
10J.,,"Avnet 1988 Stock Option Plan (incorporated herein by reference to  the Companys Registration Statement on Form S-8,  Registration No. 33-29475, Exhibit 4-B)."
10K.,,"Avnet 1990 Stock Option Plan (incorporated herein by reference to  the Companys Annual Report on Form 10-K for the  fiscal year ended June 30, 1992, Exhibit 10E)."
10L.,,"Avnet 1995 Stock Option Plan (incorporated herein by reference to  the Companys Current Report on Form 8-K dated  February 12, 1996, Exhibit 10)."
10M.,,"Avnet 1996 Incentive Stock Option Plan (incorporated herein by  reference to the Companys Registration Statement on  Form S-8, Registration No. 333-17271, Exhibit 99)."
10N.,,"Amended and Restated Avnet 1997 Stock Option Plan (incorporated  herein by reference to the Companys Current Report on  Form 8-K dated May 6, 1999, Exhibit 10)."
10O.,,"Avnet 1999 Stock Option Plan (incorporated herein by reference to  the Companys Current Report on Form 8-K dated  September 26, 2000, Exhibit 10)."
10P.,,"1994 Avnet Incentive Stock Program (incorporated herein by  reference to the Companys Registration Statement on  Form S-8, Registration No. 333-00129,  Exhibit 99)."
10Q.,,"Stock Bonus Plan for Outside Directors (incorporated herein by  reference to the Companys Current Report on Form 8-K  dated September 23, 1997, Exhibit 99.2)."
10R.,,"Retirement Plan for Outside Directors of Avnet, Inc., effective  July 1, 1993 (incorporated herein by reference to the  Companys Annual Report on Form 10-K for the fiscal  year ended June 30, 1992, Exhibit 10I)."
10S.,,"Avnet, Inc. Deferred Compensation Plan for Outside Directors  (incorporated herein by reference to the Companys Current  Report on Form 8-K dated September 23, 1997,  Exhibit 99.1)."
21.*,,List of subsidiaries of the Company.
23.*,,Consent of Arthur Andersen LLP.
24.,,"Powers of Attorney (incorporated herein by reference to the  Companys Current Report on Form 8-K dated  September 26, 2000)."
27.*,,Financial Data Schedule (electronic filing only).
