0,1,2,3
,"Year Ended June 30,","Year Ended June 30,","Year Ended June 30,"
,2000,1999,1998
Unrealized gains (losses) on available for sale securities:,,,
Unrealized holding gains (losses) arising during period,"$ (612,555)","(593,309)",28876
Less: reclassification adjustments for (gains) losses  realized in net income,21205,28567,"(79,161)"
Total unrealized gains (losses) on securities,"(591,350)","(564,742)","(50,285)"
Income tax expense (benefit),"(212,273)","(208,954)","(19,515)"
Net unrealized gains (losses) on securities,"(379,077)","(355,788)","(30,770)"
Minimum pension liability adjustment,-,-,3575
"Cumulative effect of change in accounting principle, net of  income taxes of $77,942 (See Note 1)",-,132713,-
Other comprehensive income (loss),"$ (379,077) =======","(223,075) =======","(27,195) ======="
