Unnamed: 0,Unnamed: 1,Unnamed: 2,Unnamed: 3,2000,2000.1,Unnamed: 6,1999,1999.1,Unnamed: 9
Operating activities:,Operating activities:,Operating activities:,,,,,,,
Net income,Net income,Net income,,$,119251,,$,441714,
,Adjustments to reconcile net income to cash provided by operating activities:,Adjustments to reconcile net income to cash provided by operating activities:,,,,,,,
,,Depreciation,,,137061,,,123471,
,,Loss on disposal of property,,,8543,,,4539,
,Change in:,Change in:,,,,,,,
,,Trade accounts receivable,,,"(383,808",),,"(192,095",)
,,Inventories,,,"(221,281",),,143163,
,,Accounts payable and accrued liabilities,,,327906,,,6283,
,,Other current assets,,,21244,,,"(62,299",)
,,,,,,,,,
,Cash provided by operating activities,Cash provided by operating activities,,,8916,,,464776,
Investing activities:,Investing activities:,Investing activities:,,,,,,,
,,"Investment in property, plant, and equipment",,,"(297,174",),,"(259,756",)
,,,,,,,,,
,Cash used by investing activities,Cash used by investing activities,,,"(297,174",),,"(259,756",)
Financing activities:,Financing activities:,Financing activities:,,,,,,,
,,Gross borrowings (repayments) on note payable,,,"(29,387",),,66695,
,,Employee stock sales,,,40646,,,240000,
,,,,,,,,,
,Cash provided by financing activities,Cash provided by financing activities,,,11260,,,270695,
Increase (decrease) in cash,Increase (decrease) in cash,Increase (decrease) in cash,,,"(276,998",),,475715,
"Cash, beginning of year","Cash, beginning of year","Cash, beginning of year",,,780590,,,304875,
,,,,,,,,,
"Cash, end of year","Cash, end of year","Cash, end of year",,$,503592,,$,780590,
,,,,,,,,,
