0,1,2,3,4,5,6
,,,,,,
Exhibit No.,Exhibit No.,Exhibit No.,,,,Description
,,,,,,
,10.75,,,,,"Assignment and Assumption of Loan Documents, dated May 29, 	1996, from Norwest Business Credit, Inc., to and by Norwest Bank 	Arizona, N.A.(10)"
,10.76,,,,,"Multiple Advance Note, dated May 29, 1996, from the Company 	to Norwest Bank Arizona, N.A.(10)"
,10.77,,,,,"Securities Account Pledge and Security Agreement, dated 	November 22, 1996, by and between the Company and Norwest 	Bank Arizona, N.A.(12)"
,10.77(a),,,,,"First Amendment to Securities Account Pledge and Security 	Agreement dated November 22, 1998, by and between the 	Company and Norwest Bank Arizona, N.A.(14)"
,10.78,,,,,"Acknowledgment of Control of Pledged Securities Account, dated 	November 22, 1996, by and among Norwest Bank Arizona, N.A. 	and the Company and Norwest Bank Minnesota, N.A.(12)"
,10.78(a),,,,,"First Amendment to Acknowledgement of Control of Pledged 	Securities Account dated November 22, 1998, by and between 	the Company and Norwest Bank Arizona, N.A.(14)"
,10.89,,,,,"Asset Purchase Agreement dated November 15, 1998, by and 	among the Company and Hoechst Marion Roussel, Inc., Hoechst 	Marion Roussel Deutschland GMHB and Hoechst Marion Roussel, 	S.A.(14)"
,10.90,,,,,"License and Option Agreement dated November 15, 1998, by and  among the Company and Hoechst Marion Roussel, Inc., Hoechst 	Marion Roussel Deutschland GMBH and Hoechst Marion Roussel, 	S.A.(14)"
,10.91,,,,,"Loprox Lotion Supply Agreement dated November 15, 1998, by 	and between the Company and Hoechst Marion Roussel, Inc.(14)"
,10.92,,,,,"Supply Agreement dated November 15, 1998, by and between the  Company and Hoechst Marion Roussel Deutschland GMBH(14)"
,10.93,,,,,"Asset Purchase Agreement effective January 31, 1999, between  the Company and Bioglan Pharma Plc(16)"
,10.94,,,,,"Stock Purchase Agreement by and among the Company, Ucyclyd 	Pharma, Inc. and Syed E. Abidi, William Brusilow, Susan E. 	Brusilow and Norbert L. Wiech, dated April 19, 1999(16)"
,10.95,,,,,"Asset Purchase Agreement by and between the Company and Bioglan 	Pharma Plc dated June 29, 1999(16)"
,10.96,,,,,"Asset Purchase Agreement by and among The Exorex Company, LLC, 	Bioglan Pharma Plc, the Company and IMX Pharmaceuticals, Inc. 	dated June 29, 1999(16)"
,10.97,,,,,Medicis Pharmaceutical Corporation Executive Retention Plan(16)
,10.98,,,,,"Asset Purchase Agreement between Warner Chilcott, plc and the 	Company, dated September 14, 1999(16)"
,21.1,,,,,Subsidiaries(16)
,23.1,,,,,"Consent of Ernst & Young LLP, Independent Auditors(17)"
,24.1,,,,,Power of Attorney(17) See signature page(s)
,27.1,,,,,Financial Data Schedule(17)
