0,1,2
10(f)(1),,"Norstan, Inc. Restated Non-Employee Directors' Stock Plan, [filed as Exhibit 28.1 to the Company's Registration Statement on Form S-8 dated September 27, 1995 and incorporated herein by reference]"
10(g)(1),,"Norstan, Inc. 1995 Long-Term Incentive Plan [filed as Exhibit 28.1 to the Company's Registration Statement on Form S-8 dated September 27, 1995 and incorporated herein by reference]; Amendment adopted July 30, 1996 [filed as Exhibit 10(g) to the Company's Annual Report on Form 10-K for the year ended April 30, 1996 and incorporated herein by reference]; Amendment adopted August 16, 1996 [filed as Exhibit 10(g)(1) to the Company's Annual Report on Form  10-K for the year ended April 30, 1998 and incorporated herein by reference]"
10(h)(1),,"Employment Agreement dated April 7, 1995 between Paul Baszucki and the Company filed as Exhibit 10(h) to the Company's Annual Report on Form 10-K for the year ended April 30, 1995 and incorporated herein by reference]"
10(i)(1),,"Consulting Agreement dated September 1, 1998 between Richard Cohen and the Company [filed as Exhibit 10(i)(1) of the Company's Annual Report on Form 10-K for the year ended April 30, 1999 and incorporated herein by reference]"
10(j)(1),,"Employment Agreement dated April 30, 1997 between David R. Richard and the Company [filed as Exhibit 10(j)(1) to the Company's Annual Report on Form 10-K for the year ended April 30, 1998 and incorporated herein by reference]"
10(k)(1),,"Agreement and Plan of Merger dated May 24, 1996 among the Company, Connect Computer Company and CCC Acquisition Subsidiary, Inc [filed as Exhibit 2 to the Company's Current Report on Form 8-K dated June 4, 1996 and incorporated herein by reference]"
10(k)(2),,"Amended and Restated Stock Purchase Agreement dated September 5, 1997 by and among the Company, Vadini, Inc. (d.b.a. PRIMA Consulting) and Michael Vadini [filed as Exhibit 2 to the Company's Current Report on Form 8-K dated October 8, 1997 and incorporated herein by reference]"
10(l)(1),,"Third Amendment to Credit Agreement, dated as of March 20, 1998, by and among the Company, certain banks as signatories thereto (the ""Banks"") and US Bank National Association, as one of the Banks and as agent for the Banks [filed as Exhibit 10(l)(1) to the Company's Annual Report on Form 10-K for the year ended April 30, 1998 and incorporated herein by reference]"
10(l)(2),,"Fourth Amendment to Credit Agreement, dated as of July 23, 1998, by and among the Company, certain banks as signatories thereto (the ""Banks"") and US Bank National Association, as one of the Banks and as agent for the Banks [filed as Exhibit 10 to the Company's Quarterly Report on Form 10-Q for the period ended August 1, 1998 and incorporated herein by reference]"
10(l)(3),,"Fifth Amendment to Credit Agreement, dated as of September 28, 1998, by and among the Company, certain banks as signatories thereto (the ""Banks"") and US Bank National Association, as one of the Banks and as agent for the Banks [filed as Exhibit 10 (a) to the Company's Quarterly Report on Form 10-Q for the period ended October 31, 1998 and incorporated herein by reference]"
10(l)(4),,"Sixth Amendment to Credit Agreement, dated as of October 21, 1998, by and among the Company, certain banks as signatories thereto (the ""Banks"") and US Bank National Association, as one of the Banks and as agent for the Banks [filed as Exhibit 10 (b) to the Company's Quarterly Report on Form 10-Q for the period ended October 31, 1998 and incorporated herein by reference]"
