0,1,2,3,4
,,,,
,,PAGE NO.,PAGE NO.,PAGE NO.
,,,,
PART I DESCRIPTION OF BUSINESS,,,,
,,,,
,,,,
,,,,
,,,,
,,,,
Item 1 Description of Business,,,3,
,,,,
,,,,
,,,,
,,,,
Item 2 Management Discussion and Analysis or Plan of  Operation,,,9,
,,,,
,,,,
,,,,
,,,,
Item 3 Description of Property,,,10,
,,,,
,,,,
,,,,
,,,,
Item 4 Security Ownership of Certain Beneficial  Owners and Management,,,10,
,,,,
,,,,
,,,,
,,,,
"Item 5 Directors, Executive Officers, Promoters And  Control Persons",,,11,
,,,,
,,,,
,,,,
,,,,
Item 6 Executive Compensation,,,14,
,,,,
,,,,
,,,,
,,,,
Item 7 Certain Relationships and Related  Transactions,,,15,
,,,,
,,,,
,,,,
,,,,
Item 8 Legal Proceedings,,,16,
,,,,
,,,,
,,,,
,,,,
Item 9 Market for Common Equity and Related  Stockholder Matters,,,16,
,,,,
,,,,
,,,,
,,,,
Item 10 Recent Sales of Unregistered  Securities,,,17,
,,,,
,,,,
,,,,
,,,,
Item 11 Description of Securities,,,17,
,,,,
,,,,
,,,,
,,,,
Item 12 Indemnification of Officers and  Directors,,,18,
,,,,
,,,,
,,,,
,,,,
Item 13 Financial Statements,,,19,
,,,,
,,,,
,,,,
,,,,
Item 14 Changes In and Disagreements with  Accountants on Accounting and Financial Disclosure,,,19,
,,,,
,,,,
,,,,
,,,,
Item 15 Financial Statements and Exhibits,,,19,
