Unnamed: 0_level_0,Unnamed: 1_level_0,Common Stock $.005 Par Value,Common Stock $.005 Par Value,Common Stock $.005 Par Value,Unnamed: 5_level_0,Unnamed: 6_level_0,Unnamed: 7_level_0,Unnamed: 8_level_0,Unnamed: 9_level_0,Unnamed: 10_level_0,Unnamed: 11_level_0,Unnamed: 12_level_0,Unnamed: 13_level_0,Unnamed: 14_level_0
Unnamed: 0_level_1,Unnamed: 1_level_1,Common Stock $.005 Par Value,Common Stock $.005 Par Value,Common Stock $.005 Par Value,Unnamed: 5_level_1,Additional Capital,Unnamed: 7_level_1,Retained Earnings,Unnamed: 9_level_1,Accumulated Other Comprehensive Loss,Unnamed: 11_level_1,Total Shareholders Equity,Total Shareholders Equity,Unnamed: 14_level_1
(in thousands of dollars except share data),Unnamed: 1_level_2,Shares,Unnamed: 3_level_2,Amount,Additional Capital,Retained Earnings,Accumulated Other Comprehensive Loss,Unnamed: 8_level_2,Total Shareholders Equity,Total Shareholders Equity,Unnamed: 11_level_2,Unnamed: 12_level_2,Unnamed: 13_level_2,Unnamed: 14_level_2
"Balances at June 30, 1997",,10590859.0,,$53,,"$ 69,194",,"$ 26,529",,$ (116,),"$ 95,660",,
,,,,,,,,,,,,,,
Net earnings,,,,,,,,12858,,,,12858,,
Currency translation adjustment,,,,,,,,,,(572,),(572,),
,,,,,,,,,,,,,,
Comprehensive income,,,,,,,,,,,,12286,,
Issuance of common stock upon  exercise of stock options and  warrants,,149499.0,,,,1756,,,,,,1756,,
Net proceeds from issuance of  common stock,,2940000.0,,15,,57918,,,,,,57933,,
Issuance of common stock for  acquisition of MEFC,,400000.0,,2,,4648,,,,,,4650,,
,,,,,,,,,,,,,,
"Balances at June 30, 1998",,14080358.0,,70,,133516,,39387,,(688,),172285,,
Net earnings,,,,,,,,19668,,,,19668,,
Currency translation adjustment,,,,,,,,,,"(1,401",),"(1,401",),
,,,,,,,,,,,,,,
Comprehensive income,,,,,,,,,,,,18267,,
Issuance of common stock upon  exercise of stock options and  warrants,,88250.0,,1,,1116,,,,,,1117,,
Cost of issuance of common stock,,,,,,(199,),,,,,(199,),
Non-employee stock option grants,,,,,,177,,,,,,177,,
,,,,,,,,,,,,,,
"Balances at June 30, 1999",,14168608.0,,71,,134610,,59055,,"(2,089",),191647,,
Net earnings,,,,,,,,23442,,,,23442,,
Unrealized loss on available-for-sale  securities (net of deferred taxes  of $70),,,,,,,,,,(105,),(105,),
Currency translation adjustment,,,,,,,,,,(357,),(357,),
,,,,,,,,,,,,,,
Comprehensive income,,,,,,,,,,,,22980,,
Issuance of common stock upon  exercise of stock options and  warrants,,54366.0,,,,690,,,,,,690,,
Non-employee stock option grants,,,,,,46,,,,,,46,,
,,,,,,,,,,,,,,
"Balances at June 30, 2000",,14222974.0,,$71,,"$135,346",,"$ 82,497",,"$ (2,551",),"$215,363",,
,,,,,,,,,,,,,,
