0,1,2,3,4,5,6,7,8,9,10,11,12,13,14,15,16
,,,,,,,,,,,,,,,,
,,,,,,Percent of,Percent of,Percent of,,,,,,,,
,,Number of,Number of,Number of,,Total,Total,Total,,,,,,,,
,,Securities,Securities,Securities,,Options,Options,Options,,,,,,,,
,,Underlying,Underlying,Underlying,,Granted to,Granted to,Granted to,,Exercise or,Exercise or,Exercise or,,,,
,,Options,Options,Options,,Employees in,Employees in,Employees in,,Base Price,Base Price,Base Price,,,,
Name,,Granted,Granted,Granted,,Fiscal Year,Fiscal Year,Fiscal Year,,($/Share),($/Share),($/Share),,Expiration Date,Expiration Date,Expiration Date
,,,,,,,,,,,,,,,,
Dennis L. Sellke,,,,,,,,,,,,,,,,
,,,,,,,,,,,,,,,,
,,,,,,,,,,,,,,,,
,,,,,,,,,,,,,,,,
,,,,,,,,,,,,,,,,
Greg H. Guettler,,,25428,,,,21.4%,,,$,4.35/share,,,,2/18/2010,
,,,,,,,,,,,,,,,,
,,,,,,,,,,,,,,,,
,,,,,,,,,,,,,,,,
,,,,,,,,,,,,,,,,
"Charles F. Chesney, D.V.M.,",,,25428,,,,21.4%,,,$,4.35/share,,,,2/18/2010,
,,,,,,,,,,,,,,,,
,,,,,,,,,,,,,,,,
,,,,,,,,,,,,,,,,
,,,,,,,,,,,,,,,,
James S. Murphy,,,23124,,,,19.4%,,,$,4.35/share,,,,2/18/2010,
