0,1,2,3,4,5,6,7,8,9
,"Year Ended June 30,","Year Ended June 30,","Year Ended June 30,","Year Ended June 30,","Year Ended June 30,","Year Ended June 30,","Year Ended June 30,","Year Ended June 30,","Year Ended June 30,"
,2000,2000,2000,1999,1999,1999,1998,1998,1998
,Average Balance,Interest and Dividends,Yield/ Cost,Average Balance,Interest and Dividends,Yield/ Cost,Average Balance,Interest and Dividends,Yield/ Cost
,(Dollars in thousands),(Dollars in thousands),(Dollars in thousands),(Dollars in thousands),(Dollars in thousands),(Dollars in thousands),(Dollars in thousands),(Dollars in thousands),(Dollars in thousands)
Interest-earning assets:,Interest-earning assets:,Interest-earning assets:,Interest-earning assets:,Interest-earning assets:,Interest-earning assets:,Interest-earning assets:,Interest-earning assets:,Interest-earning assets:,Interest-earning assets:
Mortgage loans (1),"$ 114,109","$ 8,784",7.70%,"$ 106,117","$ 8,315",7.84%,"$ 104,417","$ 8,172",7.83%
Other loans (1),12139,1109,9.14,10510,971,9.24,10691,1003,9.38
Total net loans,126248,9893,7.84,116627,9286,7.96,115108,9175,7.97
Mortgage-backed securities,14180,867,6.11,17074,973,5.70,19344,1172,6.06
Investment securities (2),23546,1455,6.18,16693,967,5.79,16078,947,5.89
Other interest-earning assets,2869,75,2.61,5200,188,3.62,4049,150,3.70
Total interest-earning  assets (1),166843,12290,7.37,155594,11414,7.34,154579,11444,7.40
Other noninterest-earning assets,5158,-,,5292,-,,5405,-,
Total assets,"$ 172,001 =======","$ 12,290 ======",,"$ 160,886 =======","$ 11,414 ======",,"$ 159,984 =======","$11,444 ======",
Interest-bearing liabilities:,Interest-bearing liabilities:,Interest-bearing liabilities:,Interest-bearing liabilities:,Interest-bearing liabilities:,Interest-bearing liabilities:,Interest-bearing liabilities:,Interest-bearing liabilities:,Interest-bearing liabilities:,Interest-bearing liabilities:
Passbook accounts,"$ 6,920",$ 175,2.53,"$ 7,190",$ 182,2.53,"$ 7,487",$ 202,2.70
NOW accounts,12266,240,1.96,10672,210,1.97,9605,186,1.94
Money market accounts,15703,606,3.86,11265,414,3.68,7856,241,3.07
Certificates of deposit,86346,4402,5.10,87189,4457,5.11,86705,4522,5.21
Total deposits,121235,5423,4.47,116316,5263,4.52,111653,5151,4.61
FHLB advances,26705,1496,5.60,19990,984,4.92,19617,1061,5.41
Total interest-bearing liabilities,147940,6919,4.68,136306,6247,4.58,131270,6212,4.73
Other liabilities,1973,-,,2045,-,,2483,-,
Total liabilities,149913,6919,,138351,6247,,133753,6212,
Stockholders' equity,22088,-,,22535,-,,26231,-,
Total liabilities and,Total liabilities and,Total liabilities and,Total liabilities and,Total liabilities and,Total liabilities and,Total liabilities and,Total liabilities and,Total liabilities and,Total liabilities and
stockholders' equity,"$ 172,001 =======","$ 6,919 ======",,"$ 160,886 =======","$ 6,247 ======",,"$ 159,984 =======","$ 6,212 ======",
Net interest income,-,"$ 5,371",-,-,"$ 5,167",-,-,"$ 5,232",-
Interest rate spread (3),-,-,2.69%,-,-,2.76%,-,-,2.67%
Net interest margin (4),-,-,3.22%,-,-,3.32%,-,-,3.39%
Ratio of average  interest-earning  assets to average  interest-bearing  liabilities,112.78%,-,-,114.15%,-,-,117.76%,-,-
