Exhibit Number,Unnamed: 1,Description,Unnamed: 3,Unnamed: 4,Unnamed: 5
3.1,,Restated Certificate of Incorporation of the Company (12),,,
,,,,,
3.2,,"By-laws of the Company and Amendment to By-Laws of the Company dated April 17, 1996. (2)",,,
,,,,,
4.1,,Form of Common Stock Certificate. (3),,,
,,,,,
4.2,,Form of Global Note representing Senior Notes due 2004. (4),,,
,,,,,
4.3,,"Indenture dated January 27, 1997 between the Company and the Trustee. (4)",,,
,,,,,
4.4,,"First Supplemental Indenture dated January 30, 1997 with respect to the Senior Notes between the Company and the Trustee. (4)",,,
,,,,,
4.5,,Form of Global Note representing Senior Notes due 2004. (5),,,
,,,,,
4.6,,"Supplemental Indenture dated December 23, 1998 with respect to the Senior Notes between the Company and the Trustee. (5)",,,
,,,,,
10.1,,DVI Financial Services Inc. Employee Savings Plan. (6),,,
,,,,,
10.2,,"Purchase Agreement dated as of October 22, 1991, by and among DMR Associates, L.P., HIS Acquisition, Inc. and DVI Financial Services Inc. (7)",,,
,,,,,
10.3,,"Direct Stock Option Agreements, dated as of October 16, 1990, between the Company and certain of the Companys directors. (7)",,,
,,,,,
10.4,,"Amended and Restated Letter Agreement dated December 15, 1991, between the Company and W.I.G. Securities Limited partnership regarding investment banking services. (7)",,,
,,,,,
10.5,,"Warrant dated April 27, 1992, executed by the Company on behalf of W.I.G. Securities Limited Partnership. (7)",,,
,,,,,
10.6,,"Note Purchase Agreement among the Company and the Purchasers listed therein, dated as of June 21, 1994. (8)",,,
,,,,,
10.7,,"Amendment No. 1 to Note Purchase Agreement among the Company and the Purchasers listed therein, dated as of November 1994. (9)",,,
,,,,,
10.8,,Amendment No. 1 to the MEFC Agreement dated as of June 1995. (9),,,
,,,,,
10.9,,"Joint Venture Agreement dated November 10, 1995 among Philips Medical Systems International B.V., the Company and Philadelphia International Equities, Inc. (10)",,,
,,,,,
10.1,,"Interim Loan and Security Agreement, dated as of February 20, 1997, between Prudential Securities Credit Corporation and DVI Financial Services Inc. (2)",,,
,,,,,
10.11,,"Shareholders Agreement dated as of April 27, 1998 by and among DVI International, Inc. (the Companys wholly owned subsidiary), International Finance Corporation, Nederlandse Financierings- Maatschappij voor Ontwikkelinglarden N.V., Philadelphia International Equities Inc. and MSF Holding Ltd. (11)",,,
,,,,,
10.12,,"Share Retention, Non-Competition and Put Option Agreement dated April 27, 1998 among DVI, Inc., International Finance Corporation, MSF Holding Ltd., Cadilur S.A., Estolur S.A. and Natuler S.A. (11)",,,
,,,,,
10.13,,"Share Retention, Non-Competition and Put Option Agreement dated April 27, 1998 among DVI, Inc., Nederlandse Financierings-Maatschappij voor Ontwikkelinglarden N.V., MSF Holding Ltd., Cadilur S.A., Estolur S.A., and Natuler S.A. (11)",,,
,,,,,
10.14,,"First Amendment, dated September 30, 1998, to Share Retention, Non-Competition and Put Option Agreement dated April 27, 1998 among DVI, Inc., International Finance Corporation, MSF Holding Ltd., Medical Systems Finance S.A., Estolur S.A., Healthcare Systems Finance S.A., and Sistemas Financieros S.A. (15)",,,
