Exhibit Number,Unnamed: 1,Description
3.1,,Articles of Incorporation(1)
3.2,,Bylaws(1)
4.1,,Reference is made to Exhibits 3.1 and 3.2(1)
4.2,,Form of Common Stock Certificate(1)
10.1*,,"R-B Rubber Products, Inc. 1995 Stock Option Plan(1)"
10.2*,,Form of Stock Option Agreement(1)
10.3*,,"Amendment No. 1 to R-B Rubber Products, Inc. 1995 Stock Option Plan(3)"
10.4*,,"Employment Agreement dated effective June 3, 1999 between R-B Rubber Products, Inc. and Ronald L. Bogh(9)"
10.5*,,"Employment Agreement dated effective June 3, 1999 between R-B Rubber Products, Inc. and Paul M. Gilson(9)"
10.6*,,"R-B Rubber Products, Inc. Directors Stock Option Plan(11)"
10.7,,"$992,000 Business Loan Agreement by and between KeyBank National Association and R-B Rubber Products, Inc., dated August 3, 1998.(5)"
10.8,,"$450,000 Business Loan Agreement, dated January 19, 1999, by and between KeyBank National Association and R-B Rubber Products, Inc.(6)"
10.9,,"$1,000,000 Line of Credit Agreement by and between KeyBank National Association and R-B Rubber Products, Inc. dated July 31, 1998.(5)"
10.10,,"Amendment No. 1 (Extension Agreement) dated September 1, 1999 to Line of Credit Agreement dated July 31, 1998.(8)"
10.11,,"Funding Agreement, dated May 12, 1997, by and between Keycorp Leasing Ltd. and R-B Rubber Products, Inc.(2)"
