0,1,2
,Exhibit Number,Description
,,
,2.1,"Agreement and Plan of Merger by and among ProVal Corporation, Manatron, Inc., and ProVal Acquisition Corporation, dated May 28, 1999, as amended. Previously filed as an exhibit to the Company's Form 8-K filed on June 18, 1999 and incorporated herein by refrence."
,,
,2.2,"Bills of Sale and Court Orders concerning the purchase of certain assets of CPS Systems, Inc., dated March 31, 2000 and June 13, 2000."
,,
,3.1,"Restated Articles of Incorporation. Previously filed as an exhibit to the Company's Form 10-K Annual Report for the fiscal year ended April 30, 1995, and incorporated herein by reference."
,,
,3.2,"Bylaws. Previously filed as an exhibit to the Company's Form 10-K Annual Report for the fiscal year ended April 30, 1999 and incorporated herein by reference."
,,
,4.1,Restated Articles of Incorporation. See Exhibit 3.1 above.
,,
,4.2,Bylaws. See Exhibit 3.2 above.
,,
,4.3,"Rights Agreement dated June 2, 1997 between Manatron, Inc. and Registrar and Transfer Company. Previously filed as an exhibit to the Company's Form 8-A filed on June 11, 1997, and incorporated herein by reference."
