0,1,2
Part I.,,Page
Item 1.,Business,**
Item 2.,Properties,**
Item 3.,Legal Proceedings,**
Item 4.,Submission of Matters to a Vote of Security Holders,**
Part II.,,
Item 5.,Market for the Registrant's Common Stock and Related Stockholder Matters,**
Item 6.,Selected Consolidated Financial Data,**
Item 7.,Management's Discussion and Analysis of Financial Condition and Results of Operations,**
Item 7a.,Quantitative and Qualitative Disclosures About Market Risk,**
Item 8.,Consolidated Financial Statements and Supplementary Data,**
Item 9.,Changes in and Disagreements with Accountants on Accounting and Financial Disclosure,**
Part III.,,
Item 10.,Directors and Executive Officers of the Registrant,**
Item 11.,Executive Compensation,**
Item 12.,Security Ownership of Certain Beneficial Owners and Management,**
Item 13.,Certain Relationships and Related Transactions,**
Part IV.,,
Item 14.,"Exhibits, Consolidated Financial Statement Schedules, and Reports on Form 8-K",**
Signatures,,**
Exhibits Index,,**
