0,1,2,3,4
CONSULTING,CONSULTING,CONSULTING,CONSULTING,CONSULTING
e-Commerce,," Develop a total e-commerce application including creative, technological, and infrastructure components"," Develop a total e-commerce application including creative, technological, and infrastructure components"," Develop a total e-commerce application including creative, technological, and infrastructure components"
e-Business Integration,, Provide services and solutions which allow the exchange of a client's data and business process with customers and suppliers, Provide services and solutions which allow the exchange of a client's data and business process with customers and suppliers, Provide services and solutions which allow the exchange of a client's data and business process with customers and suppliers
Knowledge Management,, Create tools that allow employees throughout the client's organization to take advantage of information as it is generated, Create tools that allow employees throughout the client's organization to take advantage of information as it is generated, Create tools that allow employees throughout the client's organization to take advantage of information as it is generated
Customer Relationship Management,, Integrate customer relationship management solutions such as Siebel Systems, Integrate customer relationship management solutions such as Siebel Systems, Integrate customer relationship management solutions such as Siebel Systems
Infrastructure Services,," Design, develop and deploy critical e-business applications as well as data and voice network infrastructure"," Design, develop and deploy critical e-business applications as well as data and voice network infrastructure"," Design, develop and deploy critical e-business applications as well as data and voice network infrastructure"
FINANCIAL SERVICES,FINANCIAL SERVICES,FINANCIAL SERVICES,FINANCIAL SERVICES,FINANCIAL SERVICES
Leasing Services,, Provide customers with efficient and competitive financing for the purchase or lease of products and services, Provide customers with efficient and competitive financing for the purchase or lease of products and services, Provide customers with efficient and competitive financing for the purchase or lease of products and services
,, Support the sales process by offering lease structures that eliminate the need for third party financing, Support the sales process by offering lease structures that eliminate the need for third party financing, Support the sales process by offering lease structures that eliminate the need for third party financing
