Unnamed: 0_level_0,Unnamed: 1_level_0,Unnamed: 2_level_0,Unnamed: 3_level_0,"For the Year Ended March 31,","For the Year Ended March 31,","For the Year Ended March 31,","For the Year Ended March 31,","For the Year Ended March 31,","For the Year Ended March 31,","For the Year Ended March 31,","For the Year Ended March 31,",Unnamed: 12_level_0
Unnamed: 0_level_1,Unnamed: 1_level_1,Unnamed: 2_level_1,Unnamed: 3_level_1,2000,2000.1,Unnamed: 6_level_1,1999,1999.1,Unnamed: 9_level_1,1998,1998.1,Unnamed: 12_level_1
Revenue:,Revenue:,Revenue:,,,,,,,,,,
,Net sales of products,Net sales of products,,$,646590,,$,587131,,$,1435107,
,Licensing/technology fees,Licensing/technology fees,,,578273,,,2043841,,,500000,
,,,,,,,,,,,,
,,,,,1224863,,,2630972,,,1935107,
Operating expenses:,Operating expenses:,Operating expenses:,,,,,,,,,,
,Manufacturing,Manufacturing,,,1791751,,,1915729,,,1749064,
,Research and engineering,Research and engineering,,,1330224,,,978683,,,883632,
,"Selling, general and administrative","Selling, general and administrative",,,2548281,,,2510485,,,3428321,
,,,,,,,,,,,,
,,Total operating expenses,,,5670256,,,5404897,,,6061017,
,,,,,,,,,,,,
Operating loss,Operating loss,Operating loss,,,"(4,445,393",),,"(2,773,925",),,"(4,125,910",)
Interest expense,Interest expense,Interest expense,,,,,,,,,"(390,411",)
Other income,Other income,Other income,,,125561,,,122020,,,109983,
,,,,,,,,,,,,
,,,,,125561,,,122020,,,"(280,428",)
,,,,,,,,,,,,
Loss before income taxes,Loss before income taxes,Loss before income taxes,,,"(4,319,832",),,"(2,651,905",),,"(4,406,338",)
Provision for income taxes,Provision for income taxes,Provision for income taxes,,,,,,,,,,
,,,,,,,,,,,,
Loss from continuing operations before preferred stock dividend,Loss from continuing operations before preferred stock dividend,Loss from continuing operations before preferred stock dividend,,,"(4,319,832",),,"(2,651,905",),,"(4,406,338",)
Preferred stock dividend,Preferred stock dividend,Preferred stock dividend,,,"(1,164,519",),,"(1,412,341",),,"(112,035",)
,,,,,,,,,,,,
Loss from continuing operations allocable to common shareholders,Loss from continuing operations allocable to common shareholders,Loss from continuing operations allocable to common shareholders,,,"(5,484,351",),,"(4,064,246",),,"(4,518,373",)
Loss from discontinued operations allocable to common shareholders,Loss from discontinued operations allocable to common shareholders,Loss from discontinued operations allocable to common shareholders,,,"(449,790",),,"(3,608,928",),,"(15,096,294",)
Gain on sale of discontinued operations,Gain on sale of discontinued operations,Gain on sale of discontinued operations,,,2852667,,,,,,,
Minority interest allocation,Minority interest allocation,Minority interest allocation,,,,,,597000,,,2985000,
,,,,,,,,,,,,
Gain (loss) from discontinued operations allocable to common shareholders,Gain (loss) from discontinued operations allocable to common shareholders,Gain (loss) from discontinued operations allocable to common shareholders,,,2402877,,,"(3,011,928",),,"(12,111,294",)
,,,,,,,,,,,,
Net loss allocable to common shareholders,Net loss allocable to common shareholders,Net loss allocable to common shareholders,,$,"(3,081,474",),$,"(7,076,174",),$,"(16,629,667",)
,,,,,,,,,,,,
Basic and diluted loss per common share from continuing operations,Basic and diluted loss per common share from continuing operations,Basic and diluted loss per common share from continuing operations,,$,(0.94,),$,(0.72,),$,(0.98,)
,,,,,,,,,,,,
Basic and diluted loss per common share from discontinued operations,Basic and diluted loss per common share from discontinued operations,Basic and diluted loss per common share from discontinued operations,,$,(0.08,),$,(0.53,),$,(2.61,)
,,,,,,,,,,,,
Basic and diluted income per common share from sale of discontinued operations,Basic and diluted income per common share from sale of discontinued operations,Basic and diluted income per common share from sale of discontinued operations,,$,0.49,,$,,,$,,
,,,,,,,,,,,,
Basic and diluted net loss per common share,Basic and diluted net loss per common share,Basic and diluted net loss per common share,,$,(0.53,),$,(1.25,),$,(3.59,)
,,,,,,,,,,,,
Shares used in per share calculations,Shares used in per share calculations,Shares used in per share calculations,,,5834177,,,5663048,,,4630227,
,,,,,,,,,,,,
