0,1,2,3,4,5
,Years Ended,Years Ended,Years Ended,Years Ended,Years Ended
,"June 30, 2000",,"July 2, 1999",,"July 3, 1998"
Revenues: (a),,,,,
United States,"$367,695",,"$376,638",,"$375,942"
United Kingdom,78149,,80545,,78963
Other foreign countries,198644,,203065,,202264
Total,"$644,488",,"$660,248",,"$657,169"
,,,,,
Long-lived assets: (b),,,,,
United States,"$159,183",,"$170,078",,"$177,022"
United Kingdom,76695,,80855,,85256
France,29241,,39445,,43664
Other foreign countries,39473,,43832,,46677
Total,"$304,592",,"$334,210",,"$352,619"
"(a) Revenues are attributed to geographic  areas based on the location of the customer.  (b) With the exception of goodwill, long-lived assets are  attributed to geographic areas based on the location of the asset.  Goodwill is attributed to the location of the business to which it  relates.","(a) Revenues are attributed to geographic  areas based on the location of the customer.  (b) With the exception of goodwill, long-lived assets are  attributed to geographic areas based on the location of the asset.  Goodwill is attributed to the location of the business to which it  relates.","(a) Revenues are attributed to geographic  areas based on the location of the customer.  (b) With the exception of goodwill, long-lived assets are  attributed to geographic areas based on the location of the asset.  Goodwill is attributed to the location of the business to which it  relates.","(a) Revenues are attributed to geographic  areas based on the location of the customer.  (b) With the exception of goodwill, long-lived assets are  attributed to geographic areas based on the location of the asset.  Goodwill is attributed to the location of the business to which it  relates.","(a) Revenues are attributed to geographic  areas based on the location of the customer.  (b) With the exception of goodwill, long-lived assets are  attributed to geographic areas based on the location of the asset.  Goodwill is attributed to the location of the business to which it  relates.","(a) Revenues are attributed to geographic  areas based on the location of the customer.  (b) With the exception of goodwill, long-lived assets are  attributed to geographic areas based on the location of the asset.  Goodwill is attributed to the location of the business to which it  relates."
