0,1,2,3,4,5,6,7,8,9,10,11,12,13,14,15,16,17,18,19,20,21,22,23,24
,,,,,,,,,,,,,,,,,,,,,,,,
Common Stock Transactions,,,,,,,,,,,,,,,,,,,,,,,,
"(In Millions, Except Share and Per Share Data)","(In Millions, Except Share and Per Share Data)","(In Millions, Except Share and Per Share Data)","(In Millions, Except Share and Per Share Data)","(In Millions, Except Share and Per Share Data)",,2000,2000.0,2000.0,,,,,,1999,1999.0,1999.0,,,,,,1998,1998.0,1998.0
,,,,,,,,,,,,,,,,,,,,,,,,
Shares acquired,,,,,,,3734623.0,,,,,,,,8379444.0,,,,,,,,5222361.0,
Cost of shares acquired,,,,,,$,90.1,,,,,,,$,167.5,,,,,,,$,202.0,
Cost per share acquired,,,,,,$,24.12,,,,,,,$,19.99,,,,,,,$,38.68,
Shares issued,,,,,,,2227154.0,,,,,,,,958347.0,,,,,,,,1347483.0,
Price per share issued,,,,,,$,21.75,,,,,,,$,16.18,,,,,,,$,21.23,
Cash dividends,,,,,,$,11.5,,,,,,,$,12.2,,,,,,,$,13.5,
Dividends per share,,,,,,$,0.15,,,,,,,$,0.15,,,,,,,$,0.15,
