0,1,2,3,4,5,6,7,8,9,10,11,12,13
,,,,,,,,,,,,,
,,,2000.0,2000,2000,,1999.0,1999,1999,,1998.0,1998,1998
,,,,,,,,,,,,,
Expected income tax rate,Expected income tax rate,,,(34,)%,,,(34,)%,,,34,%
,,,,,,,,,,,,,
,,,,,,,,,,,,,
,,,,,,,,,,,,,
,,,,,,,,,,,,,
"State taxes, net of U.S. Federal tax benefit","State taxes, net of U.S. Federal tax benefit",,,(6,),,,(6,),,,12,
,,,,,,,,,,,,,
,,,,,,,,,,,,,
,,,,,,,,,,,,,
,,,,,,,,,,,,,
Foreign sales corporation,Foreign sales corporation,,,,,,,,,,,(19,)
,,,,,,,,,,,,,
,,,,,,,,,,,,,
,,,,,,,,,,,,,
,,,,,,,,,,,,,
Research and development and other tax credits,Research and development and other tax credits,,,(22,),,,(2,),,,,
,,,,,,,,,,,,,
,,,,,,,,,,,,,
,,,,,,,,,,,,,
,,,,,,,,,,,,,
Tax exempt investment securities,Tax exempt investment securities,,,,,,,,,,,(17,)
,,,,,,,,,,,,,
,,,,,,,,,,,,,
,,,,,,,,,,,,,
,,,,,,,,,,,,,
Disposition of investments,Disposition of investments,,,14,,,,,,,,,
,,,,,,,,,,,,,
,,,,,,,,,,,,,
,,,,,,,,,,,,,
,,,,,,,,,,,,,
"Non-deductible expenses, including purchased research and 	development and amortization of goodwill","Non-deductible expenses, including purchased research and 	development and amortization of goodwill",,,8,,,,1,,,,42,
,,,,,,,,,,,,,
,,,,,,,,,,,,,
,,,,,,,,,,,,,
,,,,,,,,,,,,,
Change in beginning of year valuation allowance,Change in beginning of year valuation allowance,,,39,,,,36,,,,391,
,,,,,,,,,,,,,
,,,,,,,,,,,,,
,,,,,,,,,,,,,
,,,,,,,,,,,,,
Stock option compensation,Stock option compensation,,,,,,,,,,,21,
,,,,,,,,,,,,,
,,,,,,,,,,,,,
,,,,,,,,,,,,,
,,,,,,,,,,,,,
Other,Other,,,1,,,,2,,,,2,
,,,,,,,,,,,,,
,Effective income tax rate,,,0,%,,,(3,)%,,,466,%
,,,,,,,,,,,,,
