0,1,2,3,4,5,6,7,8,9,10,11,12
,,,,,,,,,,,,
,,Percentage,Percentage,Percentage,,,,,,,,
,,of,of,of,,,,,,Fiscal,Fiscal,Fiscal
Subsidiaries,,Ownership,Ownership,Ownership,,Location,Location,Location,,Year End,Year End,Year End
,,,,,,,,,,,,
"SpeedFam Clean Systems Co., Ltd.",,,71.25,%(*),,,Japan,,,,March 31,
,,,,,,,,,,,,
,,,,,,,,,,,,
,,,,,,,,,,,,
,,,,,,,,,,,,
"Saku Seiki Co., Ltd.",,,74.38,,,,Japan,,,,March 31,
,,,,,,,,,,,,
,,,,,,,,,,,,
,,,,,,,,,,,,
,,,,,,,,,,,,
SpeedFam-IPEC Taiwan Ltd.,,,100.00,,,,Taiwan,,,,March 31,
,,,,,,,,,,,,
,,,,,,,,,,,,
,,,,,,,,,,,,
,,,,,,,,,,,,
SpeedFam-IPEC Korea Ltd.,,,100.00,,,,South Korea,,,,March 31,
,,,,,,,,,,,,
,,,,,,,,,,,,
,,,,,,,,,,,,
,,,,,,,,,,,,
SpeedFam-IPEC India (Pvt.) Ltd.,,,95.00,(**),,,India,,,,March 31,
,,,,,,,,,,,,
,,,,,,,,,,,,
,,,,,,,,,,,,
,,,,,,,,,,,,
SpeedFam (Malaysia) SDN BHD,,,100.00,,,,Malaysia,,,,March 31,
,,,,,,,,,,,,
,,,,,,,,,,,,
,,,,,,,,,,,,
,,,,,,,,,,,,
SpeedFam-IPEC (S.E.A.) Pte. Ltd.,,,100.00,,,,Singapore,,,,March 31,
,,,,,,,,,,,,
