0,1,2
(in millions),2000,1999
,,
Deferred tax  liabilities:,,
Depreciation,$159.6,$  150.9
Prepaid  pensions,74.0,61.1
Intangible  assets,12.1,12.5
Inventories,12.5,11.9
Other,6.8,5.8
Total  deferred tax liabilities,265.0,242.2
Deferred tax assets:,,
Postretirement  provisions,58.1,53.2
Alternative  Minimum Tax credit,10.0,-
Net  operating loss benefit,7.1,0.7
Other  reserve provisions,30.4,38.1
Valuation  allowance,(4.2),(0.9)
Total  deferred tax assets,101.4,91.1
Net deferred tax  liability,$  163.6,$  151.1
