0,1
,Page
Consolidated  Financial Statements:,
Report  of Independent Accountants,23
"Consolidated Statement of Income for the  Years Ended June 30, 2000, 1999 and 1998",24
,
"Consolidated  Statement of Cash Flows for the  Years Ended June 30, 2000, 1999 and 1998",25
,
"Consolidated Balance Sheet as of June 30, 2000 and 1999",26
,
"Consolidated Statement of Changes in  Shareholders' Equity for the Years Ended  June 30, 2000, 1999 and 1998",27  - 28
,
"Consolidated Statement of Comprehensive Income for the  years ended June 30, 2000, 1999 and 1998",28
,
Notes to Consolidated Financial Statements,29  - 55
,
Supplementary  Data:,
Quarterly Financial Data (Unaudited),56
