PRODUCT,Unnamed: 1,STRATEGIC ALLIANCE,Unnamed: 3,MARKET,Unnamed: 5,STATUS*
GYNECOLOGICAL SURGERY GYNECARE INTERGELAdhesion Prevention Solution,,"Lifecore's proprietary product under development; GYNECARE, the women's healthcare division of ETHICON has exclusive worldwide marketing rights for adhesion prevention applications and orthopedics",,Adhesion prevention,,"Pending U.S. FDA Pre-Market Approval, marketed by GYNECARE, the women's healthcare division of ETHICON in Europe for abdominal applications"
OPHTHALMIC Viscoat® Ophthalmic Viscoelastic Solution,,Lifecore supplies proprietary hyaluronan powder for inclusion in Alcon's viscoelastic solution,,Cataract surgery,,Commercial sales since 1983
Amvisc® and Amvisc Plus® Ophthalmic Solutions,,"Lifecore supplies finished syringes to Bausch & Lomb, who markets the products",,Cataract surgery,,Lifecore export shipments commenced in December 1995; U.S. sales pending Bausch & Lomb PMA supplement approval
LUROCOAT® Ophthalmic Solution,,Lifecore supplies its proprietary product for marketing on a non-exclusive basis outside the U.S.,,Cataract surgery,,Lifecore export shipments commenced in June 1997
WOUND MANAGEMENT Wound healing agent,,"Lifecore supplies process development services and hyaluronan powder to Johnson & Johnson Medical, Ltd. for use as a delivery vehicle",,Wound management,,JJML commenced clinical trials in 1997
OTHER APPLICATIONS MAP-5 Embryo Cryopreservation Solution,,"Lifecore supplies hyaluronan in vials to Vetrepharm, Inc., who markets the product",,"Veterinary cryopreservation, traumatic arthritis",,Commercial sales since 1994
