0,1,2,3,4,5,6
,,,"Year ended June 30,","Year ended June 30,","Year ended June 30,","Year ended June 30,"
,,,,2000,,1999
Statement of Operations Data,,,,,,
,,,,,,
Net sales,$,$,$,26670,$,18342
,,,,,,
Cost of sales,,,,12125,,9763
,,,,,,
Gross profit,,,,14545,,8579
,,,,,,
Unusual charges,,,,0,,7389
,,,,,,
Operating expenses,,,,10815,,11444
,,,,,,
Net operating income (loss),,,,3730,,"(10,254)"
,,,,,,
Net interest (expense),,,,"(1,131)",,(971)
,,,,,,
Income tax (expense) credit,,,,"(1,058)",,2291
,,,,,,
Net income (loss),$,$,$,1541,$,"(8,934)"
,,,,,,
