0,1,2,3
,2000,1999,1998
Cash flows from operating activities:,Cash flows from operating activities:,Cash flows from operating activities:,Cash flows from operating activities:
Net income,"$ 1,320,169",1644764,1064463
Items not requiring (providing) cash:,Items not requiring (providing) cash:,Items not requiring (providing) cash:,Items not requiring (providing) cash:
Depreciation and amortization,263726,265769,217895
MRP expense and ESOP expense,127254,201820,523187
"(Gain) loss on sale of investment securities,  available for sale","(14,500)",625,"(9,205)"
"(Gain) loss on sale of mortgage-backed securities, available for sale",35705,27942,"(69,956)"
"(Gain) on sale of mortgage-backed securities,  held to maturity",-,-,(242)
Provision for loan losses,215000,235000,783009
(Gain) on sale of insurance agency,-,"(526,413)",-
Provisions (credit) for losses on foreclosed real estate,-,-,"(51,550)"
"Net amortization of deferred income, premiums, and discounts",87489,117757,131371
Changes in:,Changes in:,Changes in:,Changes in:
Accrued interest receivable,"(118,481)","(125,298)",172189
Prepaid expenses and other assets,"(82,027)",189333,"(17,494)"
Accounts payable and other liabilities,131533,132409,"(123,706)"
Accrued interest payable,227527,147269,"(266,845)"
Net cash provided by operating activities,2193395,2310977,2353116
,,,
Cash flows from investing activities:,Cash flows from investing activities:,Cash flows from investing activities:,Cash flows from investing activities:
Net (increase) decrease in loans,"(20,522,582)",874888,"(12,170,696)"
"Proceeds from sales of investment securities, available for sale",1034500,999375,2584919
"Proceeds from maturing investment securities, available for sale",415000,5440000,6660000
"Proceeds from maturing investment securities, held to maturity",-,875000,25000
"Purchase of investment securities, available for sale","(2,759,750)","(14,581,010)","(4,993,594)"
"Proceeds from sales of mortgage-backed securities, held to maturity",-,-,50434
"Proceeds from sales of mortgage-backed securities, available for sale",3365084,1700497,7493339
"Proceeds from maturing mortgage-backed securities, available for sale",2202514,5659654,5396806
"Proceeds from maturing mortgage-backed securities, held to maturity",-,-,80159
"Purchase of mortgage-backed  securities, available for sale","(1,976,250)","(10,330,331)","(1,107,089)"
Proceeds from sales of certificates of deposit,-,-,93825
Proceeds from reduction of FHLB stock,-,-,466200
Purchase of FHLB stock,"(759,000)","(37,500)",-
Purchase of premises and equipment,"(934,364)","(282,257)","(390,511)"
Proceeds from sale of repossessed assets,178122,39477,32468
,,,
Net cash (used in) provided by investing activities,"$ (19,756,726)","(9,642,207)",4221260
