0,1,2,3,4,5,6,7,8
,,,,,,,,
PART I,PART I,PART I,PART I,PART I,PART I,PART I,PART I,PART I
,ITEM 1. Description of Business,ITEM 1. Description of Business,ITEM 1. Description of Business,ITEM 1. Description of Business,ITEM 1. Description of Business,ITEM 1. Description of Business,ITEM 1. Description of Business,ITEM 1. Description of Business
,ITEM 2. Management's Discussion and Analysis or Plan of Operation,ITEM 2. Management's Discussion and Analysis or Plan of Operation,ITEM 2. Management's Discussion and Analysis or Plan of Operation,ITEM 2. Management's Discussion and Analysis or Plan of Operation,ITEM 2. Management's Discussion and Analysis or Plan of Operation,ITEM 2. Management's Discussion and Analysis or Plan of Operation,ITEM 2. Management's Discussion and Analysis or Plan of Operation,ITEM 2. Management's Discussion and Analysis or Plan of Operation
,ITEM 3. Description of Property,ITEM 3. Description of Property,ITEM 3. Description of Property,ITEM 3. Description of Property,ITEM 3. Description of Property,ITEM 3. Description of Property,ITEM 3. Description of Property,ITEM 3. Description of Property
,ITEM 4. Security Ownership of Certain Beneficial Owners and Management,ITEM 4. Security Ownership of Certain Beneficial Owners and Management,ITEM 4. Security Ownership of Certain Beneficial Owners and Management,ITEM 4. Security Ownership of Certain Beneficial Owners and Management,ITEM 4. Security Ownership of Certain Beneficial Owners and Management,ITEM 4. Security Ownership of Certain Beneficial Owners and Management,ITEM 4. Security Ownership of Certain Beneficial Owners and Management,ITEM 4. Security Ownership of Certain Beneficial Owners and Management
,ITEM 6. Executive Compensation,ITEM 6. Executive Compensation,ITEM 6. Executive Compensation,ITEM 6. Executive Compensation,ITEM 6. Executive Compensation,ITEM 6. Executive Compensation,ITEM 6. Executive Compensation,ITEM 6. Executive Compensation
,ITEM 7. Certain Relationships and Related Transactions,ITEM 7. Certain Relationships and Related Transactions,ITEM 7. Certain Relationships and Related Transactions,ITEM 7. Certain Relationships and Related Transactions,ITEM 7. Certain Relationships and Related Transactions,ITEM 7. Certain Relationships and Related Transactions,ITEM 7. Certain Relationships and Related Transactions,ITEM 7. Certain Relationships and Related Transactions
,ITEM 8. Legal Proceedings,ITEM 8. Legal Proceedings,ITEM 8. Legal Proceedings,ITEM 8. Legal Proceedings,ITEM 8. Legal Proceedings,ITEM 8. Legal Proceedings,ITEM 8. Legal Proceedings,ITEM 8. Legal Proceedings
,ITEM 9. Market for Common Equity and Related Stockholder Matters,ITEM 9. Market for Common Equity and Related Stockholder Matters,ITEM 9. Market for Common Equity and Related Stockholder Matters,ITEM 9. Market for Common Equity and Related Stockholder Matters,ITEM 9. Market for Common Equity and Related Stockholder Matters,ITEM 9. Market for Common Equity and Related Stockholder Matters,ITEM 9. Market for Common Equity and Related Stockholder Matters,ITEM 9. Market for Common Equity and Related Stockholder Matters
,ITEM 10. Recent Sales of Unregistered Securities,ITEM 10. Recent Sales of Unregistered Securities,ITEM 10. Recent Sales of Unregistered Securities,ITEM 10. Recent Sales of Unregistered Securities,ITEM 10. Recent Sales of Unregistered Securities,ITEM 10. Recent Sales of Unregistered Securities,ITEM 10. Recent Sales of Unregistered Securities,ITEM 10. Recent Sales of Unregistered Securities
,ITEM 11. Description of Securities,ITEM 11. Description of Securities,ITEM 11. Description of Securities,ITEM 11. Description of Securities,ITEM 11. Description of Securities,ITEM 11. Description of Securities,ITEM 11. Description of Securities,ITEM 11. Description of Securities
,ITEM 12. Indemnification of Officers and Directors,ITEM 12. Indemnification of Officers and Directors,ITEM 12. Indemnification of Officers and Directors,ITEM 12. Indemnification of Officers and Directors,ITEM 12. Indemnification of Officers and Directors,ITEM 12. Indemnification of Officers and Directors,ITEM 12. Indemnification of Officers and Directors,ITEM 12. Indemnification of Officers and Directors
,ITEM 13. Financial Statements,ITEM 13. Financial Statements,ITEM 13. Financial Statements,ITEM 13. Financial Statements,ITEM 13. Financial Statements,ITEM 13. Financial Statements,ITEM 13. Financial Statements,ITEM 13. Financial Statements
,ITEM 14. Changes In and Disagreements with Accountants on Accounting and Financial Disclosure,ITEM 14. Changes In and Disagreements with Accountants on Accounting and Financial Disclosure,ITEM 14. Changes In and Disagreements with Accountants on Accounting and Financial Disclosure,ITEM 14. Changes In and Disagreements with Accountants on Accounting and Financial Disclosure,ITEM 14. Changes In and Disagreements with Accountants on Accounting and Financial Disclosure,ITEM 14. Changes In and Disagreements with Accountants on Accounting and Financial Disclosure,ITEM 14. Changes In and Disagreements with Accountants on Accounting and Financial Disclosure,ITEM 14. Changes In and Disagreements with Accountants on Accounting and Financial Disclosure
,ITEM 15. Financial Statements and Exhibits,ITEM 15. Financial Statements and Exhibits,ITEM 15. Financial Statements and Exhibits,ITEM 15. Financial Statements and Exhibits,ITEM 15. Financial Statements and Exhibits,ITEM 15. Financial Statements and Exhibits,ITEM 15. Financial Statements and Exhibits,ITEM 15. Financial Statements and Exhibits
PART II FINANCIAL INFORMATION,PART II FINANCIAL INFORMATION,PART II FINANCIAL INFORMATION,PART II FINANCIAL INFORMATION,PART II FINANCIAL INFORMATION,PART II FINANCIAL INFORMATION,PART II FINANCIAL INFORMATION,PART II FINANCIAL INFORMATION,PART II FINANCIAL INFORMATION
,INDEPENDENT AUDITOR'S REPORT,INDEPENDENT AUDITOR'S REPORT,INDEPENDENT AUDITOR'S REPORT,INDEPENDENT AUDITOR'S REPORT,INDEPENDENT AUDITOR'S REPORT,INDEPENDENT AUDITOR'S REPORT,INDEPENDENT AUDITOR'S REPORT,INDEPENDENT AUDITOR'S REPORT
,CONSOLIDATED BALANCE SHEETS,CONSOLIDATED BALANCE SHEETS,CONSOLIDATED BALANCE SHEETS,CONSOLIDATED BALANCE SHEETS,CONSOLIDATED BALANCE SHEETS,CONSOLIDATED BALANCE SHEETS,CONSOLIDATED BALANCE SHEETS,CONSOLIDATED BALANCE SHEETS
,CONSOLIDATED STATEMENTS OF OPERATIONS,CONSOLIDATED STATEMENTS OF OPERATIONS,CONSOLIDATED STATEMENTS OF OPERATIONS,CONSOLIDATED STATEMENTS OF OPERATIONS,CONSOLIDATED STATEMENTS OF OPERATIONS,CONSOLIDATED STATEMENTS OF OPERATIONS,CONSOLIDATED STATEMENTS OF OPERATIONS,CONSOLIDATED STATEMENTS OF OPERATIONS
,CONSOLIDATED STATEMENTS OF CASH FLOWS,CONSOLIDATED STATEMENTS OF CASH FLOWS,CONSOLIDATED STATEMENTS OF CASH FLOWS,CONSOLIDATED STATEMENTS OF CASH FLOWS,CONSOLIDATED STATEMENTS OF CASH FLOWS,CONSOLIDATED STATEMENTS OF CASH FLOWS,CONSOLIDATED STATEMENTS OF CASH FLOWS,CONSOLIDATED STATEMENTS OF CASH FLOWS
,NOTES TO CONSOLIDATED FINANCIAL STATEMENTS,NOTES TO CONSOLIDATED FINANCIAL STATEMENTS,NOTES TO CONSOLIDATED FINANCIAL STATEMENTS,NOTES TO CONSOLIDATED FINANCIAL STATEMENTS,NOTES TO CONSOLIDATED FINANCIAL STATEMENTS,NOTES TO CONSOLIDATED FINANCIAL STATEMENTS,NOTES TO CONSOLIDATED FINANCIAL STATEMENTS,NOTES TO CONSOLIDATED FINANCIAL STATEMENTS
PART III EXHIBITS,PART III EXHIBITS,PART III EXHIBITS,PART III EXHIBITS,PART III EXHIBITS,PART III EXHIBITS,PART III EXHIBITS,PART III EXHIBITS,PART III EXHIBITS
LICENCE AGREEMENT FOR UK,LICENCE AGREEMENT FOR UK,LICENCE AGREEMENT FOR UK,LICENCE AGREEMENT FOR UK,LICENCE AGREEMENT FOR UK,LICENCE AGREEMENT FOR UK,LICENCE AGREEMENT FOR UK,LICENCE AGREEMENT FOR UK,LICENCE AGREEMENT FOR UK
NEW OPTION AGREEMENT FOR EEC,NEW OPTION AGREEMENT FOR EEC,NEW OPTION AGREEMENT FOR EEC,NEW OPTION AGREEMENT FOR EEC,NEW OPTION AGREEMENT FOR EEC,NEW OPTION AGREEMENT FOR EEC,NEW OPTION AGREEMENT FOR EEC,NEW OPTION AGREEMENT FOR EEC,NEW OPTION AGREEMENT FOR EEC
ENGAGEMENT OF SERVICES,ENGAGEMENT OF SERVICES,ENGAGEMENT OF SERVICES,ENGAGEMENT OF SERVICES,ENGAGEMENT OF SERVICES,ENGAGEMENT OF SERVICES,ENGAGEMENT OF SERVICES,ENGAGEMENT OF SERVICES,ENGAGEMENT OF SERVICES
ENGAGEMENT OF SERVICES,ENGAGEMENT OF SERVICES,ENGAGEMENT OF SERVICES,ENGAGEMENT OF SERVICES,ENGAGEMENT OF SERVICES,ENGAGEMENT OF SERVICES,ENGAGEMENT OF SERVICES,ENGAGEMENT OF SERVICES,ENGAGEMENT OF SERVICES
FINANCIAL DATA SCHEDULE,FINANCIAL DATA SCHEDULE,FINANCIAL DATA SCHEDULE,FINANCIAL DATA SCHEDULE,FINANCIAL DATA SCHEDULE,FINANCIAL DATA SCHEDULE,FINANCIAL DATA SCHEDULE,FINANCIAL DATA SCHEDULE,FINANCIAL DATA SCHEDULE
