Unnamed: 0_level_0,Unnamed: 1_level_0,"As of April 30,","As of April 30,","As of April 30,","As of April 30,","As of April 30,","As of April 30,","As of April 30,","As of April 30,","As of April 30,","As of April 30,","As of April 30,","As of April 30,","As of April 30,","As of April 30,"
Balance Sheet Data:,Unnamed: 1_level_1,2000,2000.1,Unnamed: 4_level_1,1999,1999.1,Unnamed: 7_level_1,1998,1998.1,Unnamed: 10_level_1,1997,1997.1,Unnamed: 13_level_1,1996,1996.1
Working capital,,$,39822,,$,78239,,$,58568,,$,37484,,$,24899
Total assets,,,243593,,,308516,,,275608,,,224173,,,160988
"Long-term debt, net of current maturities",,,67445,,,61411,,,52440,,,18284,,,
"Discounted lease rentals, net of current maturities",,,24285,,,32604,,,20883,,,24043,,,15961
Shareholders' equity,,,42489,,,109335,,,97671,,,84370,,,67517
Cash dividends declared and paid,,,,,,,,,,,,,,,
