Unnamed: 0_level_0,Unnamed: 1_level_0,"Year Ended June 30,","Year Ended June 30,","Year Ended June 30,","Year Ended June 30,","Year Ended June 30,","Year Ended June 30,","Year Ended June 30,"
(in thousands of dollars except share data),Unnamed: 1_level_1,2000,Unnamed: 3_level_1,1999,1999.1,Unnamed: 6_level_1,1998,1998.1
Finance and other income:,,,,,,,,
Amortization of finance income,,"$ 112,916",,"$ 83,791",,,"$ 63,332",
Other income,,30456,,20007,,,11023,
,,,,,,,,
Total finance and other income,,143372,,103798,,,74355,
Interest expense,,78943,,60850,,,49212,
,,,,,,,,
Net interest and other income,,64429,,42948,,,25143,
Net gain on sale of financing transactions,,25728,,29813,,,20977,
,,,,,,,,
Net operating income,,90157,,72761,,,46120,
"Selling, general and administrative expenses",,38702,,31529,,,18493,
Provision for losses on receivables,,9477,,6301,,,4735,
,,,,,,,,
"Earnings before minority interest, equity in net loss of investees, and provision  for income taxes",,41978,,34931,,,22892,
Minority interest in net loss of consolidated subsidiaries,,67,,471,,,126,
Equity in net loss of investees,,-,,(353,),,(439,)
Provision for income taxes,,18603,,15381,,,9721,
,,,,,,,,
Net earnings,,"$ 23,442",,"$ 19,668",,,"$ 12,858",
,,,,,,,,
Net earnings per share:,,,,,,,,
Basic,,$ 1.65,,$ 1.39,,,$ 1.12,
,,,,,,,,
Diluted,,$ 1.54,,$ 1.30,,,$ 1.03,
,,,,,,,,
