0,1,2
++++10.23,,"Letter Agreement dated June 22, 1999, by and between Registrant and William P. Tew, Ph.D."
10.24,,"Letter Agreement dated March 14, 2000 by and between Registrant and Robert J. Mello, Ph.D"
10.25,,"Employment Agreement dated May 31, 2000 by and between the Registrant and Thomas P. Rice."
10.26,,"Employment Agreement dated May 31, 2000 by and between the Registrant and John T. Botek."
10.27,,"Restricted Stock Purchase Agreement dated June 16, 2000 by and between the Registrant and Thomas P. Rice."
10.28,,"Restricted Stock Purchase Agreement dated June 16, 2000 by and between the Registrant and John T. Botek."
22.0,,Subsidiary of the Registrant.
23.1,,Consent of Independent Public Accountants
27.0,,Financial Data Schedule
