Unnamed: 0,Unnamed: 1,Unnamed: 2,Unnamed: 3,2000,2000.1,Unnamed: 6,1999,1999.1,Unnamed: 9,1998,1998.1,Unnamed: 12
Accumulated postretirement benefit obligation:,Accumulated postretirement benefit obligation:,Accumulated postretirement benefit obligation:,,,,,,,,,,
,Beginning of year,Beginning of year,,$,196,,$,204,,$,178,
,Service cost,Service cost,,,6,,,6,,,5,
,Interest cost,Interest cost,,,12,,,13,,,12,
,Net benefit paid,Net benefit paid,,,(14,),,(12,),,(13,)
,Acquisitions/dispositions,Acquisitions/dispositions,,,,,,,,,(6,)
,Actuarial (gain) loss,Actuarial (gain) loss,,,(17,),,(13,),,29,
,Foreign exchange,Foreign exchange,,,(2,),,(2,),,(1,)
,,,,,,,,,,,,
,End of year,End of year,,$,181,,$,196,,$,204,
,,,,,,,,,,,,
Fair value of plan assets,Fair value of plan assets,Fair value of plan assets,,$,2,,$,2,,$,2,
,,,,,,,,,,,,
Funded status,Funded status,Funded status,,$,(179,),$,(194,),$,(202,)
Unrecognized:,Unrecognized:,Unrecognized:,,,,,,,,,,
,Prior service cost,Prior service cost,,,(2,),,(2,),,(2,)
,Net actuarial (gain) loss,Net actuarial (gain) loss,,,(26,),,(7,),,9,
,Net initial asset,Net initial asset,,,(5,),,(4,),,(3,)
,,,,,,,,,,,,
Net accrued benefit liability recognized on the Consolidated Balance Sheets,Net accrued benefit liability recognized on the Consolidated Balance Sheets,Net accrued benefit liability recognized on the Consolidated Balance Sheets,,$,(212,),$,(207,),$,(198,)
,,,,,,,,,,,,
Weighted average discount rate,Weighted average discount rate,Weighted average discount rate,,,6.5,%,,6.3,%,,6.3,%
,,,,,,,,,,,,
