0,1,2,3
,"Year Ended June 30,","Year Ended June 30,","Year Ended June 30,"
,2000,1999,1998
,(Dollars in Thousands),(Dollars in Thousands),(Dollars in Thousands)
Balance at beginning of period,$452,$391,$303
,,,
Charge-offs:,,,
Consumer,2,14,14
,2,14,14
Recoveries:,,,
Consumer and multi-family,3,3,7
,3,3,7
Net (charge-offs) recoveries,1,(11),(7)
Additions charged to operations,60,72,95
Balance at end of period,$513 ===,$452 ===,$391 ===
,,,
Ratio of net charge-offs during the period to  average loans outstanding during the period,- ---% ===,.01% ===,.01 % ===
