Unnamed: 0_level_0,Unnamed: 1_level_0,Unnamed: 2_level_0,Unnamed: 3_level_0,"Years Ended June 30,","Years Ended June 30,","Years Ended June 30,","Years Ended June 30,","Years Ended June 30,","Years Ended June 30,","Years Ended June 30,","Years Ended June 30,","Years Ended June 30,","Years Ended June 30,","Years Ended June 30,","Years Ended June 30,","Years Ended June 30,","Years Ended June 30,",Unnamed: 18_level_0
Unnamed: 0_level_1,Unnamed: 1_level_1,Unnamed: 2_level_1,Unnamed: 3_level_1,2000,2000.1,Unnamed: 6_level_1,1999,1999.1,Unnamed: 9_level_1,1998,1998.1,Unnamed: 12_level_1,1997,1997.1,Unnamed: 15_level_1,1996,1996.1,Unnamed: 18_level_1
Statements of Operations Data:,Statements of Operations Data:,Statements of Operations Data:,,,,,,,,,,,,,,,,
Net sales,Net sales,Net sales,,$,32823,,$,27321,,$,25570,,$,18913,,$,14063,
Costs of goods sold,Costs of goods sold,Costs of goods sold,,,17618,,,10768,,,10941,,,9052,,,9173,
,,,,,,,,,,,,,,,,,,
Gross profit,Gross profit,Gross profit,,,15205,,,16553,,,14629,,,9861,,,4890,
Operating expenses,Operating expenses,Operating expenses,,,,,,,,,,,,,,,,
,Research and development,Research and development,,,4213,,,3557,,,4940,,,3703,,,2699,
,Marketing and sales,Marketing and sales,,,7907,,,7164,,,6889,,,5464,,,4356,
,General and administrative,General and administrative,,,3847,,,3534,,,3345,,,2986,,,2861,
,"Insurance proceeds, net","Insurance proceeds, net",,,,,,,,,,,,,,,(754,)
,,,,,,,,,,,,,,,,,,
,,,,,15967,,,14255,,,15174,,,12153,,,9162,
,,,,,,,,,,,,,,,,,,
Income (loss) from operations,Income (loss) from operations,Income (loss) from operations,,,(762,),,2298,,,(545,),,"(2,292",),,"(4,272",)
Other income (expense),Other income (expense),Other income (expense),,,(837,),,(722,),,778,,,1259,,,272,
,,,,,,,,,,,,,,,,,,
Net income (loss),Net income (loss),Net income (loss),,$,"(1,599",),$,1576,,$,233,,$,"(1,033",),$,"(4,000",)
,,,,,,,,,,,,,,,,,,
Net income (loss) per common share,Net income (loss) per common share,Net income (loss) per common share,,,,,,,,,,,,,,,,
,,Basic,,$,(.13,),$,.13,,$,.02,,$,(.08,),$,(.40,)
,,,,,,,,,,,,,,,,,,
,,Diluted,,$,(.13,),$,.13,,$,.02,,$,(.08,),$,(.40,)
,,,,,,,,,,,,,,,,,,
Weighted average common and common equivalent shares outstanding,Weighted average common and common equivalent shares outstanding,Weighted average common and common equivalent shares outstanding,,,,,,,,,,,,,,,,
,,Basic,,,12489,,,12398,,,12269,,,12179,,,10114,
,,,,,,,,,,,,,,,,,,
,,Diluted,,,12489,,,12508,,,12568,,,12179,,,10114,
,,,,,,,,,,,,,,,,,,
