0,1,2,3,4,5,6,7,8,9,10
,,Additions,Additions,Additions,Additions,Additions,,,,
Description,,Balance at beginning of period,,Charged to costs and expenses,,Charged to other accounts,,Deductions,,Balance at end of period
1998,,,,,,,,,,
Allowance for doubtful  receivables,,"$ 5,075",,5342,,(52),(1),"(2,210)",(2),"$ 8,155"
Allowance for installment  receivables,,"$ 2,234",,898,,--,,"(1,448)",(2),"$ 1,684"
Allowance for inventory  obsolescence,,"$13,743",,3106,,514,,"(2,384)",(3),"$14,979"
,,,,,,,,,,
1999,,,,,,,,,,
Allowance for doubtful  receivables,,"$ 8,155",,44,,(153),(1),"(3,075)",(2),"$ 4,971"
Allowance for installment  receivables,,"$ 1,684",,1692,,--,,"(1,667)",(2),"$ 1,709"
Allowance for inventory  obsolescence,,"$14,979",,1968,,276,(1),"(1,862)",(3),"$15,361"
,,,,,,,,,,
2000,,,,,,,,,,
Allowance for doubtful  receivables,,"$ 4,971",,3439,,(171),(1),"(4,366)",(2),"$ 3,873"
Allowance for installment  receivables,,"$ 1,709",,2971,,-,,"(3,265)",,"$ 1,415"
Allowance for inventory  obsolescence,,"$15,361",,550,,150,,"(2,610)",(3),"$13,451"
"(1) Represents foreign currency  translation adjustment, amounts recorded on books of acquired  subsidiaries at dates of acquisition, and reserves related to businesses  sold.  (2) Includes write-off of uncollectible accounts.  (3) Disposition of items previously reserved.","(1) Represents foreign currency  translation adjustment, amounts recorded on books of acquired  subsidiaries at dates of acquisition, and reserves related to businesses  sold.  (2) Includes write-off of uncollectible accounts.  (3) Disposition of items previously reserved.","(1) Represents foreign currency  translation adjustment, amounts recorded on books of acquired  subsidiaries at dates of acquisition, and reserves related to businesses  sold.  (2) Includes write-off of uncollectible accounts.  (3) Disposition of items previously reserved.","(1) Represents foreign currency  translation adjustment, amounts recorded on books of acquired  subsidiaries at dates of acquisition, and reserves related to businesses  sold.  (2) Includes write-off of uncollectible accounts.  (3) Disposition of items previously reserved.","(1) Represents foreign currency  translation adjustment, amounts recorded on books of acquired  subsidiaries at dates of acquisition, and reserves related to businesses  sold.  (2) Includes write-off of uncollectible accounts.  (3) Disposition of items previously reserved.","(1) Represents foreign currency  translation adjustment, amounts recorded on books of acquired  subsidiaries at dates of acquisition, and reserves related to businesses  sold.  (2) Includes write-off of uncollectible accounts.  (3) Disposition of items previously reserved.","(1) Represents foreign currency  translation adjustment, amounts recorded on books of acquired  subsidiaries at dates of acquisition, and reserves related to businesses  sold.  (2) Includes write-off of uncollectible accounts.  (3) Disposition of items previously reserved.","(1) Represents foreign currency  translation adjustment, amounts recorded on books of acquired  subsidiaries at dates of acquisition, and reserves related to businesses  sold.  (2) Includes write-off of uncollectible accounts.  (3) Disposition of items previously reserved.","(1) Represents foreign currency  translation adjustment, amounts recorded on books of acquired  subsidiaries at dates of acquisition, and reserves related to businesses  sold.  (2) Includes write-off of uncollectible accounts.  (3) Disposition of items previously reserved.","(1) Represents foreign currency  translation adjustment, amounts recorded on books of acquired  subsidiaries at dates of acquisition, and reserves related to businesses  sold.  (2) Includes write-off of uncollectible accounts.  (3) Disposition of items previously reserved.","(1) Represents foreign currency  translation adjustment, amounts recorded on books of acquired  subsidiaries at dates of acquisition, and reserves related to businesses  sold.  (2) Includes write-off of uncollectible accounts.  (3) Disposition of items previously reserved."
