0,1,2,3,4
(in millions),2000,1999,,1998
Net Sales:,,,,
Specialty  Metals,$ 968.0,$ 923.8,,"$1,075.5"
Engineered  Products,130.8,114.9,,102.5
Intersegment,(3.0),(2.0),,(1.3)
Consolidated  net sales,"$1,095.8","$1,036.7",,"$1,176.7"
Income Before  Income Taxes:,,,,
Specialty  Metals,$ 84.3,$ 70.5,(a),$  158.8
Engineered  Products,7.1,2.0,,5.5
Pension  credit,45.7,36.1,,23.6
Corporate  costs,(26.3),(26.1),,(25.3)
Consolidated  EBIT,110.8,82.5,,162.6
Interest  expense,(33.4),(29.3),,(29.0)
Interest  income,2.5,2.6,,3.3
Consolidated  income  before income taxes,$ 79.9,$ 55.8,,$ 136.9
Total Assets:,,,,
Specialty  Metals,"$1,357.4","$ 1,272.5",,"$1,211.8"
Engineered  Products,124.4,115.7,,107.6
Corporate  assets,264.1,219.6,,379.5
Consolidated  total assets,"$1,745.9","$1,607.8",,"$1,698.9"
Depreciation:,,,,
Specialty  Metals,$ 42.8,$ 43.8,,$ 40.2
Engineered  Products,6.1,5.2,,3.9
Corporate,4.2,2.8,,2.7
Consolidated  depreciation,$ 53.1,$  51.8,,$ 46.8
Amortization of  Intangible  Assets:,,,,
Specialty  Metals,$ 11.7,$ 10.9,,$ 8.8
Engineered  Products,2.4,1.8,,1.5
Corporate,1.1,1.2,,1.1
Consolidated  amortization,$ 15.2,$ 13.9,,$  11.4
"Capital Expenditures,  Including  Software:",,,,
Specialty  Metals,$ 84.7,$  137.0,,$ 83.7
Engineered  Products,7.8,10.0,,9.9
Corporate,12.5,6.1,,5.9
"Consolidated  capital  expenditures, including software",$ 105.0,$ 153.1,,$ 99.5
