0,1,2,3,4,5,6,7,8,9
,,2000,,,1999,,,1998,
,,,,,,,,,
CASH FLOWS FROM FINANCING ACTIVITIES:,,,,,,,,,
Repayments of long-term debt,$,"(155,000",),$,"(20,000",),$,"(100,000",)
Repurchase of common stock,,"(49,819",),,"(75,480",),,"(201,027",)
Purchases of common stock by stock plans,,,,,,,,,
and tax benefit from stock option exercises,,850218,,,237573,,,98134,
(Decrease) increase in line of credit borrowings,,474336,,,--,,,"(885,000",)
(Decrease) increase in other long-term liabilities,,23733,,,"(160,814",),,"(215,320",)
,,,,,,,,,
Net cash and equivalents provided by (used for)  financing activities,,1143468,,,"(18,721",),,"(1,303,213",)
,,,,,,,,,
CASH AND EQUIVALENTS:,,,,,,,,,
Increase (decrease),,"(5,903,204",),,4897597,,,1155978,
Balance at beginning of year,,6511266,,,1613669,,,457691,
,,,,,,,,,
Balance at end of year,$,608062,,$,6511266,,$,1613669,
,,,,,,,,,
Supplemental Disclosures of cash flow information:,,,,,,,,,
,,,,,,,,,
Interest paid on debt,$,34000,,$,51000,,$,140000,
Income taxes paid,$,2127000,,$,254000,,$,--,
