Unnamed: 0,Unnamed: 1,Unnamed: 2,Unnamed: 3,Unnamed: 4,2000,2000.1,Unnamed: 7,1999,1999.1,Unnamed: 10,1998,1998.1,Unnamed: 13
Net sales,Net sales,Net sales,Net sales,,$,32823000,,$,27321000,,$,25570000,
Cost of goods sold,Cost of goods sold,Cost of goods sold,Cost of goods sold,,,17618000,,,10768000,,,10941000,
,,,,,,,,,,,,,
,Gross profit,Gross profit,Gross profit,,,15205000,,,16553000,,,14629000,
Operating expenses,Operating expenses,Operating expenses,Operating expenses,,,,,,,,,,
,Research and development,Research and development,Research and development,,,4213000,,,3557000,,,4940000,
,Marketing and sales,Marketing and sales,Marketing and sales,,,7907000,,,7164000,,,6889000,
,General and administrative,General and administrative,General and administrative,,,3847000,,,3534000,,,3345000,
,,,,,,,,,,,,,
,,,,,,15967000,,,14255000,,,15174000,
,,,,,,,,,,,,,
,,Operating income (loss),Operating income (loss),,,"(762,000",),,2298000,,,"(545,000",)
Other income (expense),Other income (expense),Other income (expense),Other income (expense),,,,,,,,,,
,Interest income,Interest income,Interest income,,,86000,,,190000,,,900000,
,Interest expense,Interest expense,Interest expense,,,"(876,000",),,"(912,000",),,"(122,000",)
,Other,Other,Other,,,"(47,000",),,,,,,
,,,,,,,,,,,,,
,,,,,,"(837,000",),,"(722,000",),,778000,
,,,,,,,,,,,,,
NET INCOME (LOSS),NET INCOME (LOSS),NET INCOME (LOSS),NET INCOME (LOSS),,$,"(1,599,000",),$,1576000,,$,233000,
,,,,,,,,,,,,,
Net income (loss) per common share,Net income (loss) per common share,Net income (loss) per common share,Net income (loss) per common share,,,,,,,,,,
,,,Basic,,$,(.13,),$,.13,,$,.02,
,,,,,,,,,,,,,
,,,Diluted,,$,(.13,),$,.13,,$,.02,
,,,,,,,,,,,,,
Weighted average common and common equivalent shares outstanding,Weighted average common and common equivalent shares outstanding,Weighted average common and common equivalent shares outstanding,Weighted average common and common equivalent shares outstanding,,,,,,,,,,
,,,Basic,,,12488687,,,12398010,,,12268644,
,,,,,,,,,,,,,
,,,Diluted,,,12488687,,,12508069,,,12568215,
,,,,,,,,,,,,,
