0,1,2,3
,"Year Ended June 30,","Year Ended June 30,","Year Ended June 30,"
,2000,1999,1998
,(In Thousands),(In Thousands),(In Thousands)
Originations by type:,,,
Adjustable rate:,,,
Real estate - one- to four-family(1),"$10,921","$12,006","$11,885"
- commercial and multi-family,3051,1791,2137
Non-real estate - consumer,125,269,---
Total adjustable-rate,14097,14066,14022
Fixed rate:,,,
Real estate - one- to four-family,10386,31055,25011
- commercial and multi-family,1611,1881,1699
Non-real estate - consumer,5687,4194,2237
- commercial business,558,440,296
Total fixed-rate,18242,37570,29243
Total loans originated,32339,51636,43265
Purchases:,,,
Consumer,---,---,500
Total Purchases,---,---,500
Sales and Repayments:,,,
Real estate - one- to four-family,5347,19315,16876
Total sales,5347,19315,16876
Principal repayments,19170,28581,22240
Total reductions,24517,47896,39116
Net increase,"$ 7,822 =====","$ 3,740 =====","$ 4,649 ====="
