0,1,2,3,4
COMMUNICATIONS,COMMUNICATIONS,COMMUNICATIONS,COMMUNICATIONS,COMMUNICATIONS
Solutions,, Communication Systems, Communication Systems, Communication Systems
,,,,-PBX systems
,,,,-IP Telephony
,, Voice and Unified Messaging, Voice and Unified Messaging, Voice and Unified Messaging
,, Contact Center Solutions, Contact Center Solutions, Contact Center Solutions
,,,,-Interactive Voice Response
,,,,-Computer Telephony Integration
,,,,"-Workforce Management, Quality Monitoring, Intelligent Call Routing and Web Conferencing Software and Integration"
,, Network Services, Network Services, Network Services
Convergence,, Advanced Services Group, Advanced Services Group, Advanced Services Group
,,,,- Consultancy Practices in: Customer Contact Unified Messaging Converged Infrastructure
,, Conferencing Solutions Group, Conferencing Solutions Group, Conferencing Solutions Group
,,,,-Consulting Services
,,,,-Conferencing Services: Audio/Video/Internet Shared and Dedicated Services
,, Protectnet, Protectnet, Protectnet
,,,,"-Network Management Services: Data Network ""Break & Fix"" Services Network Monitoring Services"
Services,, Communication Maintenance and Support Services, Communication Maintenance and Support Services, Communication Maintenance and Support Services
,," System Modifications (Moves, Adds & Changes)"," System Modifications (Moves, Adds & Changes)"," System Modifications (Moves, Adds & Changes)"
,, Managed Communication Services, Managed Communication Services, Managed Communication Services
,, 24x7 Customer Support, 24x7 Customer Support, 24x7 Customer Support
,, Remote System Monitoring & Diagnostic Analysis, Remote System Monitoring & Diagnostic Analysis, Remote System Monitoring & Diagnostic Analysis
,, Cabling & Multimedia Solutions, Cabling & Multimedia Solutions, Cabling & Multimedia Solutions
Resale,," Vibes Technologies, Inc."," Vibes Technologies, Inc."," Vibes Technologies, Inc."
,,,,-e-commerce provider of refurbished communications equipment (www.vibestech.com)
,, Siemens Resale Services Group, Siemens Resale Services Group, Siemens Resale Services Group
,,,,-reseller of refurbished Siemens communications products
