0,1,2,3,4
,,At,At,At
,"June 30,","Year Ended June 30,","Year Ended June 30,","Year Ended June 30,"
,2000,2000,1999,1998
Weighted-average yield on loan portfolio,7.97%,7.84%,7.96%,7.97%
Weighted-average yield on mortgage-backed securities,6.23,6.11,5.70,6.06
Weighted-average yield on investment securities (1),6.57,6.18,5.79,5.89
Weighted-average yield on other interest-earning assets,5.55,2.61,3.62,3.70
Weighted-average yield on all interest-earning assets,7.63,7.37,7.34,7.40
Weighted-average rate paid on deposits,4.79,4.47,4.52,4.61
Weighted-average rate paid on FHLB advances,6.09,5.60,4.92,5.41
Weighted-average rate paid on all interest-bearing liabilities,5.09,4.68,4.58,4.73
Interest rate spread (spread between weighted average rate on all interest-earning assets and all interest-bearing liabilities),2.54,2.69,2.76,2.67
Net interest margin (net interest income as a percentage of average interest-earning assets),,3.22,3.32,3.39
