0,1,2,3,4,5
,North American Rehabilitation Products,Europe Rehabilitation Products,Institutional Products,Other,Total
2000,,,,,
Revenues,"$365,321","$212,741","$66,426",-,"$644,488"
Operating income (loss),19154,14660,"(8,464)","$ (2,809)",22541
Total assets,281622,166889,73806,21472,543789
"Capital expenditures, net",7739,5822,2720,14,16295
Depreciation and amortization,"$ 12,229","$ 9,516","$ 3,646",$ 237,"$ 25,628"
,,,,,
1999,,,,,
Revenues,"$363,577","$219,063","$77,608",$ -,"$660,248"
Operating income (loss),15015,13384,"(4,314)","(1,282)",22803
Total assets,334648,179979,89418,3145,607190
"Capital expenditures, net",6545,5776,1789,1670,15780
Depreciation and amortization,"$ 12,029","$ 8,820","$ 3,958",$ (57),"$ 24,750"
,,,,,
1998(a),,,,,
Revenues,"$359,830","$217,790","$79,549",$ -,"$657,169"
Operating income (loss),17584,5196,670,(269),23181
Total assets,320482,193596,96550,5677,616305
"Capital expenditures, net",5926,5877,4949,(203),16549
Depreciation and amortization,"$ 11,184","$ 8,037","$ 4,549",$ 180,"$ 23,950"
