0,1,2
(1),,Imputed interest as if the total noncancelable lease payments were capitalized.
,,
(2),,The reported current tax provision is adjusted for the statutory tax impact of interest expense.
,,
(3),,"Total assets less noninterest-bearing liabilities plus the LIFO, doubtful accounts, and notes receivable reserves, warranty reserve, amortized goodwill, deferred taxes, and capitalized design and research expense. Design and research expense is capitalized and amortized over 5 years."
,,
(4),,Managements estimate of the weighted average of the minimum equity and debt returns required by the providers of capital. Reevaluated every year and adjusted when necessary to reflect the current rate environment and capital structure.
