0,1,2,3,4,5,6,7,8,9,10,11,12,13,14,15,16,17,18,19,20,21,22,23,24,25,26,27,28,29,30,31,32
,,,,,,,,,,,,,,,,,,,,,,,,,,,,,,,,
,,,,,,,,,,,,,,,,,,,,,,,,,,,,,,,,
,,Fiscal 2000,Fiscal 2000,Fiscal 2000,Fiscal 2000,Fiscal 2000,Fiscal 2000,Fiscal 2000,Fiscal 2000,Fiscal 2000,Fiscal 2000,Fiscal 2000,Fiscal 2000,Fiscal 2000,Fiscal 2000,Fiscal 2000,,Fiscal 1999*,Fiscal 1999*,Fiscal 1999*,Fiscal 1999*,Fiscal 1999*,Fiscal 1999*,Fiscal 1999*,Fiscal 1999*,Fiscal 1999*,Fiscal 1999*,Fiscal 1999*,Fiscal 1999*,Fiscal 1999*,Fiscal 1999*,Fiscal 1999*
,,,,,,,,,,,,,,,,,,,,,,,,,,,,,,,,
,,Sept.,Sept.,Sept.,,Dec.,Dec.,Dec.,,March,March,March,,June,June,June,,Sept.,Sept.,Sept.,,Dec.,Dec.,Dec.,,March,March,March,,June,June,June
,,,,,,,,,,,,,,,,,,,,,,,,,,,,,,,,
,,,,,,,,,,,,,,,,,,,,,,,,,,,,,,,,
,,"(in thousands, except per share data)","(in thousands, except per share data)","(in thousands, except per share data)","(in thousands, except per share data)","(in thousands, except per share data)","(in thousands, except per share data)","(in thousands, except per share data)","(in thousands, except per share data)","(in thousands, except per share data)","(in thousands, except per share data)","(in thousands, except per share data)","(in thousands, except per share data)","(in thousands, except per share data)","(in thousands, except per share data)","(in thousands, except per share data)","(in thousands, except per share data)","(in thousands, except per share data)","(in thousands, except per share data)","(in thousands, except per share data)","(in thousands, except per share data)","(in thousands, except per share data)","(in thousands, except per share data)","(in thousands, except per share data)","(in thousands, except per share data)","(in thousands, except per share data)","(in thousands, except per share data)","(in thousands, except per share data)","(in thousands, except per share data)","(in thousands, except per share data)","(in thousands, except per share data)","(in thousands, except per share data)"
,,,,,,,,,,,,,,,,,,,,,,,,,,,,,,,,
,,,,,,,,,,,,,,,,,,,,,,,,,,,,,,,,
,,,,,,,,,,,,,,,,,,,,,,,,,,,,,,,,
,,,,,,,,,,,,,,,,,,,,,,,,,,,,,,,,
Net revenues,,$,31644,,,$,33379,,,$,35049,,,$,39027,,,$,24780,,,$,28016,,,$,30183,,,$,33892,
,,,,,,,,,,,,,,,,,,,,,,,,,,,,,,,,
,,,,,,,,,,,,,,,,,,,,,,,,,,,,,,,,
,,,,,,,,,,,,,,,,,,,,,,,,,,,,,,,,
,,,,,,,,,,,,,,,,,,,,,,,,,,,,,,,,
Gross profit,,,25858,,,,26940,,,,28726,,,,31664,,,,20073,,,,22700,,,,25158,,,,27305,
,,,,,,,,,,,,,,,,,,,,,,,,,,,,,,,,
,,,,,,,,,,,,,,,,,,,,,,,,,,,,,,,,
,,,,,,,,,,,,,,,,,,,,,,,,,,,,,,,,
,,,,,,,,,,,,,,,,,,,,,,,,,,,,,,,,
Operating expenses,,,13230,,,,13003,,,,14076,,,,17372,,,,10279,,,,10964,,,,11739,,,,14443,
,,,,,,,,,,,,,,,,,,,,,,,,,,,,,,,,
,,,,,,,,,,,,,,,,,,,,,,,,,,,,,,,,
,,,,,,,,,,,,,,,,,,,,,,,,,,,,,,,,
,,,,,,,,,,,,,,,,,,,,,,,,,,,,,,,,
Operating income,,,12628,,,,13937,,,,14650,,,,14292,,,,9794,,,,11736,,,,13419,,,,12862,
,,,,,,,,,,,,,,,,,,,,,,,,,,,,,,,,
,,,,,,,,,,,,,,,,,,,,,,,,,,,,,,,,
,,,,,,,,,,,,,,,,,,,,,,,,,,,,,,,,
,,,,,,,,,,,,,,,,,,,,,,,,,,,,,,,,
Net income,,,9640,,,,10481,,,,11063,,,,11810,,,,8089,,,,8976,,,,9708,,,,9883,
,,,,,,,,,,,,,,,,,,,,,,,,,,,,,,,,
,,,,,,,,,,,,,,,,,,,,,,,,,,,,,,,,
,,,,,,,,,,,,,,,,,,,,,,,,,,,,,,,,
,,,,,,,,,,,,,,,,,,,,,,,,,,,,,,,,
Net income per common share:,,,,,,,,,,,,,,,,,,,,,,,,,,,,,,,,
,,,,,,,,,,,,,,,,,,,,,,,,,,,,,,,,
,,,,,,,,,,,,,,,,,,,,,,,,,,,,,,,,
,,,,,,,,,,,,,,,,,,,,,,,,,,,,,,,,
,,,,,,,,,,,,,,,,,,,,,,,,,,,,,,,,
Basic,,$,0.34,,,$,0.36,,,$,0.38,,,$,0.40,,,$,0.29,,,$,0.32,,,$,0.34,,,$,0.35,
,,,,,,,,,,,,,,,,,,,,,,,,,,,,,,,,
,,,,,,,,,,,,,,,,,,,,,,,,,,,,,,,,
,,,,,,,,,,,,,,,,,,,,,,,,,,,,,,,,
,,,,,,,,,,,,,,,,,,,,,,,,,,,,,,,,
Diluted,,$,0.33,,,$,0.35,,,$,0.36,,,$,0.38,,,$,0.28,,,$,0.30,,,$,0.33,,,$,0.34,
,,,,,,,,,,,,,,,,,,,,,,,,,,,,,,,,
,,,,,,,,,,,,,,,,,,,,,,,,,,,,,,,,
,,,,,,,,,,,,,,,,,,,,,,,,,,,,,,,,
,,,,,,,,,,,,,,,,,,,,,,,,,,,,,,,,
Shares used in computing net income per common share:,,,,,,,,,,,,,,,,,,,,,,,,,,,,,,,,
,,,,,,,,,,,,,,,,,,,,,,,,,,,,,,,,
,,,,,,,,,,,,,,,,,,,,,,,,,,,,,,,,
,,,,,,,,,,,,,,,,,,,,,,,,,,,,,,,,
,,,,,,,,,,,,,,,,,,,,,,,,,,,,,,,,
Basic,,,28750,,,,28834,,,,29164,,,,29375,,,,28161,,,,28279,,,,28576,,,,28645,
,,,,,,,,,,,,,,,,,,,,,,,,,,,,,,,,
,,,,,,,,,,,,,,,,,,,,,,,,,,,,,,,,
,,,,,,,,,,,,,,,,,,,,,,,,,,,,,,,,
,,,,,,,,,,,,,,,,,,,,,,,,,,,,,,,,
Diluted,,,29471,,,,30170,,,,30967,,,,31079,,,,28791,,,,29585,,,,29811,,,,29343,
