0,1,2,3,4,5,6,7,8,9,10
,,,,,,,,,,
,,,,,,Year First,Year First,Year First,,
,,,,,,Elected a,Elected a,Elected a,,Principal Occupations During Last Five Years; Other
Name,,Age,Age,Age,,Director,Director,Director,,Current Public Company Directorships and Activities
,,,,,,,,,,
Eleanor Baum,,,60,,,,1994,,,"Dean of the School of Engineering of The Cooper Union, New York, 	NY; Director of Allegheny Energy, Inc. and U.S. Trust 	Corporation; Former Chair (1998-1999), New York Academy of 	Sciences and Chair of the Engineering Workforce Commission 	(1999-2000); past President (1995-1997) of American Society for 	Engineering Education and Accreditation Board for Engineering and  Technology (1997-1998); also serves on Advisory Boards for NASA,  Electric Power Research Institute, and National Research 	Council."
,,,,,,,,,,
,,,,,,,,,,
,,,,,,,,,,
,,,,,,,,,,
,,,,,,,,,,
J. Veronica Biggins,,,53,,,,1997,,,"Senior Partner at Heidrick & Struggles International, an  executive search firm; also a Director of National Data 	Corporation, Chairman of the Czech and Slovak American Enterprise  Development Fund, which is funded by the U.S. Government 	SEED Act."
,,,,,,,,,,
,,,,,,,,,,
,,,,,,,,,,
,,,,,,,,,,
,,,,,,,,,,
Joseph F. Caligiuri,,,72,,,,1992,,,"Executive Vice President (retired April 1993) of Litton 	Industries, Inc. a technology-based company providing resource 	exploration services, industrial automation systems and advanced 	electronic and defense systems to the United States and world 	markets; also a Director of The Titan Corporation and Intracel 	Corporation."
