0,1
*,Effective date of the registration statement for which this form is filed:
,"December 14, 1999"
*,SEC file number assigned to the registration statement:
,333-90691
*,IRET CUSIP Number:
,461730
*,The date the offering commenced:
,"December 14, 1999"
*,All shares registered under the offering were sold.
*,"The offering terminated on May 23, 2000."
*,The name(s) of the managing underwriter(s) are:
,"American Heartland Investments, Inc. American Investment Services, Inc. Berthel Fisher Financial Services, Inc. Eagle One Investments, L.L.C. Fintegra Financial Solutions First Montauk Securities Corp. Garry Pierce Financial Services, L.L.P. Huntingdon Securities Corporation Inland National Securities, Inc., Invest Financial Investment Centers of America, Inc. ND Capital, Inc. Netcap Preferred Equity, Ltd. Primevest Financial Services, Inc. Proequities, Inc."
*,The title and code of each class of securities registered: Title of Security - (01) Shares of Beneficial Interest Code - EQ
*,The following table shows the amount and aggregate offering price of securities registered and sold for the account of the issuer:
