0,1,2,3,4,5
,"June 30,","June 30,","June 30,","June 30,","June 30,"
,2000,1999,1998,1997,1996
,(Dollars in Thousands),(Dollars in Thousands),(Dollars in Thousands),(Dollars in Thousands),(Dollars in Thousands)
Non-accruing loans:,,,,,
One- to four-family,$ 80,$ 159,$ 321,$ 17,$ 18
Consumer,---,---,9,---,129
Total,80,159,330,17,147
Accruing loans delinquent more than 90 days:,,,,,
One- to four-family,143,122,277,239,303
Commercial real estate,---,82,---,185,---
Consumer,42,27,6,24,25
Commercial business,---,---,15,---,---
Total,185,231,298,448,328
Foreclosed assets:,,,,,
One- to four-family,---,---,---,29,---
Total,---,---,---,29,---
Total non-performing assets,$ 265 ===,$ 390 ===,$ 628 ===,$ 494 ===,$ 475 ===
Total as a percentage of total assets,.28% ===,.46% ===,.79% ===,.66% ===,.79% ===
