0,1,2,3,4,5,6,7,8,9
,,,,,,,,,
,,,2000,2000,2000,,1999,1999,1999
,,,,,,,,,
EXPENSES,EXPENSES,,,,,,,,
,,,,,,,,,
,,,,,,,,,
,,,,,,,,,
,,,,,,,,,
,Professional fees,,$,156403,,,$,33947,
,,,,,,,,,
,,,,,,,,,
,,,,,,,,,
,,,,,,,,,
,Selling and marketing,,,121279,,,,,
,,,,,,,,,
,,,,,,,,,
,,,,,,,,,
,,,,,,,,,
,Software development,,,56770,,,,48250,
,,,,,,,,,
,,,,,,,,,
,,,,,,,,,
,,,,,,,,,
,Management fee,,,89073,,,,103700,
,,,,,,,,,
,,,,,,,,,
,,,,,,,,,
,,,,,,,,,
,General and administrative expenses,,,297415,,,,67609,
,,,,,,,,,
LOSS FROM OPERATIONS,LOSS FROM OPERATIONS,,,720940,,,,253506,
,,,,,,,,,
,,,,,,,,,
,,,,,,,,,
,,,,,,,,,
INTEREST INCOME,INTEREST INCOME,,,17791,,,,,
,,,,,,,,,
NET LOSS,NET LOSS,,$,703149,,,$,253506,
,,,,,,,,,
BASIC AND DILUTED LOSS PER SHARE,BASIC AND DILUTED LOSS PER SHARE,,,,,,,,
,,,,,,,,,
,,,,,,,,,
,,,,,,,,,
,,,,,,,,,
,OF COMMON STOCK,,$,(0.04,),,$,(0.02,)
,,,,,,,,,
WEIGHTED AVERAGE SHARES,WEIGHTED AVERAGE SHARES,,,,,,,,
,,,,,,,,,
,,,,,,,,,
,,,,,,,,,
,,,,,,,,,
,OUTSTANDING OF COMMON STOCK,,,16154000,,,,11154000,
,,,,,,,,,
