0,1,2,3,4,5,6,7,8,9
,,,,,,,,,
,,,"June 30,","June 30,","June 30,",,"July 2,","July 2,","July 2,"
,,,2000,2000,2000,,1999,1999,1999
,,,,,,,,,
,,,,,,,,,
,,,(Thousands),(Thousands),(Thousands),(Thousands),(Thousands),(Thousands),(Thousands)
,,,,,,,,,
,,,,,,,,,
,,,,,,,,,
,,,,,,,,,
Deferred tax assets:,Deferred tax assets:,,,,,,,,
,,,,,,,,,
,,,,,,,,,
,,,,,,,,,
,,,,,,,,,
,Inventory valuation,,$,25610,,,$,16388,
,,,,,,,,,
,,,,,,,,,
,,,,,,,,,
,,,,,,,,,
,Accounts receivable valuation,,,12215,,,,6434,
,,,,,,,,,
,,,,,,,,,
,,,,,,,,,
,,,,,,,,,
,Foreign tax loss carry-forwards,,,52436,,,,29084,
,,,,,,,,,
,,,,,,,,,
,,,,,,,,,
,,,,,,,,,
,Various accrued liabilities and other,,,40269,,,,23328,
,,,,,,,,,
,,,,130530,,,,75234,
,,,,,,,,,
Deferred tax liabilities:,Deferred tax liabilities:,,,,,,,,
,,,,,,,,,
,,,,,,,,,
,,,,,,,,,
,,,,,,,,,
,"Depreciation and amortization of property, plant and equipment",,,3069,,,,2845,
,,,,,,,,,
,,,,,,,,,
,,,,,,,,,
,,,,,,,,,
,Other,,,4679,,,,1287,
,,,,,,,,,
,,,,7748,,,,4132,
,,,,,,,,,
Net deferred tax assets,Net deferred tax assets,,$,122782,,,$,71102,
,,,,,,,,,
