0,1
,
(a),"Includes the net negative impact of $14.9 pre-tax and $12.5 	after-tax ($0.16 per share on a diluted basis) for (i) the 	gain on the sale of Channel Master of $33.8 pre-tax and $17.2 	after-tax, (ii) costs relating to the divestiture of Avnet 	Industrial, the closure of the Companys corporate 	headquarters in Great Neck, New York, and the anticipated loss on  the sale of Company-owned real estate, amounting to $13.3 	pre-tax and $8.5 after-tax, and (iii) incremental special 	charges associated with the reorganization of EM, amounting to 	$35.4 pre-tax and $21.2 after-tax."
,
(b),"Includes the net gain on exiting the printed catalog business 	recorded in the fourth quarter of 1999 offset by special charges 	recorded in the first quarter associated with the reorganization 	of EM. The net positive effect on 1999 pre-tax income, net income  and diluted earnings per share were $183.0, $64.0, and $0.89, 	respectively."
,
(c),"Includes special charges associated with: (a) the 	integration of Marshall Industries, Eurotronics B.V. (SEI) and 	the SEI Macro Group into EM, (b) the integration of JBA 	Computer Solutions into Computer Marketing North America, 	(c) the reorganization of EM Asia, (d) the 	reorganization of EMs European operations including costs 	related to the consolidation of EMs European Warehousing 	operations and (e) costs incurred in connection with certain  litigation brought by the Company. The total special charges for  2000 amounted to $49.0 pre-tax, $30.4 after-tax and $0.37 per 	share on a diluted basis."
