0,1,2,3,4,5,6,7,8
,,,,,,,,
,,,,,,Page,Page,Page
,,,,,,,,
1.0,,Financial Statements and Supplementary Data:,Financial Statements and Supplementary Data:,Financial Statements and Supplementary Data:,,,,
,,,,,,,,
,,,,,,,,
,,,,,,,,
,,,,,,,,
,,Report of Independent Public Accountants,Report of Independent Public Accountants,Report of Independent Public Accountants,,,33,
,,"Avnet, Inc. and Subsidiaries Consolidated Financial Statements:","Avnet, Inc. and Subsidiaries Consolidated Financial Statements:","Avnet, Inc. and Subsidiaries Consolidated Financial Statements:",,,,
,,,,,,,,
,,,,,,,,
,,,,,,,,
,,,,,,,,
,,,,"Statements of Income for the years ended June 30, 2000, 	July 2, 1999 and June 26, 1998",,,34,
,,,,,,,,
,,,,,,,,
,,,,,,,,
,,,,,,,,
,,,,"Balance Sheets at June 30, 2000 and July 2, 1999",,,35,
,,,,,,,,
,,,,,,,,
,,,,,,,,
,,,,,,,,
,,,,"Statements of Shareholders Equity for the years ended 	June 30, 2000, July 2, 1999 	and June 26, 1998",,,36,
,,,,,,,,
,,,,,,,,
,,,,,,,,
,,,,,,,,
,,,,"Statements of Cash Flows for the years ended June 30, 2000, 	July 2, 1999 and June 26, 1998",,,37,
,,,,,,,,
,,,,,,,,
,,,,,,,,
,,,,,,,,
,,Notes to Consolidated Financial Statements,Notes to Consolidated Financial Statements,Notes to Consolidated Financial Statements,,,38,
,,,,,,,,
2.0,,Financial Statement Schedules:,Financial Statement Schedules:,Financial Statement Schedules:,,,,
,,,,,,,,
,,,,,,,,
,,,,,,,,
,,,,,,,,
,,,,"(I) Schedule II (Valuation and Qualifying Accounts) for the 	years ended June 30, 2000, July 2, 1999 and 	June 26, 1998",,,54,
,,Schedules other than that above have been omitted because they 	are not applicable or the required information is shown in the 	financial statements or notes thereto.,Schedules other than that above have been omitted because they 	are not applicable or the required information is shown in the 	financial statements or notes thereto.,Schedules other than that above have been omitted because they 	are not applicable or the required information is shown in the 	financial statements or notes thereto.,,,,
,,,,,,,,
3.0,,Exhibits  The exhibit index for this Report can be 	found on pages 55 to 56.,Exhibits  The exhibit index for this Report can be 	found on pages 55 to 56.,Exhibits  The exhibit index for this Report can be 	found on pages 55 to 56.,,,,
