0,1,2
,,
Exhibit,,
Number,,Exhibit
,,
2A.,,"Amended and Restated Agreement and Plan of Merger dated as of  June 25, 1999, between the Company and Marshall Industries  (incorporated herein by reference to Appendix A to Joint  Proxy Statement/ Prospectus constituting Part I of the  Companys Registration Statement on Form S-4,  Registration Number 333-86721)."
2B.,,"Amended and Restated Agreement and Plan of Merger dated as of  March 2, 2000, among the Company, Tactful Acquisition Corp  and Savoir Technology Group, Inc. (incorporated herein by  reference to Appendix A to the Proxy Statement/ Prospectus  included in Amendment No. 1 to the Companys  Registration Statement on Form S-4, Registration Number  333-36970)."
2C.,,"Share Purchase Agreement dated August 7, 2000 by and among  VEBA Electronics GmbH, EBV Verwaltungs GmbH i.L., Viterra  Grundstucke Verwaltungs GmbH, VEBA Electronics LLC, VEBA  Electronics Beteiligungs GmbH, VEBA Electronics (UK) Plc,  Raab Karcher Electronics Systems Plc, and E.ON Aktiengesellschaft  and Arrow Electronics, Inc., Avnet, Inc. and Cherrybright  Limited (incorporated herein by reference to the Companys  Current Report on Form 8-K dated September 22, 2000,  Exhibit 2).*"
3A.,,"Restated Certificate of Incorporation of the Company  (incorporated herein by reference to the Companys Current  Report on Form 8-K dated May 6, 1999,  Exhibit 3(i)(b))."
3B.,,"By-laws of the Company (incorporated herein by reference to the  Companys Current Report on Form 8-K dated  February 12, 1996, Exhibit 3(ii))."
4.,,"Note: The total amount of securities authorized under any  instrument which defines the rights of holders of Companys  long-term debt does not exceed 10% of the total assets of the  Company and its subsidiaries on a consolidated basis. Therefore,  none of such instruments are required to be filed as exhibits to  this Report. The Company agrees to furnish copies of such  instruments to the Commission upon request."
,,Executive Compensation Plans and Arrangements
10A.,,"Amendment dated September 20, 2000 to Employment Agreement  dated September 25, 1997 between the Company and Roy Vallee  (incorporated herein by reference to the Companys Current  Report on Form 8-K dated September 26, 2000,  Exhibit 99)."
10B.,,"Employment Agreement dated September 25, 1997 between the  Company and Roy Vallee (incorporated herein by reference to the  Companys Current Report on Form 8-K dated  September 25, 1997, Exhibit 99)."
10C.,,"Employment Agreement dated June 28, 1997 between the Company  and Steven C. Church (incorporated herein by reference to  the Companys Current Report on Form 8-K dated  February 6, 1998, Exhibit 99.1)."
10D.,,"Employment Agreement dated October 13, 1997 between the  Company and Brian Hilton (incorporated herein by reference to the  Companys Current Report on Form 8-K dated  February 6, 1998, Exhibit 99.2)."
10E.,,"Employment Agreement dated June 29, 1998 between the Company  and David R. Birk (incorporated herein by reference to the  Companys Current Report on Form 8-K dated  September 18, 1998, Exhibit 99.3)."
10F.,,"Employment Agreement dated June 29, 1998 between the Company  and Raymond Sadowski (incorporated herein by reference to the  Companys Current Report on Form 8-K dated  September 18, 1998, Exhibit 99.4)."
