0,1,2
10.2,,"Trust Indenture dated as of September 1, 1990 from the City of Chaska to Norwest Bank Minnesota, N.A., as Trustee (incorporated by reference from Exhibit 4.3 to the Registrant's Form 10-K for the year ended June 30, 1990, as amended on Form 8 dated October 12, 1990)"
10.3,,"Combination Mortgage, Security Agreement and Fixture Financing Statement dated as of September 1, 1990 from the Company to Norwest Bank Minnesota, N.A., as Trustee (incorporated by reference from Exhibit 4.4 to the Registrant's Form 10-K for the year ended June 30, 1990, as amended on Form 8 dated October 12, 1990)"
10.4,,"Contract for Private Redevelopment dated as of September 1, 1990 between the Company and Chaska Economic Development Authority (incorporated by reference from Exhibit 4.5 to the Registrant's Form 10-K for the year ended June 30, 1990, as amended on Form 8 dated October 12, 1990)"
10.5,,"Hyaluronan Purchase Agreement dated March 28, 1990 between the Company and Alcon (incorporated by reference to Exhibit 10 to Form 8-K dated April 10, 1990, as amended on Form 8 dated May 23, 1990) as amended on July 17, 1992, (Certain information has been deleted from this exhibit and filed separately with the Securities and Exchange Commission pursuant to a request for confidential treatment under Rule 24b-2) (incorporated by reference to Exhibit 10.5 to Form 10-K for the year ended June 30, 1992)"
10.6*,,"Employment Agreement dated June 10, 1991 with James W. Bracke (incorporated by reference to Exhibit 10.11 to 1991 S-2 Registration Statement [File No. 33-41291]), as amended by letter agreement dated on August 14, 1995 (incorporated by reference to Exhibit 10.6 to Form 10-K for the year ended June 30, 1995), as amended by letter agreement dated November 14, 1996 (incorporated by reference to Exhibit 10.1 to Form 10-Q for the quarter ended December 31, 1997)"
10.7,,"Form of Indemnification Agreement entered into between the Company and directors and officers (incorporated by reference to Exhibit 10.7 to Form 10-K for the year ended June 30, 1995)"
10.8*,,1987 Stock Option Plan (incorporated by reference to Exhibit 4(a) to S-8 Registration Statement [File No. 33-26065])
10.9*,,1987 Employee Stock Purchase Savings Plan (incorporated by reference to Exhibit 4(a) to S-8 Registration Statement [File No. 33-19288])
10.10*,,1990 Employee Stock Purchase Savings Plan (incorporated by reference to Exhibit 4(a) to S-8 Registration Statement [File No. 33-32984])
10.11*,,"1990 Stock Plan (incorporated by reference to Exhibit 4(a) to S-8 Registration Statement [File No. 33-38914]) as amended by Amendment No. 1 (incorporated by reference to Exhibit 10.13 to Form 10-K for the year ended June 30, 1994), as amended by Amendment No. 2 (incorporated by reference to Exhibit 10.11 to Form 10-K for the year ended June 30, 1997)"
