0,1,2,3,4,5,6,7,8,9,10,11,12
,,"For the Fiscal Year Ended April 30, 2000","For the Fiscal Year Ended April 30, 2000","For the Fiscal Year Ended April 30, 2000","For the Fiscal Year Ended April 30, 2000","For the Fiscal Year Ended April 30, 2000","For the Fiscal Year Ended April 30, 2000","For the Fiscal Year Ended April 30, 2000","For the Fiscal Year Ended April 30, 2000","For the Fiscal Year Ended April 30, 2000","For the Fiscal Year Ended April 30, 2000",
,,"Information Software, Systems And Services",,,Property Mass Appraisal Services,,,Corporate Overhead (1),,,Total Combined Company (2),
,,,,,,,,,,,,
Revenues,$,25672,,$,17973,,$,--,,$,43645,
,,,,,,,,,,,,
Unallocated amounts,,--,,,--,,,"(3,370",),,"(3,370",)
,,,,,,,,,,,,
Amortization and  depreciation expense,,"(1,357",),,(205,),,(475,),,"(2,037",)
,,,,,,,,,,,,
EBITDA,,3710,,,2825,,,"(2,277",),,4258,
,,,,,,,,,,,,
Capital expenditures,,2088,,,216,,,--,,,2304,
,,,,,,,,,,,,
Segment assets,,19509,,,7216,,,--,,,26725,
