0,1,2,3,4,5,6,7,8
,,Common Stock,Common Stock,,,,,
"(in  millions, except  per share data)",Preferred Stock Par Value of $5,Par Value of $5,Capital in Excess of Par Value,Reinvested Earnings,Treasury Stock,Deferred Compensation,Acc. Other  Comp.  Income,Total Share-holders' Equity
,,,,,,,,
"Balances at  June 30, 1997",$ 28.2,$ 98.2,$ 54.3,$ 303.6,$ (3.5),$ (20.3),$ (11.2),$ 449.3
Net income,,,,84.0,,,,84.0
Cash dividends:,,,,,,,,
Common @  $1.32 per share,,,,(26.9),,,,(26.9)
"Preferred  @ $5,362.50 per share",,,,(1.6),,,,(1.6)
Stock options  exercised,,0.9,4.3,,,,,5.2
Common stock  offering,,15.8,128.6,,,,,144.4
Shares issued  to acquire  business,,,0.5,,0.5,,,1.0
Other,(0.4),0.1,2.3,,(0.4),2.5,,4.1
"Balances  at June 30, 1998",$ 27.8,$ 115.0,$ 190.0,$ 359.1,$ (3.4),$ (17.8),$ (11.2),$ 659.5
Net income,,,,37.1,,,,37.1
Cash dividends:,,,,,,,,
Common @  $1.32 per share,,,,(29.2),,,,(29.2)
"Preferred  @ $5,362.50 per share",,,,(1.5),,,,(1.5)
Stock options  exercised,,0.1,0.4,,,,,0.5
Treasury shares  purchased,,,,,(35.0),,,(35.0)
Other,(1.0),0.2,1.5,,,1.4,(1.0),1.1
"Balances  at June 30, 1999",$ 26.8,$ 115.3,$ 191.9,$ 365.5,$ (38.4),$ (16.4),$ (12.2),$ 632.5
Net income,,,,53.3,,,,53.3
Cash dividends:,,,,,,,,
Common @  $1.32 per share,,,,(29.0),,,,(29.0)
"Preferred  @ $5,362.50 per share",,,,(1.8),,,,(1.8)
Stock options  exercised,,,0.1,,,,,0.1
Other,(0.8),0.1,0.2,,,2.3,(3.3),(1.5)
"Balances  at June 30, 2000",$ 26.0,$ 115.4,$ 192.2,$ 388.0,$ (38.4),$ (14.1),$ (15.5),$ 653.6
