0,1,2
,,
,,"Some competitors may have greater financial resources than the 	Company. They also may have more extensive engineering, 	manufacturing, marketing and customer service and support 	capabilities."
,,
,,"Some competitors may supply a broader range of semiconductor 	capital equipment than the Company. As a result, these 	competitors may have better relationships with semiconductor 	manufacturers, including current and potential customers of the 	Company."
,,
,,The Company expects competitors to continue to improve their 	existing technology and introduce new products. This could cause 	a decline in the Companys sales or lead to intensified 	price-based competition.
,,
,,Other capital equipment manufacturers not currently involved in 	the development of CMP systems may enter the market or develop 	technology that reduces the need for the Companys products.
,,
,,"Once a semiconductor manufacturer commits to purchase a 	competitors equipment, the manufacturer generally relies on  that equipment for an entire production line and continues to 	purchase that equipment exclusively for an extended period of 	time."
