Unnamed: 0_level_0,Unnamed: 1_level_0,Unnamed: 2_level_0,Unnamed: 3_level_0,Incorporation by Reference
3. Exhibits,Unnamed: 1_level_1,Unnamed: 2_level_1,Unnamed: 3_level_1,Unnamed: 4_level_1
(3a)1.,,Charter,,"Exhibit 4.1 to Registration Statement No. 33-35760 on Form S-8 dated July 6, 1990, Exhibit 4.2 to Registration Statement No. 33-37575 on Form S-8 dated November 1, 1990 and Exhibit 3(a) to Report on Form 10-K for Fiscal Year ended July 2, 1994"
2.,,Articles of Amendment to Charter,,"Exhibit 3(a)2 to Report on Form 10-K for Fiscal Year ended July 3, 1999"
3.,,Articles Supplementary,,"Exhibit 3(a) to Report on Form 10-K for Fiscal Year ended July 3, 1999"
(3b),,Bylaws,,
(4),,"Stockholder Rights Agreement, dated as of March 26, 1998 between Sara Lee Corporation and First Chicago Trust Company of New York, as rights agent.",,"Exhibit 4.1 to Report on Form 8-K dated May 15, 1998"
"Sara Lee, by signing this Report, agrees to furnish the Securities and Exchange Commission, upon its request, a copy of any instrument which defines the rights of holders of long-term debt of Sara Lee and all of its subsidiaries for which consolidated or unconsolidated financial statements are required to be filed, and which authorizes a total amount of securities not in excess of 10% of the total assets of Sara Lee and its subsidiaries on a consolidated basis.","Sara Lee, by signing this Report, agrees to furnish the Securities and Exchange Commission, upon its request, a copy of any instrument which defines the rights of holders of long-term debt of Sara Lee and all of its subsidiaries for which consolidated or unconsolidated financial statements are required to be filed, and which authorizes a total amount of securities not in excess of 10% of the total assets of Sara Lee and its subsidiaries on a consolidated basis.","Sara Lee, by signing this Report, agrees to furnish the Securities and Exchange Commission, upon its request, a copy of any instrument which defines the rights of holders of long-term debt of Sara Lee and all of its subsidiaries for which consolidated or unconsolidated financial statements are required to be filed, and which authorizes a total amount of securities not in excess of 10% of the total assets of Sara Lee and its subsidiaries on a consolidated basis.","Sara Lee, by signing this Report, agrees to furnish the Securities and Exchange Commission, upon its request, a copy of any instrument which defines the rights of holders of long-term debt of Sara Lee and all of its subsidiaries for which consolidated or unconsolidated financial statements are required to be filed, and which authorizes a total amount of securities not in excess of 10% of the total assets of Sara Lee and its subsidiaries on a consolidated basis.","Sara Lee, by signing this Report, agrees to furnish the Securities and Exchange Commission, upon its request, a copy of any instrument which defines the rights of holders of long-term debt of Sara Lee and all of its subsidiaries for which consolidated or unconsolidated financial statements are required to be filed, and which authorizes a total amount of securities not in excess of 10% of the total assets of Sara Lee and its subsidiaries on a consolidated basis."
(10),,"*1. 1979 Stock Option Plan, as amended",,"Exhibit 10(1) to Report on Form 10-K for Fiscal Year ended July 1, 1995"
,,"*2. 1981 Stock Option Plan, as amended",,"Exhibit 10(11) to Report on Form 10-K for Fiscal Year ended July 1, 1989"
,,"*3. 1988 Non-Qualified Stock Option Plan, as amended",,"Exhibit 10(3) to Report on Form 10-K for Fiscal Year ended July 1, 1995"
,,"*4. 1989 Incentive Stock Plan, as amended",,"Exhibit 10(4) to Report on Form 10-K for Fiscal Year ended June 28, 1997"
,,"*5. Supplemental Benefit Plan, as amended",,"Exhibit 10(5) to Report on Form 10-K for Fiscal Year ended June 28, 1997"
,,*6. Performance-Based Annual Incentive Plan,,"Exhibit A to Proxy Statement dated September 20, 1995"
,,"*7. 1995 Long-Term Incentive Stock Plan, as amended",,"Exhibit 10(16) to Report on Form 10-K for Fiscal Year ended June 28, 1997"
,,"*8. 1995 Non-Employee Director Stock Plan, as amended",,"Exhibit 10(8) to Report on Form 10-K for Fiscal Year ended July 3, 1999"
,,*9. 1998 Long-Term Incentive Stock Plan,,"Exhibit A to Proxy Statement dated September 21, 1998"
,,*10. 1999 Non-Employee Director Stock Plan,,"Exhibit A to Proxy Statement dated September 20, 1999"
,,,,
