0,1,2,3,4,5,6,7,8,9
,,,,,,,,,
PREPAID EXPENSES AND OTHER,PREPAID EXPENSES AND OTHER,,,,,,,,
(In Millions),(In Millions),,2000,2000,2000,,1999,1999,1999
,,,,,,,,,
Current deferred income taxes,Current deferred income taxes,,$,21.3,,,$,20.9,
,,,,,,,,,
,,,,,,,,,
,,,,,,,,,
,,,,,,,,,
Other,Other,,,27.3,,,,24.2,
,,,,,,,,,
,,,$,48.6,,,$,45.1,
,,,,,,,,,
ACCRUED LIABILITIES,ACCRUED LIABILITIES,,,,,,,,
(In Millions),(In Millions),,,2000,,,,1999,
,,,,,,,,,
Compensation and employee benefits,Compensation and employee benefits,,$,60.1,,,$,75.1,
,,,,,,,,,
,,,,,,,,,
,,,,,,,,,
,,,,,,,,,
Income taxes,Income taxes,,,41.7,,,,39.5,
,,,,,,,,,
,,,,,,,,,
,,,,,,,,,
,,,,,,,,,
Other,Other,,,83.7,,,,75.0,
,,,,,,,,,
,,,$,185.5,,,$,189.6,
,,,,,,,,,
OTHER LIABILITIES,OTHER LIABILITIES,,,,,,,,
(In Millions),(In Millions),,,2000,,,,1999,
,,,,,,,,,
Pension benefits,Pension benefits,,$,40.9,,,$,41.9,
,,,,,,,,,
,,,,,,,,,
,,,,,,,,,
,,,,,,,,,
Postretirement benefits,Postretirement benefits,,,9.3,,,,9.5,
,,,,,,,,,
,,,,,,,,,
,,,,,,,,,
,,,,,,,,,
Other,Other,,,44.7,,,,48.8,
,,,,,,,,,
,,,$,94.9,,,$,100.2,
,,,,,,,,,
NOTES PAYABLE,NOTES PAYABLE,,,,,,,,
(In Millions),(In Millions),,,2000,,,,1999,
,,,,,,,,,
U.S. dollar currencies,U.S. dollar currencies,,$,114.0,,,$,36.0,
,,,,,,,,,
,,,,,,,,,
,,,,,,,,,
,,,,,,,,,
Non-U.S. dollar currencies,Non-U.S. dollar currencies,,,8.7,,,,10.6,
,,,,,,,,,
,,,$,122.7,,,$,46.6,
,,,,,,,,,
,The following information relates to short-term borrowings in 2000:,,,,,,,,
(In Millions),(In Millions),,,Domestic,,,,Foreign,
,,,,,,,,,
"Weighted-average interest rate at June 3, 2000","Weighted-average interest rate at June 3, 2000",,,6.9,%,,,5.5,%
,,,,,,,,,
,,,,,,,,,
,,,,,,,,,
,,,,,,,,,
"Weighted-average interest rate at May 29, 1999","Weighted-average interest rate at May 29, 1999",,,5.3,%,,,3.9,%
,,,,,,,,,
,,,,,,,,,
,,,,,,,,,
,,,,,,,,,
Weighted-average interest rate during 2000,Weighted-average interest rate during 2000,,,6.2,%,,,4.6,%
,,,,,,,,,
,,,,,,,,,
,,,,,,,,,
,,,,,,,,,
Unused short-term credit lines,Unused short-term credit lines,,$,186.0,,,$,30.0,
,,,,,,,,,
