Unnamed: 0_level_0,Unnamed: 1_level_0,Unnamed: 2_level_0,Unnamed: 3_level_0,Hyaluronan Division,Hyaluronan Division,Hyaluronan Division,Hyaluronan Division,Hyaluronan Division,Unnamed: 9_level_0,Oral Restorative Division,Oral Restorative Division,Oral Restorative Division,Oral Restorative Division,Oral Restorative Division,Unnamed: 15_level_0,Consolidated,Consolidated,Consolidated,Consolidated,Consolidated,Unnamed: 21_level_0
Unnamed: 0_level_1,Unnamed: 1_level_1,Unnamed: 2_level_1,Unnamed: 3_level_1,1999,1999.1,Unnamed: 6_level_1,1998,1998.1,Unnamed: 9_level_1,1999,1999.1,Unnamed: 12_level_1,1998,1998.1,Unnamed: 15_level_1,1999,1999.1,Unnamed: 18_level_1,1998,1998.1,Unnamed: 21_level_1
Net sales,Net sales,Net sales,,$,8190000.0,,$,9720000,,$,19131000.0,,$,15850000.0,,$,27321000.0,,$,25570000,
Cost of goods sold,Cost of goods sold,Cost of goods sold,,,3495000.0,,,4637000,,,7273000.0,,,6304000.0,,,10768000.0,,,10941000,
,,,,,,,,,,,,,,,,,,,,,
Gross profit,Gross profit,Gross profit,,,4695000.0,,,5083000,,,11858000.0,,,9546000.0,,,16553000.0,,,14629000,
Operating expenses,Operating expenses,Operating expenses,,,,,,,,,,,,,,,,,,,
,Research and development,Research and development,,,2937000.0,,,4441000,,,620000.0,,,499000.0,,,3557000.0,,,4940000,
,Marketing and sales,Marketing and sales,,,108000.0,,,187000,,,7056000.0,,,6702000.0,,,7164000.0,,,6889000,
,General and administrative,General and administrative,,,1438000.0,,,1373000,,,2096000.0,,,1972000.0,,,3534000.0,,,3345000,
,,,,,,,,,,,,,,,,,,,,,
,,,,,4483000.0,,,6001000,,,9772000.0,,,9173000.0,,,14255000.0,,,15174000,
,,,,,,,,,,,,,,,,,,,,,
Operating income (loss),Operating income (loss),Operating income (loss),,$,212000.0,,$,"(918,000",),$,2086000.0,,$,373000.0,,$,2298000.0,,$,"(545,000",)
,,,,,,,,,,,,,,,,,,,,,
