0,1,2,3,4,5,6,7,8
,,,,,,,,
PART I,PART I,PART I,PART I,PART I,PART I,PART I,PART I,PART I
,Item 1. Business,Item 1. Business,Item 1. Business,Item 1. Business,Item 1. Business,Item 1. Business,Item 1. Business,Item 1. Business
,Item 2. Properties,Item 2. Properties,Item 2. Properties,Item 2. Properties,Item 2. Properties,Item 2. Properties,Item 2. Properties,Item 2. Properties
,Item 3. Legal Proceedings,Item 3. Legal Proceedings,Item 3. Legal Proceedings,Item 3. Legal Proceedings,Item 3. Legal Proceedings,Item 3. Legal Proceedings,Item 3. Legal Proceedings,Item 3. Legal Proceedings
,Item 4. Submission of Matters to a Vote of Security Holders,Item 4. Submission of Matters to a Vote of Security Holders,Item 4. Submission of Matters to a Vote of Security Holders,Item 4. Submission of Matters to a Vote of Security Holders,Item 4. Submission of Matters to a Vote of Security Holders,Item 4. Submission of Matters to a Vote of Security Holders,Item 4. Submission of Matters to a Vote of Security Holders,Item 4. Submission of Matters to a Vote of Security Holders
PART II,PART II,PART II,PART II,PART II,PART II,PART II,PART II,PART II
,Item 6. Selected Financial Data,Item 6. Selected Financial Data,Item 6. Selected Financial Data,Item 6. Selected Financial Data,Item 6. Selected Financial Data,Item 6. Selected Financial Data,Item 6. Selected Financial Data,Item 6. Selected Financial Data
,Item 7. Management's Discussion and Analysis of Financial Condition and Results of Operations,Item 7. Management's Discussion and Analysis of Financial Condition and Results of Operations,Item 7. Management's Discussion and Analysis of Financial Condition and Results of Operations,Item 7. Management's Discussion and Analysis of Financial Condition and Results of Operations,Item 7. Management's Discussion and Analysis of Financial Condition and Results of Operations,Item 7. Management's Discussion and Analysis of Financial Condition and Results of Operations,Item 7. Management's Discussion and Analysis of Financial Condition and Results of Operations,Item 7. Management's Discussion and Analysis of Financial Condition and Results of Operations
,Item 8. Financial Statements and Supplementary Data,Item 8. Financial Statements and Supplementary Data,Item 8. Financial Statements and Supplementary Data,Item 8. Financial Statements and Supplementary Data,Item 8. Financial Statements and Supplementary Data,Item 8. Financial Statements and Supplementary Data,Item 8. Financial Statements and Supplementary Data,Item 8. Financial Statements and Supplementary Data
,Item 9. Changes in and Disagreements with Accountants on Accounting and Financial Disclosure,Item 9. Changes in and Disagreements with Accountants on Accounting and Financial Disclosure,Item 9. Changes in and Disagreements with Accountants on Accounting and Financial Disclosure,Item 9. Changes in and Disagreements with Accountants on Accounting and Financial Disclosure,Item 9. Changes in and Disagreements with Accountants on Accounting and Financial Disclosure,Item 9. Changes in and Disagreements with Accountants on Accounting and Financial Disclosure,Item 9. Changes in and Disagreements with Accountants on Accounting and Financial Disclosure,Item 9. Changes in and Disagreements with Accountants on Accounting and Financial Disclosure
PART III,PART III,PART III,PART III,PART III,PART III,PART III,PART III,PART III
,Item 11. Executive Compensation,Item 11. Executive Compensation,Item 11. Executive Compensation,Item 11. Executive Compensation,Item 11. Executive Compensation,Item 11. Executive Compensation,Item 11. Executive Compensation,Item 11. Executive Compensation
,Item 12. Security Ownership of Certain Beneficial Owners and Management,Item 12. Security Ownership of Certain Beneficial Owners and Management,Item 12. Security Ownership of Certain Beneficial Owners and Management,Item 12. Security Ownership of Certain Beneficial Owners and Management,Item 12. Security Ownership of Certain Beneficial Owners and Management,Item 12. Security Ownership of Certain Beneficial Owners and Management,Item 12. Security Ownership of Certain Beneficial Owners and Management,Item 12. Security Ownership of Certain Beneficial Owners and Management
,Item 13. Certain Relationships and Related Transactions,Item 13. Certain Relationships and Related Transactions,Item 13. Certain Relationships and Related Transactions,Item 13. Certain Relationships and Related Transactions,Item 13. Certain Relationships and Related Transactions,Item 13. Certain Relationships and Related Transactions,Item 13. Certain Relationships and Related Transactions,Item 13. Certain Relationships and Related Transactions
PART IV,PART IV,PART IV,PART IV,PART IV,PART IV,PART IV,PART IV,PART IV
,SIGNATURES,SIGNATURES,SIGNATURES,SIGNATURES,SIGNATURES,SIGNATURES,SIGNATURES,SIGNATURES
,Schedule II,Schedule II,Schedule II,Schedule II,Schedule II,Schedule II,Schedule II,Schedule II
Revolving Promissory Note,Revolving Promissory Note,Revolving Promissory Note,Revolving Promissory Note,Revolving Promissory Note,Revolving Promissory Note,Revolving Promissory Note,Revolving Promissory Note,Revolving Promissory Note
"Employment Agreement, Benjamin M. Rawls","Employment Agreement, Benjamin M. Rawls","Employment Agreement, Benjamin M. Rawls","Employment Agreement, Benjamin M. Rawls","Employment Agreement, Benjamin M. Rawls","Employment Agreement, Benjamin M. Rawls","Employment Agreement, Benjamin M. Rawls","Employment Agreement, Benjamin M. Rawls","Employment Agreement, Benjamin M. Rawls"
"Employment Agreement, Theodore M. Prociv","Employment Agreement, Theodore M. Prociv","Employment Agreement, Theodore M. Prociv","Employment Agreement, Theodore M. Prociv","Employment Agreement, Theodore M. Prociv","Employment Agreement, Theodore M. Prociv","Employment Agreement, Theodore M. Prociv","Employment Agreement, Theodore M. Prociv","Employment Agreement, Theodore M. Prociv"
Financial Data Schedule,Financial Data Schedule,Financial Data Schedule,Financial Data Schedule,Financial Data Schedule,Financial Data Schedule,Financial Data Schedule,Financial Data Schedule,Financial Data Schedule
