0,1,2,3
"June 30,","June 30,",2000,1999
Assets,Assets,,
Current assets:,Current assets:,,
,Cash,"$ 5,408","$ 16,313"
,Short-term investments,25973,24571
,"Receivable - affiliate, net (Note 8)",329040,176440
,Prepaid expenses,7981,5810
,,368402,223134
"Investments in affiliates, at equity (Note 2)","Investments in affiliates, at equity (Note 2)",1947885,1712828
,,,
"Property and equipment, net (Note 3)","Property and equipment, net (Note 3)",5047,7715
,,,
Other:,Other:,,
,"Patents, net",129367,126503
,"Cash value of life insurance, net (Note 4)",75408,66098
,,204775,192601
,,"$2,526,109","$2,136,278"
,,,
Liabilities and Stockholders' Equity,Liabilities and Stockholders' Equity,,
Current liabilities:,Current liabilities:,,
,Current portion of long-term debt (Note 5),$ -,"$ 14,411"
,Accrued expenses,14076,22896
,Accrued income taxes,38641,6768
,,52717,44075
,,,
Deferred income taxes (Note 6),Deferred income taxes (Note 6),1800,2400
,,,
Stockholders' equity:,Stockholders' equity:,,
,"Common stock - authorized 1,000,000 shares $.05 par value, issued 993,922 shares",,
,"Common stock - authorized 1,000,000 shares $.05 par value, issued 993,922 shares",49696,49696
,Paid-in capital,670605,670605
,Retained earnings,1756920,1375131
,,2477221,2095432
,"Treasury stock - 3,709 shares at cost","(5,629)","(5,629)"
,,2471592,2089803
,,,
,,"$2,526,109","$2,136,278"
See accompanying notes.,See accompanying notes.,,
