0,1,2,3,4,5,6,7,8,9,10,11
,,,,,,,,,,,
,,,,,,,Held Present,Held Present,Held Present,,Other Positions Held
Name and Position,Name and Position,,Age,Age,Age,,Office Since,Office Since,Office Since,,During Past Five Years
,,,,,,,,,,,
Makoto Kouzuma,Makoto Kouzuma,,,60,,,,1999,,,"President and Chief Executive Officer,"
,Vice Chairman of the Board,,,,,,,,,,"Chief Operating Officer, Executive Vice President"
,,,,,,,,,,,
,,,,,,,,,,,
,,,,,,,,,,,
,,,,,,,,,,,
,,,,,,,,,,,
Richard J. Faubert,Richard J. Faubert,,,52,,,,1999,,,Vice President of the T.V. and
,President and Chief Executive Officer,,,,,,,,,,"Telecommunications Test Business Unit of Tektronix, Inc."
,,,,,,,,,,,
,,,,,,,,,,,
,,,,,,,,,,,
,,,,,,,,,,,
,,,,,,,,,,,
J. Michael Dodson,J. Michael Dodson,,,39,,,,1999,,,"Vice President, Corporate Controller and"
,Chief Financial Officer,,,,,,,,,,"Chief Accounting Officer of Novellus Systems, Inc."
,,,,,,,,,,,
,,,,,,,,,,,
,,,,,,,,,,,
,,,,,,,,,,,
,,,,,,,,,,,
Giovanni N. Nocerino,Giovanni N. Nocerino,,,48,,,,2000,,,"Executive Vice President of CVC, Inc."
,"Executive Vice President of Sales, Marketing and Service",,,,,,,,,,(now Veeco Instruments); Vice President and General Manager at 	Varian; Executive Vice President and member of the Board at Sony 	Materials Research Company
,,,,,,,,,,,
,,,,,,,,,,,
,,,,,,,,,,,
,,,,,,,,,,,
,,,,,,,,,,,
Saket Chadda,Saket Chadda,,,34,,,,2000,,,Senior Section Manager at Atmel
,Chief Technical Officer,,,,,,,,,,"Corporation; Project Manager at OnTrak Systems, Inc; Senior 	Development Engineer Specialist at Philips Semiconductors"
,,,,,,,,,,,
,,,,,,,,,,,
,,,,,,,,,,,
,,,,,,,,,,,
,,,,,,,,,,,
Robert R. Smith,Robert R. Smith,,,56,,,,1974,,,
,"Managing Director of SpeedFam-IPEC, U.K.",,,,,,,,,,
