0,1,2,3,4,5,6,7,8,9,10,11,12,13,14,15,16,17,18,19,20
,,,,,,,,,,,,,,,,,,,,
,,,,,,,,,,,,,,,,,,,,
,,Fiscal Year Ended,Fiscal Year Ended,Fiscal Year Ended,Fiscal Year Ended,Fiscal Year Ended,Fiscal Year Ended,Fiscal Year Ended,Fiscal Year Ended,Fiscal Year Ended,Fiscal Year Ended,Fiscal Year Ended,Fiscal Year Ended,Fiscal Year Ended,Fiscal Year Ended,Fiscal Year Ended,Fiscal Year Ended,Fiscal Year Ended,Fiscal Year Ended,Fiscal Year Ended
,,,,,,,,,,,,,,,,,,,,
,,2000,2000,2000,,1999,1999,1999,,1998,1998,1998,,1997,1997,1997,,1996,1996,1996
,,,,,,,,,,,,,,,,,,,,
,,,,,,,,,,,,,,,,,,,,
,,"(in thousands, except per share data)","(in thousands, except per share data)","(in thousands, except per share data)","(in thousands, except per share data)","(in thousands, except per share data)","(in thousands, except per share data)","(in thousands, except per share data)","(in thousands, except per share data)","(in thousands, except per share data)","(in thousands, except per share data)","(in thousands, except per share data)","(in thousands, except per share data)","(in thousands, except per share data)","(in thousands, except per share data)","(in thousands, except per share data)","(in thousands, except per share data)","(in thousands, except per share data)","(in thousands, except per share data)","(in thousands, except per share data)"
,,,,,,,,,,,,,,,,,,,,
,,,,,,,,,,,,,,,,,,,,
,,,,,,,,,,,,,,,,,,,,
,,,,,,,,,,,,,,,,,,,,
Net income (loss) attributable to common stockholders,,$,(0.48,),,$,(4.84,),,$,(1.08,),,$,(0.62,),,$,0.03,
,,,,,,,,,,,,,,,,,,,,
Diluted:,,,,,,,,,,,,,,,,,,,,
,,,,,,,,,,,,,,,,,,,,
,,,,,,,,,,,,,,,,,,,,
,,,,,,,,,,,,,,,,,,,,
,,,,,,,,,,,,,,,,,,,,
From continuing operations,,$,(0.48,),,$,(4.84,),,$,(0.69,),,$,0.62,,,$,0.11,
,,,,,,,,,,,,,,,,,,,,
From discontinued operations,,$,,,,$,,,,$,(0.39,),,$,(1.19,),,$,(0.06,)
,,,,,,,,,,,,,,,,,,,,
Net income (loss) attributable to common stockholders,,$,(0.48,),,$,(4.84,),,$,(1.08,),,$,(0.57,),,$,0.03,
,,,,,,,,,,,,,,,,,,,,
Weighted average shares used in per share calculations:,,,,,,,,,,,,,,,,,,,,
,,,,,,,,,,,,,,,,,,,,
,,,,,,,,,,,,,,,,,,,,
,,,,,,,,,,,,,,,,,,,,
,,,,,,,,,,,,,,,,,,,,
Basic,,,29503,,,,28890,,,,27469,,,,22441,,,,19592,
,,,,,,,,,,,,,,,,,,,,
Diluted,,,29503,,,,28890,,,,27469,,,,24088,,,,21953,
,,,,,,,,,,,,,,,,,,,,
Consolidated Balance Sheet Data:,,,,,,,,,,,,,,,,,,,,
,,,,,,,,,,,,,,,,,,,,
,,,,,,,,,,,,,,,,,,,,
,,,,,,,,,,,,,,,,,,,,
,,,,,,,,,,,,,,,,,,,,
Working capital,,$,238196,,,$,243735,,,$,374426,,,$,205918,,,$,84893,
,,,,,,,,,,,,,,,,,,,,
,,,,,,,,,,,,,,,,,,,,
,,,,,,,,,,,,,,,,,,,,
,,,,,,,,,,,,,,,,,,,,
Total assets,,,435080,,,,443778,,,,575653,,,,404565,,,,292685,
,,,,,,,,,,,,,,,,,,,,
,,,,,,,,,,,,,,,,,,,,
,,,,,,,,,,,,,,,,,,,,
,,,,,,,,,,,,,,,,,,,,
"Long-term debt, less current maturities",,,115162,,,,116129,,,,117078,,,,19818,,,,25346,
,,,,,,,,,,,,,,,,,,,,
,,,,,,,,,,,,,,,,,,,,
,,,,,,,,,,,,,,,,,,,,
,,,,,,,,,,,,,,,,,,,,
Stockholders equity,,,236970,,,,246750,,,,384136,,,,288317,,,,188376,
