0,1,2,3,4,5,6,7,8,9
,,,,,,,,,
,,,,,,,,,
,,,"December 31,","December 31,","December 31,","December 31,","December 31,","December 31,","December 31,"
,,,,,,,,,
,,,1999,1999,1999,,1998,1998,1998
,,,,,,,,,
Net operating loss and tax credit carryforwards,Net operating loss and tax credit carryforwards,,$,66723,,,$,39441,
,,,,,,,,,
,,,,,,,,,
,,,,,,,,,
,,,,,,,,,
Inventory reserves,Inventory reserves,,,3387,,,,3578,
,,,,,,,,,
,,,,,,,,,
,,,,,,,,,
,,,,,,,,,
Depreciation and amortization,Depreciation and amortization,,,"(2,816",),,,"(5,357",)
,,,,,,,,,
,,,,,,,,,
,,,,,,,,,
,,,,,,,,,
Other temporary differences,Other temporary differences,,,15985,,,,13880,
,,,,,,,,,
,,,,,,,,,
,,,,,,,,,
,,,,,,,,,
Valuation allowance,Valuation allowance,,,"(83,279",),,,"(51,542",)
,,,,,,,,,
,Total net deferred tax assets,,$,,,,$,,
,,,,,,,,,
