0,1,2,3,4,5,6,7,8,9,10,11,12,13,14,15,16,17,18,19,20,21
,,,,,,,,,,,,,,,,,,,,,
,,,,,,,,,,,,,,,Accumulated,Accumulated,Accumulated,,,,
,,,,,,,,,,,,,,,Other,Other,Other,,,,
,,,,,,,Additional,Additional,Additional,,Retained,Retained,Retained,,Comprehensive,Comprehensive,Comprehensive,,,,
,,,Common,Common,Common,,Paid-in,Paid-in,Paid-in,,Earnings,Earnings,Earnings,,Income,Income,Income,,,,
,,,Stock,Stock,Stock,,Capital,Capital,Capital,,(Deficit),(Deficit),(Deficit),,(Loss),(Loss),(Loss),,Total,Total,Total
,,,,,,,,,,,,,,,,,,,,,
,,,,,,,,,,,,,,,,,,,,,
,,,(in thousands),(in thousands),(in thousands),(in thousands),(in thousands),(in thousands),(in thousands),(in thousands),(in thousands),(in thousands),(in thousands),(in thousands),(in thousands),(in thousands),(in thousands),(in thousands),(in thousands),(in thousands),(in thousands)
,,,,,,,,,,,,,,,,,,,,,
,,,,,,,,,,,,,,,,,,,,,
,,,,,,,,,,,,,,,,,,,,,
,,,,,,,,,,,,,,,,,,,,,
"Balance at June 1, 1997","Balance at June 1, 1997",,$,6,,,,295113,,,,"(8,384",),,,1582,,,,288317,
,,,,,,,,,,,,,,,,,,,,,
,,,,,,,,,,,,,,,,,,,,,
,,,,,,,,,,,,,,,,,,,,,
,,,,,,,,,,,,,,,,,,,,,
Comprehensive income (loss):,Comprehensive income (loss):,,,,,,,,,,,,,,,,,,,,
,,,,,,,,,,,,,,,,,,,,,
,,,,,,,,,,,,,,,,,,,,,
,,,,,,,,,,,,,,,,,,,,,
,,,,,,,,,,,,,,,,,,,,,
,Net earnings (loss),,,,,,,,,,,"(29,396",),,,,,,,"(29,396",)
,,,,,,,,,,,,,,,,,,,,,
,,,,,,,,,,,,,,,,,,,,,
,,,,,,,,,,,,,,,,,,,,,
,,,,,,,,,,,,,,,,,,,,,
,Foreign currency translation adjustments,,,,,,,,,,,,,,,"(2,569",),,,"(2,569",)
,,,,,,,,,,,,,,,,,,,,,
Total comprehensive income (loss),Total comprehensive income (loss),,,,,,,,,,,,,,,,,,,"(31,965",)
,,,,,,,,,,,,,,,,,,,,,
,,,,,,,,,,,,,,,,,,,,,
,,,,,,,,,,,,,,,,,,,,,
,,,,,,,,,,,,,,,,,,,,,
Issuance of common stock,Issuance of common stock,,,,,,,116704,,,,,,,,,,,,116704,
,,,,,,,,,,,,,,,,,,,,,
,,,,,,,,,,,,,,,,,,,,,
,,,,,,,,,,,,,,,,,,,,,
,,,,,,,,,,,,,,,,,,,,,
Conversion of Class A common stock to common stock,Conversion of Class A common stock to common stock,,,(3,),,,3,,,,,,,,,,,,,
,,,,,,,,,,,,,,,,,,,,,
,,,,,,,,,,,,,,,,,,,,,
,,,,,,,,,,,,,,,,,,,,,
,,,,,,,,,,,,,,,,,,,,,
Preferred stock dividends paid,Preferred stock dividends paid,,,,,,,,,,,(246,),,,,,,,(246,)
,,,,,,,,,,,,,,,,,,,,,
,,,,,,,,,,,,,,,,,,,,,
,,,,,,,,,,,,,,,,,,,,,
,,,,,,,,,,,,,,,,,,,,,
"Unearned compensation, net","Unearned compensation, net",,,,,,,(896,),,,,,,,,,,,(896,)
,,,,,,,,,,,,,,,,,,,,,
,,,,,,,,,,,,,,,,,,,,,
,,,,,,,,,,,,,,,,,,,,,
,,,,,,,,,,,,,,,,,,,,,
"Exercise of stock options, net of tax benefits and employee stock  plan purchases","Exercise of stock options, net of tax benefits and employee stock  plan purchases",,,,,,,12222,,,,,,,,,,,,12222,
,,,,,,,,,,,,,,,,,,,,,
"Balance at May 31, 1998","Balance at May 31, 1998",,,3,,,,423146,,,,"(38,026",),,,(987,),,,384136,
,,,,,,,,,,,,,,,,,,,,,
Comprehensive income (loss):,Comprehensive income (loss):,,,,,,,,,,,,,,,,,,,,
,,,,,,,,,,,,,,,,,,,,,
,,,,,,,,,,,,,,,,,,,,,
,,,,,,,,,,,,,,,,,,,,,
,,,,,,,,,,,,,,,,,,,,,
,Net earnings (loss),,,,,,,,,,,"(139,775",),,,,,,,"(139,775",)
,,,,,,,,,,,,,,,,,,,,,
,,,,,,,,,,,,,,,,,,,,,
,,,,,,,,,,,,,,,,,,,,,
,,,,,,,,,,,,,,,,,,,,,
,Foreign currency translation adjustments,,,,,,,,,,,,,,,927,,,,927,
,,,,,,,,,,,,,,,,,,,,,
,,,,,,,,,,,,,,,,,,,,,
,,,,,,,,,,,,,,,,,,,,,
,,,,,,,,,,,,,,,,,,,,,
,Net unrealized change in investment securities,,,,,,,,,,,,,,,(170,),,,(170,)
,,,,,,,,,,,,,,,,,,,,,
Total comprehensive income (loss),Total comprehensive income (loss),,,,,,,,,,,,,,,,,,,"(139,018",)
,,,,,,,,,,,,,,,,,,,,,
,,,,,,,,,,,,,,,,,,,,,
,,,,,,,,,,,,,,,,,,,,,
,,,,,,,,,,,,,,,,,,,,,
Conversion of Class A common stock to common stock,Conversion of Class A common stock to common stock,,,(2,),,,2,,,,,,,,,,,,,
,,,,,,,,,,,,,,,,,,,,,
,,,,,,,,,,,,,,,,,,,,,
,,,,,,,,,,,,,,,,,,,,,
,,,,,,,,,,,,,,,,,,,,,
June 1999 IPEC net income,June 1999 IPEC net income,,,,,,,,,,,"(2,232",),,,,,,,"(2,232",)
,,,,,,,,,,,,,,,,,,,,,
,,,,,,,,,,,,,,,,,,,,,
,,,,,,,,,,,,,,,,,,,,,
,,,,,,,,,,,,,,,,,,,,,
Preferred stock dividends paid,Preferred stock dividends paid,,,,,,,,,,,(278,),,,,,,,(278,)
,,,,,,,,,,,,,,,,,,,,,
,,,,,,,,,,,,,,,,,,,,,
,,,,,,,,,,,,,,,,,,,,,
,,,,,,,,,,,,,,,,,,,,,
"Unearned compensation, net","Unearned compensation, net",,,,,,,742,,,,,,,,,,,,742,
,,,,,,,,,,,,,,,,,,,,,
,,,,,,,,,,,,,,,,,,,,,
,,,,,,,,,,,,,,,,,,,,,
,,,,,,,,,,,,,,,,,,,,,
"Exercise of stock options, net of tax benefits and employee stock  plan purchases","Exercise of stock options, net of tax benefits and employee stock  plan purchases",,,,,,,3400,,,,,,,,,,,,3400,
,,,,,,,,,,,,,,,,,,,,,
"Balance at May 31, 1999","Balance at May 31, 1999",,,1,,,,427290,,,,"(180,311",),,,(230,),,,246750,
,,,,,,,,,,,,,,,,,,,,,
,,,,,,,,,,,,,,,,,,,,,
,,,,,,,,,,,,,,,,,,,,,
,,,,,,,,,,,,,,,,,,,,,
Comprehensive income (loss):,Comprehensive income (loss):,,,,,,,,,,,,,,,,,,,,
,,,,,,,,,,,,,,,,,,,,,
,,,,,,,,,,,,,,,,,,,,,
,,,,,,,,,,,,,,,,,,,,,
,,,,,,,,,,,,,,,,,,,,,
,Net earnings (loss),,,,,,,,,,,"(14,178",),,,,,,,"(14,178",)
,,,,,,,,,,,,,,,,,,,,,
,,,,,,,,,,,,,,,,,,,,,
,,,,,,,,,,,,,,,,,,,,,
,,,,,,,,,,,,,,,,,,,,,
,Foreign currency translation adjustments,,,,,,,,,,,,,,,1299,,,,1299,
,,,,,,,,,,,,,,,,,,,,,
,,,,,,,,,,,,,,,,,,,,,
,,,,,,,,,,,,,,,,,,,,,
,,,,,,,,,,,,,,,,,,,,,
,Net unrealized change in investment securities,,,,,,,,,,,,,,,(317,),,,(317,)
,,,,,,,,,,,,,,,,,,,,,
Total comprehensive income (loss),Total comprehensive income (loss),,,,,,,,,,,,,,,,,,,"(13,196",)
,,,,,,,,,,,,,,,,,,,,,
,,,,,,,,,,,,,,,,,,,,,
,,,,,,,,,,,,,,,,,,,,,
,,,,,,,,,,,,,,,,,,,,,
"Exercise of stock options, net of tax benefits and employee stock  plan purchases","Exercise of stock options, net of tax benefits and employee stock  plan purchases",,,,,,,3416,,,,,,,,,,,,3416,
,,,,,,,,,,,,,,,,,,,,,
"Balance at June 3, 2000","Balance at June 3, 2000",,$,1,,,,430706,,,,"(194,489",),,,752,,,,236970,
,,,,,,,,,,,,,,,,,,,,,
