0,1
Exhibit Number,Document
3,"Registrant's Articles of Incorporation and Bylaws, filed on February 4, 1999 as Exhibits to the Registrant's Registration Statement on Form S-8 (File No. 333-71837), are incorporated here in by reference."
4,"Registrant's Specimen Stock Certificate, filed on February 4, 1999 as Exhibit 4 to the Registrant's Registration Statement on Form S-8 (File No. 333-71837), is incorporated herein by reference."
10.1,"Employment Agreement between Marshall Savings and Charles B. Cook, filed on September 23, 1995 as Exhibit 10.2 to Registrant's Registration Statement on Form S-1 (File No. 33-81312), is incorporated herein by reference."
10.2,"Registrant's Employee Stock Ownership Plan, filed on September 23, 1995 as Exhibit 10.3 to Registrant's Registration Statement on Form S-1 (File No. 33-81312), is incorporated herein by reference."
10.3,"Registrant's 1995 Stock Option and Incentive Plan, filed as Exhibit 10(b) to Registrant's Report on Form 10-KSB for the fiscal year ended June 30, 1995 (File No. 0-24898), is incorporated herein by reference."
10.4,"Registrant's Recognition and Retention Plan, filed as Exhibit 10(c) to Registrant's Report on Form 10-KSB for the fiscal year ended June 30, 1995 (File No. 0-24898), is incorporated herein by reference."
10.5,"Registrant's 1997 Stock Option and Incentive Plan, filed as Appendix A to the Registrants Schedule 14A filed on September 26, 1997 (File No. 0-24898)."
11,Statement re: computation of per share earnings (see Notes 1 and 2 of the Notes to Consolidated Financial Statements contained in the Annual Report to Shareholders attached hereto as Exhibit 13).
13,Annual Report to Securityholders
21,"Subsidiaries of the Registrant, filed as Exhibit 21 to the Registrant's Report on Form 10-KSB for the fiscal year ended June 30, 1999 (File No. 0-24898), is incorporated herein by reference."
23,Consent of Accountants
27,Financial Data Schedule (electronic filing only)
