0,1,2,3,4,5,6,7,8,9,10,11,12,13,14,15,16,17,18
,,,,,,,,,,,,,,,,,,
,,,,,,,,,,,,,,,,,,
,,,,Comprehensive,Comprehensive,Comprehensive,,Treasury Stock,Treasury Stock,Treasury Stock,Treasury Stock,Treasury Stock,Treasury Stock,Treasury Stock,,Total,Total,Total
,,,,Income,Income,Income,,,,,,,,,,Stockholders,Stockholders,Stockholders
,,,,(Loss),(Loss),(Loss),,Shares,Shares,Shares,,Par Value,Par Value,Par Value,,Equity,Equity,Equity
,,,,,,,,,,,,,,,,,,
,,,,,,,,,,,,,,,,(Restated),(Restated),(Restated)
,,,,,,,,,,,,,,,,,,
,,,,,,,,,,,,,,,,,,
,,,,,,,,,,,,,,,,,,
,,,,,,,,,,,,,,,,,,
"Balance, December 31, 1996","Balance, December 31, 1996","Balance, December 31, 1996",,,,,,,,,,$,,,,$,264846,
,,,,,,,,,,,,,,,,,,
,,,,,,,,,,,,,,,,,,
,,,,,,,,,,,,,,,,,,
,,,,,,,,,,,,,,,,,,
Exercise of employee stock options and related tax benefit,Exercise of employee stock options and related tax benefit,Exercise of employee stock options and related tax benefit,,,,,,,,,,,,,,,1199,
,,,,,,,,,,,,,,,,,,
,,,,,,,,,,,,,,,,,,
,,,,,,,,,,,,,,,,,,
,,,,,,,,,,,,,,,,,,
Employee stock purchase plan shares,Employee stock purchase plan shares,Employee stock purchase plan shares,,,,,,,,,,,,,,,3292,
,,,,,,,,,,,,,,,,,,
,,,,,,,,,,,,,,,,,,
,,,,,,,,,,,,,,,,,,
,,,,,,,,,,,,,,,,,,
,Net loss,Net loss,,$,"(39,398",),,,,,,,,,,,"(39,398",)
,"Other comprehensive losses, net of tax","Other comprehensive losses, net of tax",,,,,,,,,,,,,,,,
,,,,,,,,,,,,,,,,,,
,,,,,,,,,,,,,,,,,,
,,,,,,,,,,,,,,,,,,
,,,,,,,,,,,,,,,,,,
,,Foreign currency translation adjustment,,,"(1,475",),,,,,,,,,,,"(1,475",)
,,,,,,,,,,,,,,,,,,
,,,,,,,,,,,,,,,,,,
,,,,,,,,,,,,,,,,,,
,,,,,,,,,,,,,,,,,,
,,"Unrealized loss on marketable securities, net of tax of $(3)",,,(893,),,,,,,,,,,,(893,)
,,,,,,,,,,,,,,,,,,
,Other comprehensive losses,Other comprehensive losses,,,"(2,368",),,,,,,,,,,,,
,,,,,,,,,,,,,,,,,,
Comprehensive loss,Comprehensive loss,Comprehensive loss,,$,"(41,766",),,,,,,,,,,,,
,,,,,,,,,,,,,,,,,,
Adjustment to conform MultiLinks fiscal year,Adjustment to conform MultiLinks fiscal year,Adjustment to conform MultiLinks fiscal year,,,,,,,,,,,,,,,394,
,,,,,,,,,,,,,,,,,,
"Balance, December 31, 1997","Balance, December 31, 1997","Balance, December 31, 1997",,,,,,,,,,,,,,,227965,
,,,,,,,,,,,,,,,,,,
,,,,,,,,,,,,,,,,,,
,,,,,,,,,,,,,,,,,,
,,,,,,,,,,,,,,,,,,
Exercise of employee stock options,Exercise of employee stock options,Exercise of employee stock options,,,,,,,,,,,,,,,981,
,,,,,,,,,,,,,,,,,,
,,,,,,,,,,,,,,,,,,
,,,,,,,,,,,,,,,,,,
,,,,,,,,,,,,,,,,,,
Employee stock purchase plan shares,Employee stock purchase plan shares,Employee stock purchase plan shares,,,,,,,,,,,,,,,2348,
,,,,,,,,,,,,,,,,,,
,,,,,,,,,,,,,,,,,,
,,,,,,,,,,,,,,,,,,
,,,,,,,,,,,,,,,,,,
Issuance of shares  Starlight acquisition,Issuance of shares  Starlight acquisition,Issuance of shares  Starlight acquisition,,,,,,,,,,,,,,,14679,
,,,,,,,,,,,,,,,,,,
,,,,,,,,,,,,,,,,,,
,,,,,,,,,,,,,,,,,,
,,,,,,,,,,,,,,,,,,
,Net loss,Net loss,,$,"(55,679",),,,,,,,,,,,"(55,679",)
,Other comprehensive losses,Other comprehensive losses,,,,,,,,,,,,,,,,
,,,,,,,,,,,,,,,,,,
,,,,,,,,,,,,,,,,,,
,,,,,,,,,,,,,,,,,,
,,,,,,,,,,,,,,,,,,
,,Foreign currency translation adjustment,,,(63,),,,,,,,,,,,(63,)
,,,,,,,,,,,,,,,,,,
,,,,,,,,,,,,,,,,,,
,,,,,,,,,,,,,,,,,,
,,,,,,,,,,,,,,,,,,
,,Unrealized gain on marketable securities,,,11,,,,,,,,,,,,11,
,,,,,,,,,,,,,,,,,,
,Other comprehensive losses,Other comprehensive losses,,,(52,),,,,,,,,,,,,
,,,,,,,,,,,,,,,,,,
Comprehensive loss,Comprehensive loss,Comprehensive loss,,$,"(55,731",),,,,,,,,,,,,
,,,,,,,,,,,,,,,,,,
"Balance, December 31, 1998","Balance, December 31, 1998","Balance, December 31, 1998",,,,,,,,,,,,,,,190242,
,,,,,,,,,,,,,,,,,,
,,,,,,,,,,,,,,,,,,
,,,,,,,,,,,,,,,,,,
,,,,,,,,,,,,,,,,,,
Exercise of employee stock options,Exercise of employee stock options,Exercise of employee stock options,,,,,,,,,,,,,,,1844,
,,,,,,,,,,,,,,,,,,
,,,,,,,,,,,,,,,,,,
,,,,,,,,,,,,,,,,,,
,,,,,,,,,,,,,,,,,,
Employee stock purchase plan shares,Employee stock purchase plan shares,Employee stock purchase plan shares,,,,,,,,,,,,,,,1445,
,,,,,,,,,,,,,,,,,,
,,,,,,,,,,,,,,,,,,
,,,,,,,,,,,,,,,,,,
,,,,,,,,,,,,,,,,,,
Treasury stock transactions,Treasury stock transactions,Treasury stock transactions,,,,,,,92065,,,,(556,),,,(556,)
,,,,,,,,,,,,,,,,,,
,,,,,,,,,,,,,,,,,,
,,,,,,,,,,,,,,,,,,
,,,,,,,,,,,,,,,,,,
Issuance of preferred shares to Intel,Issuance of preferred shares to Intel,Issuance of preferred shares to Intel,,,,,,,,,,,,,,,,
,,,,,,,,,,,,,,,,,,
,,,,,,,,,,,,,,,,,,
,,,,,,,,,,,,,,,,,,
,,,,,,,,,,,,,,,,,,
,Net loss,Net loss,,$,"(84,526",),,,,,,,,,,,"(84,526",)
,Other comprehensive losses,Other comprehensive losses,,,,,,,,,,,,,,,,
,,,,,,,,,,,,,,,,,,
,,,,,,,,,,,,,,,,,,
,,,,,,,,,,,,,,,,,,
,,,,,,,,,,,,,,,,,,
,,Foreign currency translation adjustments,,,823,,,,,,,,,,,,823,
,,,,,,,,,,,,,,,,,,
,,,,,,,,,,,,,,,,,,
,,,,,,,,,,,,,,,,,,
,,,,,,,,,,,,,,,,,,
,,Unrealized loss on marketable securities,,,(6,),,,,,,,,,,,(6,)
,,,,,,,,,,,,,,,,,,
,Other comprehensive losses,Other comprehensive losses,,,817,,,,,,,,,,,,,
,,,,,,,,,,,,,,,,,,
Comprehensive loss,Comprehensive loss,Comprehensive loss,,$,"(83,709",),,,,,,,,,,,,
,,,,,,,,,,,,,,,,,,
"Balance, December 31, 1999 (Restated)","Balance, December 31, 1999 (Restated)","Balance, December 31, 1999 (Restated)",,,,,,,92065,,,$,(556,),,$,109266,
,,,,,,,,,,,,,,,,,,
