0,1,2
3.0,,Articles of Incorporation and Bylaws(3)
10.1,,"Teltone Corporation 1983 Stock Option Plan, as amended(1)"
10.2,,Teltone Corporation 1989 Employees' Stock Purchase Plan(2)
10.3,,"Sales agreement covering Kirkland, Washington, property(4)"
10.4,,"Building sublease covering Kirkland, Washington, property(5)"
10.5,,"Building lease covering Bothell, Washington, property(6)"
10.6,,Teltone Corporation 1992 Stock Option Plan(7)
21.0,,List of subsidiaries(4)
23.0,,Consent of Independent Accountants
27.0,,Financial Data Schedules
28.0,,"Building lease covering Bothell, Washington, property(8)"
