Industry Segment and Division or Subsidiary,Unnamed: 1,Location,Unnamed: 3,Approximate Building Area in Square Feet,Unnamed: 5
Food and Beverage,,,,,
Aoste,,"Aoste, France",,746000.0,
Aoste,,"Maclas, France",,387000.0,
Aoste,,"Peyrolles, France",,374000.0,
Aoste,,"St. Symphorien, France",,303000.0,
Bill Mar Foods,,"Zeeland, Michigan",,577000.0,
"Bryan Foods, Inc.",,"West Point, Mississippi",,800000.0,
Duyvis Trade,,"Zaandam, Netherlands",,367000.0,
Hillshire Farm & Kahn's,,"Alexandria, Kentucky",,325000.0,
Hillshire Farm & Kahn's,,"Cincinnati, Ohio",,563000.0,
Hillshire Farm & Kahn's,,"New London, Wisconsin",,565000.0,
Kitchens of Sara Lee U.K. Ltd.,,"East Yorkshire, United Kingdom",,318000.0,
Koninklijke Douwe Egberts B.V.,,"Joure, the Netherlands",,1094000.0,
Koninklijke Douwe Egberts B.V.,,"Utrecht, the Netherlands",,577000.0,
Koninklijke Douwe Egberts B.V.,,"Zaandam, the Netherlands",,367000.0,
Meester,,"Wijhe, Netherlands",,394000.0,
"PYA/Monarch, Inc.",,"Charlotte, North Carolina",,415000.0,
"PYA/Monarch, Inc.",,"Bloomington, Indiana",,321000.0,
"PYA/Monarch, Inc.",,"Lexington, South Carolina",,364000.0,
"PYA/Monarch, Inc.",,"Montgomery, Alabama",,374000.0,
Sara Lee Bakery,,"New Hampton, Iowa",,294000.0,
Sara Lee Bakery,,"Tarboro, North Carolina",,420000.0,
Sara Lee Bakery,,"Traverse City, Michigan",,295000.0,
Sara Lee Bakeries U.K. Ltd.,,"Bridlington, England",,318000.0,
Sara Lee Processed Meats Europe,,"Rio Maior, Portugal",,348000.0,
Sara Lee Meats Europe B.V.,,"Miralcamp, Spain",,260000.0,
Seitz Foods,,"St. Joseph, Missouri",,305000.0,
Superior Coffee,,"Houston, Texas",,331000.0,
Intimates and Underwear,,,,,
Canadelle Limited Partnership,,"Montreal, Canada",,289000.0,
"Champion Products, Inc.",,"Laurel Hill, North Carolina",,368000.0,
"Champion Products, Inc.",,"Dunn, North Carolina",,289000.0,
"Champion Products, Inc.",,"Chihuahua, Mexico",,429000.0,
"Coach, Inc.",,"Jacksonville, Florida",,560000.0,*
Courtalds Textiles,,"Hyde, England",,648000.0,
Courtalds Textiles,,"Nottingham, England",,416000.0,
"Dim, S.A.",,"Autun, France",,328000.0,
Filodoro Calze SpA,,"Casalmoro, Italy",,343000.0,
Filodoro Calze SpA,,"Casalmoro, Italy",,251000.0,
