0,1,2
10.12,,"Conveyance, License, Development and Supply Agreement dated August 8, 1994 between Lifecore Biomedical, Inc. and ETHICON, INC. (pursuant to Rule 24b-2, certain portions of this Exhibit have been omitted and filed separately with the Commission) (incorporated by reference to Exhibit 10.14 to Form 10-K for the year ended June 30, 1994)"
10.13*,,1996 Stock Option Plan (incorporated by reference to Exhibit 4.1 to S-8 Registration Statement [File No. 333-18515])
10.14,,"Amendment No. 2 to Hyaluronan Purchase Agreement dated December 4, 1992 between Lifecore Biomedical, Inc. and Alcon Surgical, Inc. (pursuant to Rule 24b-2, certain portions of this Exhibit have been omitted and filed separately with the Commission) (incorporated by reference to Exhibit 28 to Form 8-K dated December 4, 1992)"
10.15,,"Amendment No. 3 to Hyaluronan Purchase Agreement dated May 12, 1993 between Lifecore Biomedical, Inc. and Alcon Surgical, Inc. (pursuant to Rule 24b-2, certain portions of this Exhibit have been omitted and filed separately with the Commission) (incorporated by reference to Exhibit 10.18 to Form 10-K for the year ended June 30, 1993 as amended on Form 10-K/A dated December 15, 1994)"
10.16,,"Letter Agreement dated October 28, 1992 between the Company and Bio-Interfaces, Inc. (incorporated by reference to Exhibit 28.1 to Form 8-K dated October 5, 1992)"
10.17,,"Stock Purchase Agreement dated August 8, 1994 between Lifecore Biomedical, Inc. and Johnson and Johnson Development Corporation, (incorporated by reference to Exhibit 10.20 to Form 10-K for the year ended June 30, 1994)"
10.18,,"Amendment No. 4 to Hyaluronan Purchase Agreement dated November 29, 1994, between Lifecore Biomedical, Inc. and Alcon Laboratories, Inc. (pursuant to Rule 24b-2, certain portions of this Exhibit have been omitted and filed separately with the Commission) (incorporated by reference to Exhibit 10.21 to Form 10-Q for the quarter ended December 31, 1994)"
10.19,,"Supply Agreement dated December 7, 1994 between Lifecore Biomedical, Inc. and IOLAB Corporation (now Bausch & Lomb Surgical) (pursuant to Rule 24b-2, certain portions of this Exhibit have been omitted and filed separately with the Commission) (incorporated by reference to Exhibit 10.20 to Form 10-K for the year ended June 30, 1995)"
10.20,,"Credit and Security Agreement, dated December 28, 1998, between the U.S. Bank National Association and the Company, (incorporated by reference to Exhibit 10.1 to Form 10-Q for the quarter ended December 31, 1998)"
10.21,,"Amendment No. 1 to Credit and Security Agreement dated February 7, 2000 between U.S. Bank National Association and the Company, filed herewith"
10.22,,"Amendment No. 2 to Credit and Security Agreement dated July 21, 2000 between U.S. Bank National Association and the Company, filed herewith"
23.1,,Consent of Grant Thornton LLP
27,,Financial Data Schedule
99,,Risk Factors
,,
