0,1,2,3,4
,,,,
Exhibit,Exhibit,Exhibit,,
Number,Number,Number,,Description
,,,,
,3.1,,,"Third Restated Certificate of Incorporation (incorporated by 	reference to Exhibit 3.1.4 to Registrants Quarterly 	Report on Form 10-Q for the quarter ended June 27, 	1992)."
,3.1.1,,,"Certificate of designation, preferences and other rights of the 	Series A Preferred Stock of PictureTel Corporation, consisting of  an Amendment to the Certificate of Incorporation (incorporated 	by reference to Exhibit 3.1.1 to Registrants Quarterly  Report on Form 10-Q for the quarter ended April 4, 	1999)."
,3.2,,,"Amended and Restated By-laws (incorporated by reference to 	Exhibit 1 to the Registrants Current Report on 	Form 8-K filed September 14, 1994)."
,4.1,,,"Form of Common Stock Certificate (incorporated by reference to 	Exhibit 4(b) to Registrants Registration Statement on 	Form S-8, Registration Number 33-36315 effective 	August 10, 1990)."
,4.2,,,"Shareholders Rights Agreement between the Company and The 	First National Bank of Boston as Rights Agent, dated March 25, 1992 (incorporated by reference to Exhibit 1 to the 	Registrants Registration of Certain Classes of Securities 	on Form 8-A dated March 26, 1992)."
,4.2.1,,,"Form of Certificate of Designation with respect to Junior 	Preference Stock (incorporated by reference to Exhibit 2 to 	the Registrants Registration of Certain Classes of 	Securities on Form 8-A dated March 26, 1992)."
,4.2.2,,,"Form of Rights Certificate (incorporated by reference to 	Exhibit 3 to the Registrants Registration of Certain 	Classes of Securities on Form 8-A dated March 26, 	1992)."
,4.2.3,,,"Summary of Purchase Rights (incorporated by reference to 	Exhibit 4 to the Registrants Registration of Certain 	Classes of Securities on Form 8-A dated March 26, 	1992)."
,4.2.4,,,"Amendment dated January 13, 1995 to Shareholders 	Rights Agreement (incorporated by reference to Exhibit 4.2.4  to Registrants Annual Report on Form 10-K for the 	year ended December 31, 1994)."
,10.1*,,,"1984 Amended and Restated Stock Option Plan as amended through 	December 13, 1988 (incorporated by reference to 	Exhibit 10.10 to Registrants Annual Report on 	Form 10-K for the year ended December 31, 1988)."
,10.1.1*,,,"Amendment to 1984 Amended and Restated Stock Option Plan dated 	October 26, 1994 (incorporated by reference to 	Exhibit 10.10.1 to Registrants Annual Report on 	Form 10-K for the year ended December 31, 1994)."
,10.2*,,,"PictureTel Corporation Equity Incentive Plan as amended through 	October 26, 1994 (incorporated by reference to 	Exhibit 10.11 to Registrants Annual Report on 	Form 10-K for the year ended December 31, 1994)."
,10.2.1*,,,"Amendment to PictureTel Corporation Equity Incentive Plan dated 	June 29, 1995 (incorporated by reference to Exhibit 10.1 to Registrants Quarterly Report on Form 10-Q for 	the quarter ended July 1, 1995)."
,10.2.2,,,"Amendment to PictureTel Corporation Equity Incentive Plan dated 	October 18, 1996 (incorporated by reference to 	Exhibit 10.3 to Registrants Quarterly Report on 	Form 10-Q for the quarter ended September 27, 1998)."
