0,1
,"Changes in competition and pricing environments: if competition increases in the computer software and service industry (particularly the segment of the industry that supplies governmental units), companies with greater capital reserves and greater diversification may have more options at their disposal for handling increased competition than we do."
,
,"Potential negative side effects stemming from the Company's expansion into new regional markets, including Canada: as a result of this expansion, the Company may face pitfalls that it is not fully aware of considering its lack of experience."
,
,"Reliance on the Company's appraisal contract involving Allegheny County, Pennsylvania: given the size of this contract, many projections may change significantly if this contract is curbed or terminated."
,
,"Pricing and availability of equipment, materials, inventories and programming."
,
,"Changes in existing computer software and service industry laws or the introduction of new laws, regulations or policies that could affect the Company's business practices, including, by way of example, intellectual property laws and laws affecting software providers' liability: these laws, regulations or policies could impact the computer software and service industry as a whole, or could impact only those portions of the computer software and service industry in which we are currently active, for example, privacy laws regulating how governmental units store and provide access to information; in either case, the Company's profitability could be injured due to an industry-wide market decline or due to the Company's inability to compete with other computer software and service industry companies that are unaffected by these laws, regulations or policies."
,
,Changes in technology that render our products obsolete or incompatible with hardware or other software.
,
,"The Company's success in and expense associated with the development, production, testing, marketing and shipping of products, including a failure to ship new products and technologies - -19- when anticipated, failure of customers to accept these products and technologies when planned and any defects in products."
,
,The Company's ability to implement successfully its business strategy of developing and licensing client/server decision support applications software designed to address specific industry markets.
,
,"The Company's ability to assess future revenue: the Company's expense levels are based, in part, on its expectations as to future revenue and a significant portion of the Company's expenses do not vary with revenue; as a result, if revenue is below expectations, results of operations are likely to be materially adversely affected."
,
,Continued availability of third party software and technology incorporated in the Company's products.
,
,"Potential negative impact of the fact that purchase of the Company's products is relatively discretionary and generally involves a significant commitment of capital; in the event of any downturn in any potential customer's business or the economy in general, purchases of the Company's products may be deferred or canceled."
