Unnamed: 0_level_0,Unnamed: 1_level_0,Unnamed: 2_level_0,2000,2000,Unnamed: 5_level_0,1999,1999
Unnamed: 0_level_1,Unnamed: 1_level_1,Unnamed: 2_level_1,In Thousands,In Thousands.1,In Thousands,In Thousands,In Thousands.1
Deferred tax assets,Deferred tax assets,,,,,,
,Employee benefits and severance,,$,105.0,,$,119.0
,Inventory and receivable allowances,,,16.0,,,77.0
,Warranty and contingency reserves,,,86.0,,,86.0
,,,,,,,
Total deferred tax assets,Total deferred tax assets,,$,207.0,,$,282.0
Deferred tax liabilities,Deferred tax liabilities,,,,,,
,Property and equipment,,$,61.0,,$,59.0
,,,,,,,
Total deferred tax liabilities,Total deferred tax liabilities,,,61.0,,,59.0
,,,,,,,
,Net deferred tax assets,,$,146.0,,$,233.0
,,,,,,,
