0,1,2,3,4,5,6,7,8,9
,,,,,,,,,
,,,,,,,,,
,,,Fiscal Year Ended June 30,Fiscal Year Ended June 30,Fiscal Year Ended June 30,Fiscal Year Ended June 30,Fiscal Year Ended June 30,Fiscal Year Ended June 30,Fiscal Year Ended June 30
,,,,,,,,,
,,,1999,1999,1999,,2000,2000,2000
,,,,,,,,,
"Wages, related expenses and benefits","Wages, related expenses and benefits",,$,807123,,,$,1229433,
,,,,,,,,,
,,,,,,,,,
,,,,,,,,,
,,,,,,,,,
Patents and related expenses,Patents and related expenses,,,50853,,,,75157,
,,,,,,,,,
,,,,,,,,,
,,,,,,,,,
,,,,,,,,,
Outside consultants,Outside consultants,,,263145,,,,360341,
,,,,,,,,,
,,,,,,,,,
,,,,,,,,,
,,,,,,,,,
Rent-building and utilities,Rent-building and utilities,,,86753,,,,88812,
,,,,,,,,,
,,,,,,,,,
,,,,,,,,,
,,,,,,,,,
Insurance-general and directors/officers liability,Insurance-general and directors/officers liability,,,46292,,,,49211,
,,,,,,,,,
,,,,,,,,,
,,,,,,,,,
,,,,,,,,,
"Selling, marketing and promotion, including applicable wages","Selling, marketing and promotion, including applicable wages",,,316416,,,,1036878,
,,,,,,,,,
,,,,,,,,,
,,,,,,,,,
,,,,,,,,,
Depreciation and amortization,Depreciation and amortization,,,75413,,,,106150,
,,,,,,,,,
,,,,,,,,,
,,,,,,,,,
,,,,,,,,,
Clinical trials (FDA),Clinical trials (FDA),,,,,,,66811,
,,,,,,,,,
,,,,,,,,,
,,,,,,,,,
,,,,,,,,,
Other-general and administrative,Other-general and administrative,,,649429,,,,499971,
,,,,,,,,,
,"Total selling, general and administrative expenses",,$,2295424,,,$,3512764,
,,,,,,,,,
