Unnamed: 0,Unnamed: 1,Unnamed: 2,Unnamed: 3,"June 30, 2000","June 30, 2000.1",Unnamed: 6,"June 30, 1999","June 30, 1999.1",Unnamed: 9
Deferred tax assets,Deferred tax assets,Deferred tax assets,,,,,,,
,Net operating loss carryforwards,Net operating loss carryforwards,,$,4151000,,$,4158000,
,Amortization,Amortization,,,223000,,,255000,
,Tax credits,Tax credits,,,,,,183000,
,Accrued liabilities,Accrued liabilities,,,113000,,,83000,
,Deferred revenue,Deferred revenue,,,26000,,,,
,Inventory allowances,Inventory allowances,,,13000,,,63000,
,Other,Other,,,24000,,,33000,
,,,,,,,,,
,,,,$,4550000,,$,4775000,
,,,,,,,,,
Deferred tax liabilities,Deferred tax liabilities,Deferred tax liabilities,,,"(26,000",),,"(24,000",)
,,,,,,,,,
,Depreciation,Depreciation,,,"(26,000",),,"(24,000",)
,,,,,,,,,
,,,,,4524000,,,4751000,
Less: Valuation allowance,Less: Valuation allowance,Less: Valuation allowance,,,"(4,524,000",),,"(4,751,000",)
,,,,,,,,,
Net deferred tax asset,Net deferred tax asset,Net deferred tax asset,,$,,,$,,
,,,,,,,,,
