Unnamed: 0_level_0,Unnamed: 1_level_0,Unnamed: 2_level_0,"In Thousands, except per share data","In Thousands, except per share data","In Thousands, except per share data","In Thousands, except per share data","In Thousands, except per share data",Unnamed: 8_level_0
Unnamed: 0_level_1,Unnamed: 1_level_1,Unnamed: 2_level_1,Year Ended June 30,Year Ended June 30,Year Ended June 30,Year Ended June 30,Year Ended June 30,Unnamed: 8_level_1
Unnamed: 0_level_2,Unnamed: 1_level_2,Unnamed: 2_level_2,2000,2000.1,Unnamed: 5_level_2,1999,1999.1,Unnamed: 8_level_2
Net sales,Net sales,,$,19807,,$,17585,
Cost of goods sold,Cost of goods sold,,,12928,,,11225,
,,,,,,,,
Gross profit,Gross profit,,,6879,,,6360,
Operating expenses,Operating expenses,,,,,,,
,Administrative,,,1931,,,1759,
,Selling,,,2874,,,2577,
,Research and development,,,524,,,526,
,Garrett acquisition (Note 8),,,380,,,,
,,,,,,,,
Total operating expenses,Total operating expenses,,,5709,,,4862,
Operating income,Operating income,,,1170,,,1498,
Other income,Other income,,,,,,,
,Interest income,,,138,,,138,
,Interest expense,,,(4,),,(5,)
,"Other income, net",,,1,,,(7,)
,,,,,,,,
Income before income taxes,Income before income taxes,,,1305,,,1624,
Income tax provision (Note 6),Income tax provision (Note 6),,,468,,,618,
,,,,,,,,
Net income,Net income,,$,837,,$,1006,
Net income per sharebasic (Note 1 N),Net income per sharebasic (Note 1 N),,$,.57,,$,.68,
Net income per sharediluted (Note 1 N),Net income per sharediluted (Note 1 N),,$,.55,,$,.67,
,,,,,,,,
Weighted average number of shares outstandingbasic,Weighted average number of shares outstandingbasic,,,1475590,,,1469348,
Weighted average number of shares outstandingdiluted,Weighted average number of shares outstandingdiluted,,,1514447,,,1500757,
,,,,,,,,
