0,1,2,3,4
,,,,
Exhibit No.,Exhibit No.,Exhibit No.,,Description
,,,,
,3.1,,, Articles of Incorporation*
,3.2,,, Bylaws*
,3.3,,," Articles of Amendment to Articles of Incorporation, 	dated June 2, 1998*"
,4.1,,, Specimen of Common Stock Certificate*
,4.2,,, Form of Warrant Agreement*
,4.3,,, Specimen of Warrant Certificate*
,4.4,,, Specimen of Unit Certificate*
,10.1,,, 1995 Long-Term Incentive and Stock Option Plan*#
,10.2,,, 1998 Stock Option Plan*#
,10.3,,, Form of Stock Option Agreement for 1998 Stock Option 	Plan*#
,10.4,,," Research and License Agreement between the Company 	and the Regents of the University of Minnesota, dated 	September 23, 1988*"
,10.5,,," Employment Agreement between Charles F. Chesney, 	D.V.M., Ph.D., R.A.C. and the Company, dated October 30, 	1995*#"
,10.6,,," Consulting Agreement between Jay N. Cohn, M.D. and 	the Company, dated October 30, 1995*#"
,10.7,,," Amended Consulting Agreement between Jay N. Cohn, 	M.D. and the Company dated effective August 31, 1998**#"
,10.8,,," Consulting Agreement between Stanley M. Finkelstein, 	Ph.D. and the Company, dated October 30, 1995*"
,10.9,,," Consulting Agreement between Melville R. Bois and the  Company, dated January 1, 1996*#"
,10.10,,," Office Lease Agreement, dated as of October 24, 	1997*"
,10.11,,," Manufacturing Services Agreement between Altron, Inc.  and the Company, dated July 15, 1997.*"
,10.12,,," Manufacturing Services Agreement between Apollo 	Research Corporation and the Company, dated May 14, 1998.*"
,10.13,,," April 16, 1999, Amendment to Employment 	Agreement of Charles F. Chesney, D.V.M., Ph.D., R.A.C. *** #"
,10.17,,," Employment Agreement between Dennis L. Sellke and the  Company, dated December 22, 1999  #"
,10.18,,," Employment Agreement between Charles F. Chesney, 	D.V.M and the Company, dated December 22, 1999  #"
,10.19,,," Employment Agreement between Greg H. Guettler and the  Company, dated December 22, 1999  #"
,10.20,,," Employment Agreement between James S. Murphy and the 	Company, dated December 22, 1999  #"
,23.1,,, Consent of Independent Auditor
,27,,, Financial Data Schedule
