Name,Unnamed: 1,"Age at October 26, 2000",Unnamed: 3,Offices and Positions Held,Unnamed: 5,First Elected an Officer
John H. Bryan,,64,,Chairman of the Board,,3/28/74
C. Steven McMillan,,54,,"President, Chief Executive Officer and Director",,3/31/83
Cary D. McMillan,,42,,"Executive Vice President, Chief Financial and Administrative Officer and Director",,11/10/99
Frank L. Meysman,,48,,Executive Vice President and Director,,6/26/92
Paul J. Lustig,,50,,Executive Vice President,,7/1/93
James R. Carlson,,58,,Senior Vice President,,1/29/88
Gary C. Grom,,53,,Senior Vice President  Human Resources,,10/25/90
Roderick A. Palmore,,48,,"Senior Vice President, General Counsel and Secretary",,3/28/96
Mark J. McCarville,,54,,Senior Vice President  Corporate Development,,6/24/82
