0,1,2
"(in millions, except share data)",2000,1999
,,
ASSETS,,
Current assets:,,
Cash and  cash equivalents,$ 9.5,$ 5.5
"Accounts  receivable, net of allowance for  doubtful accounts of $2.2 and $1.9 at  June 30, 2000 and 1999, respectively",187.0,150.6
Inventories,270.2,250.3
Other  current assets,16.3,16.3
Total  current assets,483.0,422.7
"Property,  plant and equipment, net",789.9,750.4
Prepaid  pension cost,185.2,140.5
"Goodwill,  net",172.3,179.2
Other assets,115.5,115.0
Total assets,"$1,745.9","$1,607.8"
,,
LIABILITIES,,
Current liabilities:,,
Short-term  debt,$  219.9,$  140.0
Accounts  payable,97.3,59.6
Accrued  liabilities,61.2,70.9
Deferred  income taxes,5.6,1.3
Current  portion of long-term debt,10.4,15.4
Total  current liabilities,394.4,287.2
"Long-term debt, net of  current portion",352.3,355.0
Accrued postretirement  benefits,152.3,146.2
Deferred income taxes,158.0,149.8
Other liabilities,35.3,37.1
,,
SHAREHOLDERS' EQUITY,,
"Preferred stock -  authorized 2,000,000 shares",26.0,26.8
"Common stock -  authorized 100,000,000 shares",115.4,115.3
Capital in excess of par  value - common stock,192.2,191.9
Reinvested earnings,388.0,365.5
"Common stock in  treasury, at cost",(38.4),(38.4)
Deferred compensation,(14.1),(16.4)
Accumulated other  comprehensive income,(15.5),(12.2)
Total  shareholders' equity,653.6,632.5
Total liabilities and  shareholders' equity,"$1,745.9","$1,607.8"
