Name and Business Experience,Unnamed: 1,Age,Unnamed: 3,Position
"Debra L. Griffith VP Finance & CFO, 1998-2000 Carver Corporation, 1996-1998 Teltone Corporation, 1983-1996 Deloitte Haskins & Sells, 1980-1983",,41.0,,"President & CEO,  Acting Chief Financial Officer Effective August 17, 2000"
"Richard G. Johnson Director of Manufacturing, 1983-1987 Senior Operations Manager, 1982-1983 Manufacturing Manager, 1977-1982",,56.0,,"Vice President, Operations Effective February 25, 1987"
"Ray Ma Director of Engineering, 1989-1995 Engineering Manager, 1976-1989 Design Engineer, 1972-1976",,54.0,,"Vice President Engineering Effective March 1, 1995"
"Mark Blazek VP Sales & Marketing, 1997-2000 Market Group Manager, 1994-1997 GN Netcom, 1988-1994 Industrial Servo, Inc., 1986-1988",,36.0,,"Sr. Vice President Corporate Development Effective August 25, 2000"
"Peter C. Spratt Secretary 1991-1995 Preston Gates & Ellis, 1990-1995 Touche Ross & Co., 1985-1987 Shidler McBroom Gates & Lucas, 1982-1985",,45.0,,"Secretary & General Counsel Effective June 12, 1995"
,,,,
