Exhibit No.,Unnamed: 1,Description
3(a),,"Restated Articles of Incorporation of the Company, as amended [filed as Exhibit 3(a) to the Company's Annual Report on Form 10-K for the year ended April 30, 1988 and incorporated herein by reference]; Amendments adopted September 9, 1993 and June 20, 1996 [filed as Exhibit 3(a) to the Company's Annual Report on Form 10-K for the year ended April 30, 1996 and incorporated herein by reference]"
3(b),,"Bylaws of the Company [filed as Exhibit 3(b) to the Company's Annual Report on Form 10-K for the year ended April 30, 1993 and Incorporated herein by reference]; Amendments adopted August 8, 1995 [filed as Exhibit 3(b) to the Company's Annual Report on Form 10-K for the year ended April 30, 1996 and incorporated herein by reference]; Amendments adopted September 20, 1995, July 30, 1996 and April 9, 1997 [filed as Exhibit 3(b) to the Company's Annual Report on Form 10-K for the year ended April 30, 1998 and incorporated herein by reference]"
3(c),,"Rights Agreement dated May 17, 1988 between Norstan, Inc. and Norwest Bank Minnesota, N.A. [filed as Exhibit 1 to the Company's Registration Statement on Form 8-A and incorporated herein by reference]; Amended and Restated Rights Agreement dated April 1, 1998 [filed as Exhibit 1 to the Company's Registration Statement on Form 8-A/A (Amendment No. 1) dated April 1, 1998 and incorporated herein by reference]; First Amendment to Amended and Restated Rights Agreement dated February 28, 1999 [filed as Exhibit 4.1 to the Company's Registration Statement on Form 8-A/A (Amendment No. 2) dated April 21, 1999 and incorporated herein by reference]"
10(a),,"Agreement for ROLM Authorized Distributors, effective July 27, 1993, between Norstan Communications, Inc. and ROLM Company [filed as Exhibit 10(a) to the Company's Annual Report on Form 10-K for the year ended April  30, 1993 and incorporated herein by reference]"
10(b),,"Credit Agreement dated as of July 23, 1996, among Norstan, Inc., First Bank National Association, and Harris Trust and Savings Bank and the Sumitomo Bank Limited, Chicago Branch; First Amendment to Credit Agreement dated October 11, 1996 [filed as Exhibit 10 to the Company's quarterly report on Form 10-Q for the period ended August 3, 1996 and incorporated herein by reference]"
10(c),,"Loan and Security Agreement dated April 29, 1993, between Norstan Financial Services, Inc. and Sanwa Business Credit Corporation [filed as Exhibit 10(b) to the Company's Current Report on Form 8-K, dated April  29, 1993 and incorporated herein by reference]; First Amendment dated December 30, 1993 [filed as Exhibit 10(c) to the Company's Annual Report on Form 10-K for the year ended April 30, 1994 and incorporated herein by reference]"
10(d)(1),,"1990 Employee Stock Purchase Plan of Norstan, Inc., as amended May 29, 1998 [filed as Exhibit 10(d)(1) to the Company's Annual Report on Form 10-K for the year ended April 30, 1998 and incorporated herein by reference]"
10(e)(1),,"Norstan, Inc. 1986 Long-Term Incentive Plan, as amended [filed as Exhibit 10(e) to the Company's Annual Report on Form 10-K for the year ended April 30, 1993 and incorporated herein by reference]; Amendments adopted August 8, 1995 and July 30, 1996 [filed as Exhibit10(e) to the Company's Annual Report on Form 10-K for the year ended April 30, 1996 and incorporated herein by reference]"
