0,1,2,3,4,5
,"At June 30,","At June 30,","At June 30,","At June 30,","At June 30,"
,(In thousands),(In thousands),(In thousands),(In thousands),(In thousands)
FINANCIAL CONDITION DATA:,2000,1999,1998,1997,1996
Total assets,"$184,391","$164,972","$155,947","$160,393","$159,848"
"Loans receivable, net",138425,118249,119083,107783,95535
Mortgage-backed securities,12956,16900,14154,26236,35037
"Cash, interest-bearing deposits and investment securities",26425,25048,18324,21638,24459
Deposits,123920,120155,109410,118705,120138
Borrowings,37000,20550,21069,13535,11550
Stockholders' equity,21457,22629,24112,26400,26227
