Unnamed: 0_level_0,Unnamed: 1_level_0,"Year Ended June 30,","Year Ended June 30,","Year Ended June 30,","Year Ended June 30,","Year Ended June 30,","Year Ended June 30,","Year Ended June 30,","Year Ended June 30,"
(in thousands of dollars),Unnamed: 1_level_1,2000,2000.1,Unnamed: 4_level_1,1999,1999.1,Unnamed: 7_level_1,1998,1998.1
Cash flows from operating activities:,,,,,,,,,
Net earnings,,"$ 23,442",,,"$ 19,668",,,"$ 12,858",
,,,,,,,,,
Adjustments to reconcile net earnings to net cash provided by (used in)  operating activities:,,,,,,,,,
Equity in net loss of investees,,,,,353,,,439,
Depreciation and amortization,,20878,,,18285,,,12050,
Provision for losses on receivables,,9477,,,6301,,,4735,
Net gain on sale of financing transactions,,"(25,728",),,"(29,813",),,"(20,977",)
Loss on disposition of furniture and fixtures,,164,,,,,,,
Minority interest in net loss of consolidated subsidiaries,,(67,),,(471,),,(126,)
Unrealized gain on investments,,(211,),,,,,,
Cumulative translation adjustments,,(357,),,"(1,401",),,(572,)
Deferred income taxes,,13788,,,17303,,,10783,
Changes in assets and liabilities:,,,,,,,,,
(Increases) decreases in:,,,,,,,,,
Restricted cash and cash equivalents,,"(36,947",),,10838,,,"(15,067",)
Accounts receivable,,"(6,950",),,"(16,006",),,"(6,456",)
Other assets,,"(6,214",),,"(21,012",),,"(10,874",)
Increases (decreases) in:,,,,,,,,,
Accounts payable,,4720,,,"(5,641",),,4635,
Accrued expenses and other liabilities,,(446,),,6498,,,3729,
,,,,,,,,,
Total adjustments,,"(27,893",),,"(14,766",),,"(17,701",)
,,,,,,,,,
Net cash (used in) provided by operating activities,,"(4,451",),,4902,,,"(4,843",)
,,,,,,,,,
Cash flows from investing activities:,,,,,,,,,
Acquisition of businesses (net of cash received),,"(3,280",),,"(77,506",),,,
Receivables originated or purchased,,"(740,946",),,"(749,862",),,"(530,052",)
,,,,,,,,,
Portfolio receipts net of amounts included in income and proceeds from  sale of financing transactions,,637216,,,658055,,,473018,
Net increase in notes collateralized by medical receivables,,"(65,647",),,"(50,011",),,"(51,667",)
Furniture and fixtures additions,,"(1,312",),,"(2,192",),,"(2,897",)
Investment in common and preferred stock of investees,,(705,),,"(8,479",),,"(1,148",)
Cash received from sale of investments in investees,,,,,4482,,,549,
,,,,,,,,,
Net cash used in investing activities,,"(174,674",),,"(225,513",),,"(112,197",)
,,,,,,,,,
Cash flows from financing activities:,,,,,,,,,
Exercise of stock options and warrants,,690,,,1117,,,1756,
"Issuance of common stock, net of issuance costs",,,,,(199,),,57933,
"Borrowings under warehouse facilities, net of repayments",,16279,,,187370,,,37861,
Borrowings under long-term debt,,338873,,,151562,,,156884,
Repayments on long-term debt,,"(176,059",),,"(128,736",),,"(125,343",)
,,,,,,,,,
Net cash provided by financing activities,,179783,,,211114,,,129091,
,,,,,,,,,
