Unnamed: 0,Unnamed: 1,Unnamed: 2,Unnamed: 3,2000,2000.1,Unnamed: 6,1999(2),1999(2).1,Unnamed: 9,1998,1998.1
Assets,Assets,Assets,,,,,,,,,
Sara Lee Foods,Sara Lee Foods,Sara Lee Foods,,$,2310.0,,$,2173.0,,$,2157.0
Beverage,Beverage,Beverage,,,1967.0,,,1187.0,,,1434.0
Household Products,Household Products,Household Products,,,1464.0,,,1839.0,,,2053.0
Intimates and Underwear,Intimates and Underwear,Intimates and Underwear,,,4902.0,,,4642.0,,,4627.0
,,,,,,,,,,,
,,,,,10643.0,,,9841.0,,,10271.0
"Other(6,7)","Other(6,7)","Other(6,7)",,,968.0,,,451.0,,,513.0
,,,,,,,,,,,
,Total assets,Total assets,,$,11611.0,,$,10292.0,,$,10784.0
,,,,,,,,,,,
Depreciation,Depreciation,Depreciation,,,,,,,,,
Sara Lee Foods,Sara Lee Foods,Sara Lee Foods,,$,119.0,,$,98.0,,$,109.0
Beverage,Beverage,Beverage,,,81.0,,,69.0,,,62.0
Household Products,Household Products,Household Products,,,31.0,,,31.0,,,38.0
Intimates and Underwear,Intimates and Underwear,Intimates and Underwear,,,154.0,,,141.0,,,182.0
,,,,,,,,,,,
,,,,,385.0,,,339.0,,,391.0
Other,Other,Other,,,17.0,,,13.0,,,18.0
,,,,,,,,,,,
,Total depreciation,Total depreciation,,$,402.0,,$,352.0,,$,409.0
,,,,,,,,,,,
Additions to long-lived assets,Additions to long-lived assets,Additions to long-lived assets,,,,,,,,,
Sara Lee Foods,Sara Lee Foods,Sara Lee Foods,,$,316.0,,$,193.0,,$,257.0
Beverage,Beverage,Beverage,,,399.0,,,171.0,,,187.0
Household Products,Household Products,Household Products,,,76.0,,,129.0,,,328.0
Intimates and Underwear,Intimates and Underwear,Intimates and Underwear,,,386.0,,,231.0,,,169.0
,,,,,,,,,,,
,,,,,1177.0,,,724.0,,,941.0
Other,Other,Other,,,18.0,,,2.0,,,3.0
,,,,,,,,,,,
,Total additions to long-lived assets,Total additions to long-lived assets,,$,1195.0,,$,726.0,,$,944.0
,,,,,,,,,,,
