0,1,2,3
,,,Page Number
PART  I,,,3
,Item  1,Business,3
,Item  2,Properties,8
,Item  3,Legal Proceedings,9
,Item 4,Submission of Matters to  a Vote of Security Holders,9
,,,
PART  II,,,12
,Item 5,Market for Registrant's  Common Stock  and Related Stockholder Matters,12
,Item  6,Selected Financial  Data,13
,Item 7,Management's Discussion  and Analysis of  Financial Condition and Results of Operations  Operations,14
,Item  8,Financial Statements  and Supplementary Data,22
,Item 9,Disagreements on  Accounting and Financial  Disclosure,57
,,,
PART  III,,,58
,Item  10,Directors and  Executive Officers of the Registrant,58
,Item  11,Executive  Compensation,58
,Item  12,Security Ownership of  Certain Beneficial Owners  and Management,58
,Item  13,Certain Relationships  and Related Transactions,58
,,,
PART  IV,,,59
,Item  14,"Exhibits, Financial  Statement Schedules and  Reports on Form 8-K",59
,,,
SIGNATURES,,,61
,,,
EXHIBIT  INDEX,,,E-1
