(in thousands of dollars except share data),Unnamed: 1,"June 30, 2000","June 30, 2000.1",Unnamed: 4,"June 30, 1999","June 30, 1999.1"
Accounts payable,,"$ 64,036",,,"$ 63,010",
Accrued expenses and other liabilities,,24749,,,24769,
Borrowings under warehouse facilities,,306610,,,270434,
Long-term debt:,,,,,,
Discounted receivables (primarily limited recourse),,424759,,,276560,
9 7 /8% Senior notes due 2004,,155000,,,155000,
Other debt,,71168,,,56553,
Convertible subordinated notes,,13900,,,13900,
,,,,,,
Total long-term debt,,664827,,,502013,
,,,,,,
Deferred income taxes,,50414,,,36696,
Total liabilities,,1110636,,,896922,
Commitments and contingencies (Note 14),,,,,,
Minority interest in consolidated subsidiaries,,7785,,,7703,
Shareholders equity:,,,,,,
"Preferred stock, $10.00 par value; authorized 100,000 shares; no shares issued",,,,,,
"Common stock, $.005 par value; authorized 25,000,000 shares; outstanding  14,222,974 and 14,168,608 shares, respectively",,71,,,71,
Additional capital,,135346,,,134610,
Retained earnings,,82497,,,59055,
Accumulated other comprehensive loss,,"(2,551",),,"(2,089",)
,,,,,,
Total shareholders equity,,215363,,,191647,
,,,,,,
Total liabilities and shareholders equity,,"$1,333,784",,,"$1,096,272",
,,,,,,
