Unnamed: 0_level_0,Unnamed: 1_level_0,"Expected Maturity Date  Year Ended June 30,","Expected Maturity Date  Year Ended June 30,","Expected Maturity Date  Year Ended June 30,","Expected Maturity Date  Year Ended June 30,","Expected Maturity Date  Year Ended June 30,","Expected Maturity Date  Year Ended June 30,","Expected Maturity Date  Year Ended June 30,","Expected Maturity Date  Year Ended June 30,","Expected Maturity Date  Year Ended June 30,","Expected Maturity Date  Year Ended June 30,","Expected Maturity Date  Year Ended June 30,","Expected Maturity Date  Year Ended June 30,","Expected Maturity Date  Year Ended June 30,","Expected Maturity Date  Year Ended June 30,",Unnamed: 16_level_0,There- after,There- after,Unnamed: 19_level_0,Total,Total,Unnamed: 22_level_0,Fair Value,Unnamed: 24_level_0,Unnamed: 25_level_0,Unnamed: 26_level_0,Unnamed: 27_level_0,Unnamed: 28_level_0,Unnamed: 29_level_0,Unnamed: 30_level_0,Unnamed: 31_level_0,Unnamed: 32_level_0,Unnamed: 33_level_0,Unnamed: 34_level_0,Unnamed: 35_level_0,Unnamed: 36_level_0,Unnamed: 37_level_0,Unnamed: 38_level_0,Unnamed: 39_level_0,Unnamed: 40_level_0,Unnamed: 41_level_0,Unnamed: 42_level_0,Unnamed: 43_level_0,Unnamed: 44_level_0,Unnamed: 45_level_0,Unnamed: 46_level_0,Unnamed: 47_level_0
(in thousands of dollars),Unnamed: 1_level_1,2000,2000.1,Unnamed: 4_level_1,2001,2001.1,Unnamed: 7_level_1,2002,2002.1,Unnamed: 10_level_1,2003,2003.1,Unnamed: 13_level_1,2004,2004.1,There- after,There- after,Total,Total,Fair Value,Unnamed: 21_level_1,Unnamed: 22_level_1,Unnamed: 23_level_1,Unnamed: 24_level_1,Unnamed: 25_level_1,Unnamed: 26_level_1,Unnamed: 27_level_1,Unnamed: 28_level_1,Unnamed: 29_level_1,Unnamed: 30_level_1,Unnamed: 31_level_1,Unnamed: 32_level_1,Unnamed: 33_level_1,Unnamed: 34_level_1,Unnamed: 35_level_1,Unnamed: 36_level_1,Unnamed: 37_level_1,Unnamed: 38_level_1,Unnamed: 39_level_1,Unnamed: 40_level_1,Unnamed: 41_level_1,Unnamed: 42_level_1,Unnamed: 43_level_1,Unnamed: 44_level_1,Unnamed: 45_level_1,Unnamed: 46_level_1,Unnamed: 47_level_1
,,,,,,,,,,,,,,,,,,,,,,,,,,,,,,,,,,,,,,,,,,,,,,,
,,,,,,,,,,,,,,,,,,,,,,,,,,,,,,,,,,,,,,,,,,,,,,,
Foreign Currency Sensitive Assets:,,,,,,,,,,,,,,,,,,,,,,,,,,,,,,,,,,,,,,,,,,,,,,,
,,,,,,,,,,,,,,,,,,,,,,,,,,,,,,,,,,,,,,,,,,,,,,,
,,,,,,,,,,,,,,,,,,,,,,,,,,,,,,,,,,,,,,,,,,,,,,,
Fixed rate receivables in  installments (EUR),,"$ 3,512",,,"$ 2,910",,,"$2,613",,,"$1,278",,,"$ 1,008",,,$ 774,,,"$ 12,095",,,"$ 11,440",,,,,,,,,,,,,,,,,,,,,,,,
Average interest rate,,8.99,%,,9.14,%,,9.18,%,,9.65,%,,9.45,%,,9.09,%,,8.99,%,,,,,,,,,,,,,,,,,,,,,,,,,,
,,,,,,,,,,,,,,,,,,,,,,,,,,,,,,,,,,,,,,,,,,,,,,,
,,,,,,,,,,,,,,,,,,,,,,,,,,,,,,,,,,,,,,,,,,,,,,,
Derivatives Matched Against Assets:,,,,,,,,,,,,,,,,,,,,,,,,,,,,,,,,,,,,,,,,,,,,,,,
,,,,,,,,,,,,,,,,,,,,,,,,,,,,,,,,,,,,,,,,,,,,,,,
,,,,,,,,,,,,,,,,,,,,,,,,,,,,,,,,,,,,,,,,,,,,,,,
Foreign Exchange Agreements,,,,,,,,,,,,,,,,,,,,,,,,,,,,,,,,,,,,,,,,,,,,,,,
Receive US$ / Pay EUR,,"$13,938",,,,,,,,,,,,,,,,,,"$ 13,938",,,$ 780,,,,,,,,,,,,,,,,,,,,,,,,
Avg. contractual exchange rate,,1.09,,,,,,,,,,,,,,,,,,1.09,,,,,,,,,,,,,,,,,,,,,,,,,,,
,,,,,,,,,,,,,,,,,,,,,,,,,,,,,,,,,,,,,,,,,,,,,,,
,,,,,,,,,,,,,,,,,,,,,,,,,,,,,,,,,,,,,,,,,,,,,,,
Foreign Currency Sensitive Liabilities:,,,,,,,,,,,,,,,,,,,,,,,,,,,,,,,,,,,,,,,,,,,,,,,
,,,,,,,,,,,,,,,,,,,,,,,,,,,,,,,,,,,,,,,,,,,,,,,
,,,,,,,,,,,,,,,,,,,,,,,,,,,,,,,,,,,,,,,,,,,,,,,
Warehouse borrowings (EUR),,"$ 9,263",,,,,,,,,,,,,,,,,,"$ 9,263",,,"$ 9,263",,,,,,,,,,,,,,,,,,,,,,,,
Average interest rate,,4.49,%,,,,,,,,,,,,,,,,,4.49,%,,,,,,,,,,,,,,,,,,,,,,,,,,
,,,,,,,,,,,,,,,,,,,,,,,,,,,,,,,,,,,,,,,,,,,,,,,
,,,,,,,,,,,,,,,,,,,,,,,,,,,,,,,,,,,,,,,,,,,,,,,
Warehouse borrowings (AUD),,"$ 1,939",,,,,,,,,,,,,,,,,,"$ 1,939",,,"$ 1,939",,,,,,,,,,,,,,,,,,,,,,,,
Average interest rate,,6.11,%,,,,,,,,,,,,,,,,,6.11,%,,,,,,,,,,,,,,,,,,,,,,,,,,
,,,,,,,,,,,,,,,,,,,,,,,,,,,,,,,,,,,,,,,,,,,,,,,
,,,,,,,,,,,,,,,,,,,,,,,,,,,,,,,,,,,,,,,,,,,,,,,
Warehouse borrowings (GBP),,,,,"$ 4,887",,,,,,,,,,,,,,,"$ 4,887",,,"$ 4,887",,,,,,,,,,,,,,,,,,,,,,,,
Average interest rate,,,,,6.73,%,,,,,,,,,,,,,,6.73,%,,,,,,,,,,,,,,,,,,,,,,,,,,
,,,,,,,,,,,,,,,,,,,,,,,,,,,,,,,,,,,,,,,,,,,,,,,
Totals,,"$11,202",,,"$ 4,887",,,,,,,,,,,,,,,"$16,089",,,"$ 16,089",,,,,,,,,,,,,,,,,,,,,,,,
,,,,,,,,,,,,,,,,,,,,,,,,,,,,,,,,,,,,,,,,,,,,,,,
Average interest rate,,4.77,%,,6.73,%,,,,,,,,,,,,,,5.37,%,,,,,,,,,,,,,,,,,,,,,,,,,,
,,,,,,,,,,,,,,,,,,,,,,,,,,,,,,,,,,,,,,,,,,,,,,,
