0,1,2,3,4
,,,,
,,,,
,,,,
,,,,
,,,,
"Temporary investments (U.S. Government obligations/notes and U.S.  Government money market funds; other short-term, high quality, 	interest-bearing instruments)",,$,4018745.0,
,,,,
,,,,
,,,,
,,,,
Central Data Management Facility,,,318194.0,
,,,,
,,,,
,,,,
,,,,
Purchase of property and equipment,,,403263.0,
,,,,
,,,,
,,,,
,,,,
"Selling, marketing and promotion",,,1194592.0,
,,,,
,,,,
,,,,
,,,,
"Wages, related expenses and benefits",,,1522695.0,
,,,,
,,,,
,,,,
,,,,
Outside consultants,,,449257.0,
,,,,
,,,,
,,,,
,,,,
Inventory,,,1281668.0,
,,,,
,,$,9188414.0,
,,,,
