Unnamed: 0,Unnamed: 1,2000,2000.1,1999,1999.1,1998,1998.1,1997,1997.1,1996,1996.1
,,,,,,,,,,,
Operating Data:,,,,,,,,,,,
Net sales,,"$ 19,419",,"$ 20,593",,"$25,458",,"$24,758",,"$24,534",
Gross profit,,4766,,5794,,7251,,7099,,6761,
Earnings (loss) before income taxes,,(275,),(558,),323,,917,,345,
Net earnings (loss),,(170,),(405,),177,,527,,156,
Earnings Per Share,,,,,,,,,,,
Basic,,,,,,,,,,,
Net earnings (loss) per share,,(.04,),(.09,),.04,,.12,,.04,
Diluted,,,,,,,,,,,
Net earnings (loss) per share,,(.04,),(.09,),.04,,.12,,.03,
Balance Sheet Data:,,,,,,,,,,,
Total assets,,7329,,7110,,8753,,9183,,8050,
Long-term obligations,,38,,38,,,,60,,,
Shareholders equity,,5700,,5801,,6245,,6068,,5541,
