0,1,2,3,4
,,,,
Exhibit,Exhibit,Exhibit,,
Number,Number,Number,,Description
,,,,
,10.22*,,,"Employment agreement between PictureTel Corporation and 	Richard S. Haak, Jr. dated May 14, 1998 (incorporated 	by reference to Exhibit 10.10.1 to Registrants Annual 	Report on Form 10-K for the year ended December 31, 	1998)."
,10.22.1*,,,"Change in Control Agreement by and between PictureTel Corporation  and Richard S. Haak, Jr. dated November 30, 1998 	(incorporated by reference to Exhibit 10.10.1 to 	Registrants Annual Report on Form 10-K for the year 	ended December 31, 1998)."
,10.23*,,,"1999 Equity Plan authorizing 3,000,000 shares of Common Stock to 	be delivered from time to time (incorporated by reference to 	Exhibit 10.23 to Registrants Quarterly Report on 	Form 10-Q for the quarter ended July 4, 1999)."
,10.24*,,,"1999 Foreign Subsidiary Employee Stock Purchase Plan under which 	500,000 shares of Common Stock may be delivered from time to time  (incorporated by reference to Exhibit 10.24 to 	Registrants Quarterly Report on Form 10-Q for the 	quarter ended July 4, 1999)."
,10.25*,,,"Employment agreement between PictureTel Corporation and Robert 	Byrnes dated November 9, 1999 (filed herewith)."
,10.26*,,,"Employment agreement between PictureTel Corporation and Catherine  ORourke dated December 21, 1999 (filed herewith)."
,10.27*,,,"Consultant agreement between PictureTel Corporation and Enzo 	Torresi dated January 5, 1999 (incorporated by reference to 	Exhibit 10.3 to Registrants Quarterly Report on 	Form 10-Q for the quarter ended April 4, 1999)."
,21,,,Subsidiaries of the Company (filed herewith).
,23,,,Consent of PricewaterhouseCoopers LLP (filed herewith).
,27,,,Financial Data Schedule as required by Item 601(c) of 	Regulation S-K (filed herewith).
