0,1,2,3
Name,Age,Positions,Assumed  Present Position
,,,
Robert W. Cardy,64,Chairman and  Chief Executive Officer  Director,July 1992
,,,
G. Walton Cottrell,60,Senior Vice President -  Finance & Chief Financial Officer,January 1993
,,,
Dennis M. Draeger,59,President and Chief  Operating Officer  Director,June 1999
,,,
Robert W. Lodge,57,Vice President -  Human Resources,September  1991
,,,
Michael L. Shor,41,Senior Vice President -  Specialty Alloys Operations,January 2000
,,,
Robert J. Torcolini,49,Senior Vice President -  Engineered Products Operations,January 2000
,,,
John R. Welty,51,"Vice President,  General Counsel & Secretary",January 1993
