0,1,2,3,4,5,6,7,8,9
,,2000,,,1999,,,1998,
,,,,,,,,,
CASH FLOWS FROM OPERATING ACTIVITIES:,,,,,,,,,
Net income,$,1603845,,$,1304570,,$,313771,
Adjustments to reconcile net income to net cash and equivalents provided by operating  activities:,,,,,,,,,
Gain on sale of assets,,"(139,632",),,--,,,--,
Depreciation and amortization,,2037233,,,2095741,,,1583855,
Deferred income taxes,,"(94,799",),,"(1,542,000",),,"(3,000",)
Deferred compensation expense,,323678,,,206567,,,74070,
Decrease (increase) in current assets:,,,,,,,,,
Accounts and notes receivable,,"(3,077,021",),,482292,,,8735,
Revenues earned in excess of billings  and retainages,,96041,,,"(1,197,357",),,49134,
Inventories,,51753,,,"(118,921",),,"(21,278",)
Other current assets,,212757,,,"(84,869",),,58176,
Increase (decrease) in current liabilities:,,,,,,,,,
Accounts payable and accrued liabilities,,"(1,214,267",),,2926339,,,716318,
Billings in excess of revenues earned,,"(250,606",),,1964650,,,"(405,610",)
Billings for future services,,"(544,864",),,1166840,,,1519366,
Restructuring reserve,,"(164,989",),,"(60,892",),,13106,
,,,,,,,,,
Net cash and equivalents provided  by (used for) operating activities,,"(1,160,871",),,7142960,,,3906643,
,,,,,,,,,
CASH FLOWS FROM INVESTING ACTIVITIES:,,,,,,,,,
Proceeds from sale of property and equipment,$,343261,,$,--,,$,--,
Decrease (increase) in long-term receivables,,61672,,,"(402,060",),,81091,
Net additions to property and equipment,,"(2,303,723",),,"(621,731",),,"(542,089",)
Investments in computer software development,,"(728,359",),,"(1,103,956",),,"(1,010,188",)
"Decrease (increase) in other, net assets",,"(223,045",),,"(98,895",),,23734,
"Acquisition of ProVal, net of cash received",,"(1,235,607",),,--,,,--,
Acquisition of CPS,,"(1,800,000",),,--,,,--,
,,,,,,,,,
Net cash and equivalents used  for investing activities,,"(5,885,801",),,"(2,226,642",),,"(1,447,452",)
