0,1,2,3
,1.0,,"1,000 to 15,000 sq.ft. building size range, including insulated, stand-alone commercial warehouses, office buildings, restaurants, and retail goods stores;"
,,,
,2.0,,"Specialty buildings in the 500 to 2,000 sq.ft. size range. This class of buildings includes remote structures for communication equipment maintenance and other backcountry applications; freezer and cooler uses; temperature stability in very-hot, very-cold, and/or high-humidity climatic situations;"
,,,
,3.0,,Housing for Emerging Nations;
,,,
,4.0,,North American housing;
,,,
,5.0,,"Modular buildings, including double and triple-wide and stacked configurations;"
,,,
,6.0,,"Knockdown""/reassemble structures."
